<Version><xmlsource>This XML content was developed by AHRQ's contractor ECRI Institute for the National Guideline Clearinghouse (NGC).</xmlsource><Section SecID="390" OrdBy="100" Name="General"><Field FieldID="161" OrdBy="105" ID="391" Name="Guideline Title" Type="text"><FieldValue Value="&lt;div class=&quot;content_title&quot;&gt;Risk factor clustering and the metabolic syndrome. In: Expert panel on integrated guidelines for cardiovascular health and risk reduction in children and adolescents.&lt;/div&gt;" /></Field><Field FieldID="97" OrdBy="110" ID="392" Name="Bibliographic Source(s)" Type="citation"><FieldValue Value="&lt;table&gt;&lt;tr&gt;&lt;td&gt;Risk factor clustering and the metabolic syndrome. In: Expert panel on integrated guidelines for cardiovascular health and risk reduction in children and adolescents. Bethesda (MD): National Heart, Lung, and Blood Institute; 2011. p. 338-48. [53 references]&lt;/td&gt;&lt;/tr&gt;&lt;/table&gt;" /></Field><Field FieldID="120" OrdBy="115" ID="393" Name="Guideline Status" Type="text"><FieldValue Value="&lt;div class=&quot;content_para&quot;&gt;&lt;p&gt;This is the current release of the guideline.&lt;/p&gt;&lt;/div&gt;" /></Field><Field Name ="UMLS Concepts"><FieldValue Value="ICD9CM: Cardiovascular disease, unspecified  (429.2); Dysmetabolic syndrome X  (277.7); Generalized and unspecified atherosclerosis  (440.9); Loss of weight  (783.21); Obesity, unspecified  (278.00)"/><FieldValue Value="MSH: Adolescent Health Services ; Atherosclerosis ; Cardiovascular Diseases ; Child Health Services ; Life Style ; Metabolic Syndrome X ; Obesity ; Risk Assessment ; Risk Factors ; Risk Reduction Behavior ; Weight Loss ; Weight Reduction Programs "/><FieldValue Value="MTH: Atherosclerosis ; Body Weight decreased ; Cardiovascular Diseases ; Child Health Services ; Life Style ; Metabolic Syndrome X ; Obesity ; Risk Assessment ; risk factors "/><FieldValue Value="PDQ: obesity "/><FieldValue Value="SNOMEDCT_US: Assessment for risk of cardiovascular disease  (441829007); Atherosclerosis  (38716007); Disorder of cardiovascular system  (49601007); Generalized atherosclerosis  (39823006); Life style  (134436002); Life style  (60134006); Metabolic syndrome X  (237602007); Obesity  (414915002); Obesity  (414916001); Risk assessment  (225338004); Risk factor  (80943009); Weight decreased  (161832001); Weight decreased  (262285001); Weight decreased  (89362005)"/></Field></Section><Section SecID="396" OrdBy="300" Name="Scope"><Field FieldID="140" OrdBy="305" ID="397" Name="Disease/Condition(s)" Type="text"><FieldValue Value="&lt;ul style=&quot;list-style-type: disc;&quot;&gt;&#xD;&#xA;    &lt;li&gt;Atherosclerotic cardiovascular disease &lt;/li&gt;&#xD;&#xA;    &lt;li&gt;Cardiovascular health &lt;/li&gt;&#xD;&#xA;    &lt;li&gt;Metabolic syndrome &lt;/li&gt;&#xD;&#xA;&lt;/ul&gt;" /></Field><Field FieldID="103" OrdBy="310" ID="398" Name="Guideline Category" Type="picklist-many"><FieldValue Value="Evaluation" /><FieldValue Value="Management" /><FieldValue Value="Prevention" /><FieldValue Value="Risk Assessment" /><FieldValue Value="Treatment" /></Field><Field FieldID="113" OrdBy="315" ID="399" Name="Clinical Specialty" Type="picklist-many"><FieldValue Value="Cardiology" /><FieldValue Value="Endocrinology" /><FieldValue Value="Family Practice" /><FieldValue Value="Internal Medicine" /><FieldValue Value="Nursing" /><FieldValue Value="Nutrition" /><FieldValue Value="Pediatrics" /><FieldValue Value="Preventive Medicine" /></Field><Field FieldID="114" OrdBy="320" ID="400" Name="Intended Users" Type="picklist-many"><FieldValue Value="Advanced Practice Nurses" /><FieldValue Value="Allied Health Personnel" /><FieldValue Value="Dietitians" /><FieldValue Value="Health Care Providers" /><FieldValue Value="Nurses" /><FieldValue Value="Physician Assistants" /><FieldValue Value="Physicians" /></Field><Field FieldID="129" OrdBy="325" ID="401" Name="Guideline Objective(s)" Type="text"><FieldValue Value="&lt;ul style=&quot;list-style-type: disc;&quot;&gt;&#xD;&#xA;    &lt;li&gt;To provide comprehensive evidence-based guidelines addressing the known risk factors for cardiovascular disease (CVD) &lt;/li&gt;&#xD;&#xA;    &lt;li&gt;To assist all pediatric care providers in both the promotion of cardiovascular (CV) health and the identification and management of specific risk factors from infancy into young adulthood &lt;/li&gt;&#xD;&#xA;    &lt;li&gt;To provide recommendations to pediatric care providers on an approach to the metabolic syndrome in children and adolescents &lt;/li&gt;&#xD;&#xA;&lt;/ul&gt;" /></Field><Field FieldID="132" OrdBy="330" ID="402" Name="Target Population" Type="text"><FieldValue Value="&lt;div class=&quot;content_para&quot;&gt;&lt;p&gt;Children and adolescents at risk for metabolic syndrome&lt;/p&gt;&lt;/div&gt;" /></Field><Field FieldID="133" OrdBy="335" ID="403" Name="Interventions and Practices Considered" Type="text"><FieldValue Value="&lt;ol style=&quot;list-style-type: decimal;&quot; start=&quot;1&quot;&gt;&#xD;&#xA;    &lt;li&gt;Identification of cardiovascular risk factors, especially obesity &lt;/li&gt;&#xD;&#xA;    &lt;li&gt;Initiation of intensive weight reduction if obesity is present &lt;/li&gt;&#xD;&#xA;    &lt;li&gt;Lifestyle modification and other therapy based on specific risk factors &lt;/li&gt;&#xD;&#xA;&lt;/ol&gt;" /></Field><Field FieldID="134" OrdBy="340" ID="404" Name="Major Outcomes Considered" Type="text"><FieldValue Value="&lt;ul style=&quot;list-style-type: disc;&quot;&gt;&#xD;&#xA;    &lt;li&gt;Prevalence of metabolic syndrome in adolescents &lt;/li&gt;&#xD;&#xA;    &lt;li&gt;Childhood association between the risk factor cluster known as the metabolic syndrome and the development of atherosclerosis &lt;/li&gt;&#xD;&#xA;&lt;/ul&gt;" /></Field></Section><Section SecID="405" OrdBy="400" Name="Methodology"><Field FieldID="109" OrdBy="405" ID="406" Name="Methods Used to Collect/Select the Evidence" Type="picklist-many"><FieldValue Value="Hand-searches of Published Literature (Primary Sources)" /><FieldValue Value="Hand-searches of Published Literature (Secondary Sources)" /><FieldValue Value="Searches of Electronic Databases" /></Field><Field FieldID="135" OrdBy="410" ID="407" Name="Description of Methods Used to Collect/Select the Evidence" Type="text"><FieldValue Value="&lt;div class=&quot;content_para&quot;&gt;&lt;p&gt;&lt;strong&gt;Systematic Evidence Review&lt;/strong&gt;&lt;/p&gt;&#xD;&#xA;&lt;p&gt;The foundation of the systematic evidence review performed in support of the guideline development process was a series of critical questions related to cardiovascular disease (CVD) risk and prevention in youth. The questions encompassed defined risk factors, predefined outcome measures for each risk factor, and, most importantly, measures of CVD and target organ damage (TOD). Each of these elements was developed and refined through a review of the existing evidence by the Expert Panel. Additional information on the Critical Questions can be found in Table A-1 in Appendix A of the original guideline document.&lt;/p&gt;&#xD;&#xA;&lt;p&gt;To inform the identification of studies related to the critical questions, the Expert Panel held an inservice training with the contractor staff members who would be involved in overseeing the literature review to initiate the evidence review process. In addition, a series of group training sessions was held with the contractor staff at appropriate points throughout the process to clarify the scope of the review and expectations for supporting the production of high-quality, evidence-based guidelines.&lt;/p&gt;&#xD;&#xA;&lt;p&gt;&lt;strong&gt;Search Parameters&lt;/strong&gt;&lt;/p&gt;&#xD;&#xA;&lt;p&gt;Based on the critical questions, risk factors, and types of CVD TOD of interest, search parameters were developed to identify published studies relevant to pediatric cardiovascular (CV) risk reduction. This process involved determining appropriate databases, dates, terms, and limits for the search, as described below.&lt;/p&gt;&#xD;&#xA;&lt;p&gt;&lt;em&gt;Databases&lt;/em&gt;&lt;/p&gt;&#xD;&#xA;&lt;p&gt;Searches were performed in the following databases:&lt;/p&gt;&#xD;&#xA;&lt;ul style=&quot;list-style-type: disc;&quot;&gt;&#xD;&#xA;    &lt;li&gt;PubMed/MEDLINE &lt;/li&gt;&#xD;&#xA;    &lt;li&gt;Cochrane Database of Systematic Reviews &lt;/li&gt;&#xD;&#xA;    &lt;li&gt;National Guideline Clearinghouse (NGC) &lt;/li&gt;&#xD;&#xA;&lt;/ul&gt;&#xD;&#xA;&lt;p&gt;Searches were first conducted in PubMed/MEDLINE. Only unique studies from subsequent searches in the Cochrane database and NGC were retained for consideration (i.e., those studies that were not already captured in the initial PubMed/MEDLINE search).&lt;/p&gt;&#xD;&#xA;&lt;p&gt;In addition to these databases, a preliminary search of EMBASE was conducted. The great majority of studies identified in this preliminary search were also found in the other databases; therefore, it was determined that proceeding with a complete EMBASE search would not contribute significant additional information to the review.&lt;/p&gt;&#xD;&#xA;&lt;p&gt;The literature search allowed for further input by the Expert Panel to ensure that in-scope studies were not overlooked. Members of the Expert Panel contributed additional relevant studies based on their routine scanning of the literature. A supplementary literature search was also conducted to identify potentially relevant studies authored by members of the Expert Panel. Additional studies identified by these supplementary methods were included only if they met the same criteria for inclusion established for the primary evidence review.&lt;/p&gt;&#xD;&#xA;&lt;p&gt;&lt;em&gt;Search Dates&lt;/em&gt;&lt;/p&gt;&#xD;&#xA;&lt;p&gt;Original searches in PubMed/MEDLINE, Cochrane, and&amp;nbsp;NGC captured studies published between January 1, 1985, and December 31, 2006. Recognizing the timelag inherent in screening a large body of literature and developing evidence tables, the Expert Panel then called for an update of these searches to be conducted for the period between January 1, 2007, and June 30, 2007.&lt;/p&gt;&#xD;&#xA;&lt;p&gt;The Expert Panel established June 30, 2007, as the closing publication date for literature to be entered into the evidence review for these Guidelines. The Expert Panel recognized that, given the scope of these Guidelines and the nature of ongoing research in relevant areas, research findings might appear thereafter with the potential to have a material impact on one or more recommendations in the Guidelines. Therefore, to optimize the currency of the Guidelines, the Expert Panel sought, prospectively, to enable consideration of directly relevant, significant peer-reviewed evidence that might appear after the closing date. During a conference call convened on January 21, 2008, the Expert Panel Science Team established the following criteria to guide the full Expert Panel's consideration of studies published after the closing date:&lt;/p&gt;&#xD;&#xA;&lt;ul style=&quot;list-style-type: disc;&quot;&gt;&#xD;&#xA;    &lt;li&gt;Any peer-reviewed published study identified by a member of the Expert Panel, as part of his or her routine surveillance of the literature, that is directly relevant to the recommendations of the Expert Panel will be considered for inclusion. &lt;/li&gt;&#xD;&#xA;    &lt;li&gt;To be included by the Expert Panel as evidence, the corresponding Risk Factor Team, or the full Expert Panel if applicable at a broader level, must judge that the findings of such recently published studies have the potential for a material impact on the content or strength of the recommendations of the Expert Panel. &lt;/li&gt;&#xD;&#xA;    &lt;li&gt;Such studies must meet the same basic criteria for inclusion established for the primary evidence review. &lt;/li&gt;&#xD;&#xA;    &lt;li&gt;If there is a difference of opinion about inclusion of a study, a final decision will be made by the Expert Panel Chair. &lt;/li&gt;&#xD;&#xA;    &lt;li&gt;Studies that are selected for inclusion will undergo abstraction and full text review by the process established for the primary evidence review. To distinguish it from the body of evidence assembled via the systematic literature search conducted through the closing date of June 30, 2007, the body of evidence from any such more recent studies will be documented separately from the evidence tables comprising data from the original search. &lt;/li&gt;&#xD;&#xA;&lt;/ul&gt;&#xD;&#xA;&lt;p&gt;&lt;em&gt;Search Terms&lt;/em&gt;&lt;/p&gt;&#xD;&#xA;&lt;p&gt;To explore the most appropriate search strategy and examine the sensitivity and specificity of particular search terms, an initial search was done in PubMed/MEDLINE. This search used broad medical subject heading (MeSH) terms and text words for the concepts of pediatric/young adult populations, CVD/TOD, and the risk factors. Terms were combined using the Boolean operators &quot;AND,&quot; &quot;OR,&quot; and &quot;NOT,&quot; which are described briefly in Table A&amp;ndash;3 in Appendix A of the original guideline document.&lt;/p&gt;&#xD;&#xA;&lt;p&gt;The preliminary, broad search of PubMed/MEDLINE identified in excess of 1 million citations, signaling the need to refine the search terms to identify the most relevant ones. In consultation with the Expert Panel, key refinements in the search strategy were made, including (1) the use of major MeSH terms rather than MeSH terms, where appropriate; (2) the use of title and abstract terms rather than text words; (3) a reduction of the number of terms for each concept, leaving only the most central and essential terms; and (4) the application of excluded concepts to the search (in the form of &quot;NOT&quot; terms).&lt;/p&gt;&#xD;&#xA;&lt;p&gt;In the final search strategy, a combination of MeSH terms, major MeSH terms, and title and abstract terms was employed to identify the full range of relevant literature. Search terms were identified to capture studies in the pediatric and young adult target populations (ages 0&amp;ndash;21 years) that also addressed CVD/TOD and/or at least one of the risk factors. Specific search terms are provided in Table A&amp;ndash;9 in Appendix A of the original guideline document.&lt;/p&gt;&#xD;&#xA;&lt;p&gt;&lt;em&gt;Search Limits&lt;/em&gt;&lt;/p&gt;&#xD;&#xA;&lt;p&gt;A set of limits was applied to the search to help refine the results to the most useful types of studies. The first level of basic search limits included:&lt;/p&gt;&#xD;&#xA;&lt;ul style=&quot;list-style-type: disc;&quot;&gt;&#xD;&#xA;    &lt;li&gt;&lt;em&gt;Publication date&lt;/em&gt;: published between January 1, 1985, and June 30, 2007 &lt;/li&gt;&#xD;&#xA;    &lt;li&gt;&lt;em&gt;Language&lt;/em&gt;: English language abstract or full text &lt;/li&gt;&#xD;&#xA;    &lt;li&gt;&lt;em&gt;Publication type&lt;/em&gt;: no editorials, letters, comments, case reports, or non-systematic reviews &lt;/li&gt;&#xD;&#xA;&lt;/ul&gt;&#xD;&#xA;&lt;p&gt;Search terms and field tags used to apply these limits to the search are provided in Table A&amp;ndash;9 in Appendix A of the original guideline document.&lt;/p&gt;&#xD;&#xA;&lt;p&gt;In addition to these basic limits, search terms were used to exclude studies examining certain out-of-scope conditions. For example, during a preliminary review of the literature, many studies were identified that focused on various pediatric conditions such as Kawasaki disease, otitis media, or congenital heart diagnoses. Through consultation with the Expert Panel, search terms were developed for the most commonly observed out-of-scope conditions. Studies containing these terms were prospectively excluded by using the Boolean operator &quot;NOT.&quot;&lt;/p&gt;&#xD;&#xA;&lt;p&gt;&lt;strong&gt;Search Results&lt;/strong&gt;&lt;/p&gt;&#xD;&#xA;&lt;p&gt;&lt;em&gt;Systematic Reviews, Meta-Analyses, Randomized Controlled Trials, and the Guidelines&lt;/em&gt;&lt;/p&gt;&#xD;&#xA;&lt;p&gt;After applying the initial limits and using terms to eliminate out-of-scope concepts, the number of results returned from the original literature searches was still in excess of 60,000 citations. Given the size of these literature results, the Expert Panel determined that part of the review would focus on certain study types that would be most useful to the Expert Panel during Guidelines development: systematic reviews (SRs), meta-analyses (MAs), randomized controlled trials (RCTs), and guidelines. Search terms and field tags identifying study type were used to select these studies in the PubMed/MEDLINE database.&lt;/p&gt;&#xD;&#xA;&lt;p&gt;Secondary studies, such as SRs and MAs, compile results from primary analyses and, in some cases, review of these study types may lessen the need to examine primary evidence on a topic. However, given the breadth of this evidence review, there were no instances in which an SR or MA captured the entire scope of interest of a critical question; therefore, this review depended on RCTs as an important source of primary data on relevant interventions.&lt;/p&gt;&#xD;&#xA;&lt;p&gt;The schematic in Figure A&amp;ndash;1 in Appendix A of the original guideline document presents a simplified, high-level depiction of how the key search concepts were combined to achieve the overall search strategy.&lt;/p&gt;&#xD;&#xA;&lt;p&gt;In childhood, much of the evidence linking risk factors to atherosclerosis comes from epidemiologic studies. Therefore, in addition to including SRs, MAs, RCTs, and guidelines in the review, the Expert Panel determined that it was necessary for the evidence review to include major epidemiologic studies selected by the Expert Panel. These studies represent landmark longitudinal and natural history studies and other sentinel work that have provided important information and insight about atherosclerosis and CV risk in children. The major observational studies that were included are listed in Table A&amp;ndash;4 in Appendix A of the original guideline document.&lt;/p&gt;&#xD;&#xA;&lt;p&gt;A separate targeted search of PubMed/MEDLINE was conducted to identify literature relevant to these major studies related to the risk factors for the inclusive period of the evidence review from January 1, 1985, to June 30, 2007. The observational literature was also updated by the Expert Panel using the same criteria developed for the classic evidence review. Terms used to conduct this search are provided in Table A&amp;ndash;10 in Appendix A of the original guideline document. National Heart, Lung and Blood Institute (NHLBI) staff reviewed the titles and then the abstracts for studies to be included based on the 14 risk factors under review. When a longitudinal study reported results of the same variables at increasing intervals from the beginning of the observational period, the most recent report detailing the longest period of observation was selected for inclusion. Duplicate reports of the same results were excluded. The observational studies to be included in the evidence review were selected by the Expert Panel Risk Factor Teams.&lt;/p&gt;&#xD;&#xA;&lt;p&gt;&lt;strong&gt;Additional References&lt;/strong&gt;&lt;/p&gt;&#xD;&#xA;&lt;p&gt;In an evidence-based review, studies included are generally limited to RCTs, SRs, and MAs. In addition to the epidemiologic studies described above, Expert Panel members also included studies that provided important information for each risk factor, defining the context in which the Guidelines' recommendations were developed. These references are not part of the evidence tables but are identified sequentially throughout the text and will be listed in Appendix B of the original guideline document by section in numeric order, as identified in the text. Of particular importance were studies of genetic conditions impacting CV risk status and natural history studies of specific diseases known to be associated with accelerated atherogenesis.&lt;/p&gt;&#xD;&#xA;&lt;p&gt;&lt;strong&gt;Inclusion and Exclusion Criteria&lt;/strong&gt;&lt;/p&gt;&#xD;&#xA;&lt;p&gt;In preparation for review of the literature, inclusion and exclusion criteria were developed by the Expert Panel. These criteria outlined additional boundaries for the review. Certain criteria were applied only by the Expert Panel, given that judgments regarding the application of these criteria required relevant clinical expertise.&lt;/p&gt;&#xD;&#xA;&lt;p&gt;&lt;em&gt;Inclusion Criteria&lt;/em&gt;&lt;/p&gt;&#xD;&#xA;&lt;ul style=&quot;list-style-type: disc;&quot;&gt;&#xD;&#xA;    &lt;li&gt;Pertained to at least one of the specified risk factors and measured at least one of the predetermined outcomes &lt;/li&gt;&#xD;&#xA;    &lt;li&gt;Related to at least one of the critical questions &lt;/li&gt;&#xD;&#xA;    &lt;li&gt;Focused on the target population (ages 0&amp;ndash;21 years)&#xD;&#xA;    &lt;ul style=&quot;list-style-type: disc;&quot;&gt;&#xD;&#xA;        &lt;li&gt;For longitudinal studies and other studies with extended followup periods, the population was required to be in this age range at initiation, and this subcohort could be identified in subsequent analyses. &lt;/li&gt;&#xD;&#xA;        &lt;li&gt;For the Guidelines, the target population was required to include at least part of this age range. &lt;/li&gt;&#xD;&#xA;    &lt;/ul&gt;&#xD;&#xA;    &lt;/li&gt;&#xD;&#xA;    &lt;li&gt;Conducted in Europe, North America, Australia, New Zealand, Japan, or Israel &lt;/li&gt;&#xD;&#xA;    &lt;li&gt;In 2004, an NHLBI-appointed Task Force published &lt;em&gt;The Fourth Report on the Diagnosis, Evaluation, and Treatment of High Blood Pressure in Children and Adolescents&lt;/em&gt;. This report included a complete review of the current evidence on this subject and detailed recommendations for managing blood pressure (BP) throughout childhood. These recommendations were used as the basic recommendations for BP management for these Guidelines and are considered complete until 2003 when the review for the report ended. The literature review for BP, therefore, was limited to January 1, 2003, through June 30, 2007; selected studies from 2008 identified by the Expert Panel that met all the criteria for inclusion in the evidence review were also included. &lt;/li&gt;&#xD;&#xA;&lt;/ul&gt;&#xD;&#xA;&lt;p&gt;&lt;em&gt;Exclusion Criteria&lt;/em&gt;&lt;/p&gt;&#xD;&#xA;&lt;ul style=&quot;list-style-type: disc;&quot;&gt;&#xD;&#xA;    &lt;li&gt;Any study not meeting the above requirements was excluded from the review. &lt;/li&gt;&#xD;&#xA;    &lt;li&gt;Studies that otherwise met inclusion criteria but that were found, upon examination, to have measured risk factors in only an incidental way or as part of assessing the safety of an intervention were excluded. For example, a study of an asthma medication might measure BP to ensure that there were no adverse effects of the medication. Such studies that measured in-scope outcomes that were not linked to a risk factor condition were excluded from the review. &lt;/li&gt;&#xD;&#xA;    &lt;li&gt;Duplicate reports of findings based on the same original studies were generally excluded. For instances in which a series of studies (typically longitudinal studies or large RCTs) reported results for the same outcome measures over a period of time, the most recent studies and main results of trials were typically retained and older studies were excluded. These determinations were made individually during the review of each study. &lt;/li&gt;&#xD;&#xA;    &lt;li&gt;Studies that did not meet basic internal/external validity standards (e.g., as a result of narrowly defined patient population) were excluded. &lt;/li&gt;&#xD;&#xA;    &lt;li&gt;Studies that addressed the target population, often as part of a broader age range, but did not provide findings specific to patients in the target age range were excluded. &lt;/li&gt;&#xD;&#xA;    &lt;li&gt;Studies were excluded that on closer inspection were found not to be SRs, MAs, RCTs, guidelines, or reports from the selected epidemiologic studies. &lt;/li&gt;&#xD;&#xA;    &lt;li&gt;Studies were excluded that had an insufficient number of patients at followup to draw meaningful conclusions. &lt;/li&gt;&#xD;&#xA;    &lt;li&gt;Studies conducted in patients with diabetes focused on interventions that were related exclusively to glycemic control were excluded. &lt;/li&gt;&#xD;&#xA;    &lt;li&gt;For studies that focused on smoking as a risk factor, those that reported on interventions related to policymaking or merchant behavior were excluded. &lt;/li&gt;&#xD;&#xA;&lt;/ul&gt;&#xD;&#xA;&lt;p&gt;During the review process, inclusion and exclusion criteria were modified to account for topics identified as irrelevant and certain included topics were clarified. Throughout this process, abstractors and the Expert Panel were in close contact to resolve questions regarding the application of inclusion/exclusion criteria to individual studies.&lt;/p&gt;&#xD;&#xA;&lt;p&gt;&lt;strong&gt;Literature Review Process&lt;/strong&gt;&lt;/p&gt;&#xD;&#xA;&lt;p&gt;After completing electronic searches in each database, a total of 11,231 SRs, MAs, RCTs, guidelines, and major observational studies were identified for review. The distribution of search results by database and study type is presented in Table A&amp;ndash;5 in Appendix A of the original guideline document.&lt;/p&gt;&#xD;&#xA;&lt;p&gt;Abstracts and citations for these studies were compiled and organized using Reference Manager.&lt;/p&gt;&#xD;&#xA;&lt;p&gt;Figure A&amp;ndash;2 in Appendix A of the original guideline outlines the phases of the literature review process and the number of studies excluded at each stage. Throughout each review phase the Expert Panel provided guidance regarding the appropriate application of inclusion and exclusion criteria.&lt;/p&gt;&#xD;&#xA;&lt;p&gt;Following the review of titles and abstracts, trained abstractors conducted a full-text review of the studies and excluded additional studies. NHLBI staff also reviewed the full text of these studies and identified additional studies to exclude. Following the full-text review phase, an additional 200 studies were excluded. Citations for studies excluded at the full-text level are provided online, along with the complete evidence tables.&lt;/p&gt;&#xD;&#xA;&lt;p&gt;In addition to a review of the studies captured through the literature search process (i.e., studies published between January 1, 1985, and June 30, 2007), the NHLBI and the Expert Panel identified an additional 29 relevant studies that were published after June 30, 2007, for inclusion in the review.&lt;/p&gt;&lt;/div&gt;" /></Field><Field FieldID="136" OrdBy="415" ID="408" Name="Number of Source Documents" Type="text"><FieldValue Value="&lt;div class=&quot;content_para&quot;&gt;&lt;p&gt;At the end of the review process, a total of 664 studies were included&#xA;for review&amp;mdash;including 51 systematic reviews, 34 meta-analyses, 304&#xA;randomized controlled trials, 84 guidelines, and 191 observational&#xA;studies.&lt;/p&gt;&lt;/div&gt;" /></Field><Field FieldID="115" OrdBy="420" ID="409" Name="Methods Used to Assess the Quality and Strength of the Evidence" Type="picklist-choice"><FieldValue Value="Weighting According to a Rating Scheme (Scheme Given)" /></Field><Field FieldID="149" OrdBy="425" ID="410" Name="Rating Scheme for the Strength of the Evidence" Type="text"><FieldValue Value="&lt;div class=&quot;content_para&quot;&gt;&lt;p&gt;&lt;strong&gt;Evidence Quality for Grades of Evidence&lt;/strong&gt;&lt;/p&gt;&#xD;&#xA;&lt;table border=&quot;1&quot; cellspacing=&quot;1&quot; cellpadding=&quot;3&quot; summary=&quot;Table: Evidence Quality for Grades of Evidence&quot;&gt;&#xD;&#xA;    &lt;thead&gt;&#xD;&#xA;        &lt;tr&gt;&#xD;&#xA;            &lt;th valign=&quot;top&quot;&gt;Grade&lt;/th&gt;&#xD;&#xA;            &lt;th valign=&quot;top&quot;&gt;Evidence&lt;/th&gt;&#xD;&#xA;        &lt;/tr&gt;&#xD;&#xA;    &lt;/thead&gt;&#xD;&#xA;    &lt;tbody&gt;&#xD;&#xA;        &lt;tr&gt;&#xD;&#xA;            &lt;th class=&quot;Center&quot; valign=&quot;top&quot;&gt;A&lt;/th&gt;&#xD;&#xA;            &lt;td valign=&quot;top&quot;&gt;Well-designed randomized controlled trials or diagnostic studies performed on a population similar to the Guidelines' target population&lt;/td&gt;&#xD;&#xA;        &lt;/tr&gt;&#xD;&#xA;        &lt;tr&gt;&#xD;&#xA;            &lt;th class=&quot;Center&quot; valign=&quot;top&quot;&gt;B&lt;/th&gt;&#xD;&#xA;            &lt;td valign=&quot;top&quot;&gt;Randomized controlled trials or diagnostic studies with minor limitations; genetic natural history studies; overwhelmingly consistent evidence from observational studies&lt;/td&gt;&#xD;&#xA;        &lt;/tr&gt;&#xD;&#xA;        &lt;tr&gt;&#xD;&#xA;            &lt;th class=&quot;Center&quot; valign=&quot;top&quot;&gt;C&lt;/th&gt;&#xD;&#xA;            &lt;td valign=&quot;top&quot;&gt;Observational studies (case-control and cohort design)&lt;/td&gt;&#xD;&#xA;        &lt;/tr&gt;&#xD;&#xA;        &lt;tr&gt;&#xD;&#xA;            &lt;th class=&quot;Center&quot; valign=&quot;top&quot;&gt;D&lt;/th&gt;&#xD;&#xA;            &lt;td valign=&quot;top&quot;&gt;Expert opinion, case reports, or reasoning from first principles (bench research or animal studies&lt;/td&gt;&#xD;&#xA;        &lt;/tr&gt;&#xD;&#xA;    &lt;/tbody&gt;&#xD;&#xA;&lt;/table&gt;&lt;/div&gt;" /></Field><Field FieldID="116" OrdBy="430" ID="411" Name="Methods Used to Analyze the Evidence" Type="picklist-many"><FieldValue Value="Review of Published Meta-Analyses" /><FieldValue Value="Systematic Review with Evidence Tables" /></Field><Field FieldID="150" OrdBy="435" ID="412" Name="Description of the Methods Used to Analyze the Evidence" Type="text"><FieldValue Value="&lt;div class=&quot;content_para&quot;&gt;&lt;p&gt;&lt;strong&gt;Data Collection and Quality Control&lt;/strong&gt;&lt;/p&gt;&#xD;&#xA;&lt;p&gt;&lt;em&gt;Systematic Reviews, Meta-Analyses, Randomized Controlled Trials, and Guidelines&lt;/em&gt;&lt;/p&gt;&#xD;&#xA;&lt;p&gt;To capture information from in-scope studies, Excel tables were developed and used for data abstraction of each study type (i.e., systematic review [SR], meta-analysis [MA], randomized controlled trial [RCT]). Through discussion the Expert Panel, the types of information collected and the format of the tables were refined. Data collected in the abstraction tables included basic information about the study (e.g., year of publication), objective, patient population, intervention and comparator/control (if applicable), outcomes measured, and results. Data abstracted varied by study type. A complete list of data fields and definitions for these fields is provided through the National Heart, Lung and Blood Institute (NHLBI) Web site.&lt;/p&gt;&#xD;&#xA;&lt;p&gt;To complete the data abstraction tables, trained abstractors reviewed full-text versions of each in-scope study. Two reviewers examined each full-text study; the first reviewer abstracted the appropriate data from each study, while the second reviewer concentrated on ensuring the accuracy and quality of data entered by the first reviewer as part of a thorough quality control process. For RCTs, contractor staff abstracted information for specific columns, including basic information about the study, objective, patient population, intervention and comparator/control (if applicable), and outcomes measured. For SRs and MAs, the contractor staff abstracted information for all columns. For observational studies, contractor staff abstracted the basic informational data, but full-text review and data entry were performed by NHLBI staff.&lt;/p&gt;&#xD;&#xA;&lt;p&gt;After data abstraction by the contractor, the data abstraction tables were submitted to the NHLBI and the Expert Panel for review and/or completion of abstraction. For all study types, Expert Panel members were responsible for verifying data entered by the contractor. For RCTs, Expert Panel members and NHLBI staff selected the outcome variables to be abstracted and entered the results in the evidence tables, as well as recorded study results and conclusions. To facilitate this process, studies were forwarded to the relevant subcommittee within the Expert Panel, according to the primary risk factor of focus. For example, a study that examined the use of an intervention to improve cholesterol levels would have been forwarded to the subcommittee on lipids. Study reviews were rotated to ensure that each was reviewed by two subcommittee members. Subcommittee members completed abstraction of established columns and, in several cases, requested the addition of extra columns in the evidence tables to capture more specific information pertaining to the risk factor of interest. When Expert Panel members were not in agreement regarding such matters as study relevance or abstraction of specific data, these matters were brought to the Expert Panel Chair for resolution.&lt;/p&gt;&#xD;&#xA;&lt;p&gt;In addition to basic information about study design and results, aspects of study quality were considered by the Expert Panel during data abstraction. A customized quality grading system was developed to support the Expert Panel's interpretation of individual studies, particularly with regard to methodology and study design considerations. This novel grading system, the development of which drew largely from several existing grading schemes, was incorporated into the electronic data abstraction tables. The system used an algorithm that generated a quality grade for individual RCTs, according to the criteria outlined in Tables 11 and 12 in Appendix A of the original guideline document. SRs, MAs, and observational studies did not receive an individual quality grade.&lt;/p&gt;&#xD;&#xA;&lt;p&gt;After completion of data abstraction, evidence tables displaying key study information were developed from the data abstraction tables using Excel for use by the Expert Panel. These standard evidence tables were then sorted in a customized way for each subcommittee, so as to best support the Guidelines development process. Final evidence tables for all included SRs, MAs, RCTs, and observational studies are provided online at &lt;a href=&quot;http://www.nhlbi.nih.gov/guidelines/cvd_ped/index.htm&quot; title=&quot;NHLBI Web site&quot; target=&quot;_blank&quot;&gt;http://www.nhlbi.nih.gov/guidelines/cvd_ped/index.htm&lt;/a&gt;.&lt;/p&gt;&#xD;&#xA;&lt;p&gt;Although reports of guidelines were captured as part of the literature search, they were not incorporated into evidence tables. Instead, the guidelines were reviewed for relevance, and those that were in scope were categorized according to the risk factor(s) addressed. A list of the in-scope guidelines was made available to Expert Panel members for their reference; full-text versions were made available as needed. Citations for in-scope guidelines, by risk factor, are also provided online.&lt;/p&gt;&#xD;&#xA;&lt;p&gt;&lt;em&gt;Major Observational Studies&lt;/em&gt;&lt;/p&gt;&#xD;&#xA;&lt;p&gt;Excel tables were also developed for the epidemiologic observational studies, with basic information about each study entered into tables by skilled abstractors from contractor staff. Full-text review and abstraction of each study were performed by NHLBI staff, including identification of outcome variables and review of results and conclusions. These tables were then reviewed by Expert Panel members, who selected 191 studies as relevant to the evidence review. The tables were primarily categorized by risk factor and then sorted using the terms developed by the relevant Risk Factor Teams for inclusion in the review. Expert Panel members added additional relevant reports from any of these observational studies that appeared after conclusion of the formal review. The evidence tables for the observational studies are also included on the NHLBI Web site.&lt;/p&gt;&lt;/div&gt;" /></Field><Field FieldID="112" OrdBy="440" ID="413" Name="Methods Used to Formulate the Recommendations" Type="picklist-choice"><FieldValue Value="Expert Consensus" /></Field><Field FieldID="145" OrdBy="445" ID="414" Name="Description of Methods Used to Formulate the Recommendations" Type="text"><FieldValue Value="&lt;div class=&quot;content_para&quot;&gt;&lt;p&gt;&lt;strong&gt;Expert Panel and Subcommittee Discussion&lt;/strong&gt;&lt;/p&gt;&#xD;&#xA;&lt;p&gt;Following establishment of the Expert Panel, in-person meetings were held in October 2006, February 2007, June 2008, and October 2008. These meetings enabled Expert Panel members to discuss key elements of the systematic evidence review, consider the approach and scope of the Guidelines, and review and refine the Guidelines' recommendations.&lt;/p&gt;&#xD;&#xA;&lt;p&gt;To facilitate discussion of the evidence related to particular risk factors, multiple subcommittee conference calls were held from February to December 2008, along with a continuous electronic correspondence. Across the seven subcommittees, more than 500 conference calls were completed. During these calls, subcommittee members established processes for developing and finalizing the Guidelines' recommendations for each risk factor and progressively shaped the final recommendations in the Guidelines. A SharePoint Web site was created to enable subcommittee members to share draft recommendations.&lt;/p&gt;&#xD;&#xA;&lt;p&gt;&lt;strong&gt;Established Parameters for Guidelines Recommendation Development&lt;/strong&gt;&lt;/p&gt;&#xD;&#xA;&lt;p&gt;The Expert Panel adopted an evidence grading system from the American Academy of Pediatrics (AAP) to assess the quality of the body of evidence as a whole and the evidence in support of particular statements. The grading system is shown in the &quot;Rating Scheme for the Strength of the Evidence&quot; field; it was modified by the addition of genetic natural history studies to the grade B evidence category; an example of a genetic natural history study is the development of atherosclerosis in a child with homozygous familial hypercholesterolemia who has severely elevated cholesterol levels from birth. Studies of such genetic conditions are believed to represent a natural intervention and to function as surrogates for a specific lifelong risk exposure. Genetic variation shares features with random assignment in clinical trials in that the variation occurs by chance within a society and the presence of the genetic variation does not alter exposure to environmental or other factors. Drawing from the same AAP system, the &quot;Rating Scheme for the Strength of the Recommendations&quot; field depicts the Guidelines&amp;rsquo; definitions for evidence-based statements.&lt;/p&gt;&#xD;&#xA;&lt;p&gt;The Expert Panel also developed a definition of consensus to guide decision making regarding Guidelines recommendations within the subcommittees and among the full Expert Panel. The final definition included the following elements:&lt;/p&gt;&#xD;&#xA;&lt;ul style=&quot;list-style-type: disc;&quot;&gt;&#xD;&#xA;    &lt;li&gt;Committee deliberations regarding a given recommendation generally reflected deference to the expert risk factor subcommittee that was originally charged with critically appraising the evidence and drafting the recommendation. &lt;/li&gt;&#xD;&#xA;    &lt;li&gt;Voting was &quot;in support of&quot; or &quot;opposed to&quot; a recommendation. &lt;/li&gt;&#xD;&#xA;    &lt;li&gt;Agreement by at least 80 percent (or 11 of 14 members) of the Expert Panel constituted a strong consensus. A recommendation with this level of agreement is presented in the Guidelines as a consensus of the Expert Panel. However, discussion of the issues in the Guidelines document may address areas of difference. &lt;/li&gt;&#xD;&#xA;    &lt;li&gt;A proposed recommendation that was supported by less than 60 percent (or less than 8 of 14 members) of the Expert Panel was not included in the Guidelines. However, review of the subject could be included in the discussion for that risk factor area. &lt;/li&gt;&#xD;&#xA;    &lt;li&gt;Agreement by 60&amp;ndash;80 percent (9 or 10 of 14 members) of the Expert Panel constituted a moderate consensus in support of the recommendation. A recommendation with this level of agreement was presented with that language in the Guidelines and accompanied by discussion of the conflicting issues. In developing the discussion in support of a recommendation, the actual vote of the Expert Panel was considered. &lt;/li&gt;&#xD;&#xA;&lt;/ul&gt;&#xD;&#xA;&lt;p&gt;In considering the various pediatric age groups covered by the Guidelines' recommendations, the Expert Panel agreed to formulate the Guidelines' recommendations according to the chronological timetable used by the AAP &lt;em&gt;Bright Futures&lt;/em&gt; program:&lt;/p&gt;&#xD;&#xA;&lt;ul style=&quot;list-style-type: disc;&quot;&gt;&#xD;&#xA;    &lt;li&gt;Preconception/prenatal &lt;/li&gt;&#xD;&#xA;    &lt;li&gt;0&amp;ndash;12 months &lt;/li&gt;&#xD;&#xA;    &lt;li&gt;1&amp;ndash;4 years &lt;/li&gt;&#xD;&#xA;    &lt;li&gt;5&amp;ndash;10 years &lt;/li&gt;&#xD;&#xA;    &lt;li&gt;11&amp;ndash;17 years &lt;/li&gt;&#xD;&#xA;    &lt;li&gt;18&amp;ndash;21 years &lt;/li&gt;&#xD;&#xA;&lt;/ul&gt;&#xD;&#xA;&lt;p&gt;Studies were not always specific to an age group, and the Expert Panel used judgment in determining how those studies informed age-specific recommendations.&lt;/p&gt;&#xD;&#xA;&lt;p&gt;&lt;strong&gt;Completion of the Guidelines&lt;/strong&gt;&lt;/p&gt;&#xD;&#xA;&lt;p&gt;At the final full Expert Panel meeting in October 2008, the Expert Panel reviewed each recommendation proposed by each subcommittee in detail. According to the established definition of consensus, the Expert Panel agreed on a complete set of recommendations and supporting text in the draft Guidelines report.&lt;/p&gt;&lt;/div&gt;" /></Field><Field FieldID="146" OrdBy="450" ID="415" Name="Rating Scheme for the Strength of the Recommendations" Type="text"><FieldValue Value="&lt;div class=&quot;content_para&quot;&gt;&lt;p&gt;&lt;strong&gt;Guidelines' Definitions for Evidence-Based Statements&lt;/strong&gt;&lt;/p&gt;&#xD;&#xA;&lt;table width=&quot;75%&quot; border=&quot;1&quot; cellspacing=&quot;1&quot; cellpadding=&quot;3&quot; summary=&quot;Table: Guidelines' Definitions for Evidence-Based Statements&quot;&gt;&#xD;&#xA;    &lt;thead&gt;&#xD;&#xA;        &lt;tr&gt;&#xD;&#xA;            &lt;th valign=&quot;top&quot;&gt;Statement Type&lt;/th&gt;&#xD;&#xA;            &lt;th valign=&quot;top&quot;&gt;Definition&lt;/th&gt;&#xD;&#xA;            &lt;th valign=&quot;top&quot;&gt;Implication&lt;/th&gt;&#xD;&#xA;        &lt;/tr&gt;&#xD;&#xA;    &lt;/thead&gt;&#xD;&#xA;    &lt;tbody&gt;&#xD;&#xA;        &lt;tr&gt;&#xD;&#xA;            &lt;th valign=&quot;top&quot;&gt;Strong recommendation&lt;/th&gt;&#xD;&#xA;            &lt;td valign=&quot;top&quot;&gt;The Expert Panel believes that the benefits of the recommended approach clearly exceed the harms and that the quality of the supporting evidence is excellent (Grade A or B). In some clearly defined circumstances, strong recommendations may be made on the basis of lesser evidence (Grade C or D) when high-quality evidence is impossible to obtain and the anticipated benefits clearly outweigh the harms.&lt;/td&gt;&#xD;&#xA;            &lt;td valign=&quot;top&quot;&gt;Clinicians should follow a strong recommendation unless a clear and compelling rationale for an alternative approach is present.&lt;/td&gt;&#xD;&#xA;        &lt;/tr&gt;&#xD;&#xA;        &lt;tr&gt;&#xD;&#xA;            &lt;th valign=&quot;top&quot;&gt;Recommendation&lt;/th&gt;&#xD;&#xA;            &lt;td valign=&quot;top&quot;&gt;The Expert Panel believes that the benefits exceed the harms but the quality of the evidence is not as strong (Grade B or C). In some clearly defined circumstances, strong recommendations may be made on the basis of lesser evidence (Grade D) when high-quality evidence is impossible to obtain and the anticipated benefits clearly outweigh the harms.&lt;/td&gt;&#xD;&#xA;            &lt;td valign=&quot;top&quot;&gt;Clinicians should generally follow a recommendation but remain alert to new information and sensitive to patient preferences.&lt;/td&gt;&#xD;&#xA;        &lt;/tr&gt;&#xD;&#xA;        &lt;tr&gt;&#xD;&#xA;            &lt;th valign=&quot;top&quot;&gt;Optional&lt;/th&gt;&#xD;&#xA;            &lt;td valign=&quot;top&quot;&gt;Either the quality of the evidence that exists is suspect (Grade D) or well-performed studies (Grade A, B, or C) show little clear advantage to one approach versus another.&lt;/td&gt;&#xD;&#xA;            &lt;td valign=&quot;top&quot;&gt;Clinicians should be flexible in their decision-making regarding appropriate practice, although they may set boundaries on alternatives; patient and family preferences should have a substantial influencing role.&lt;/td&gt;&#xD;&#xA;        &lt;/tr&gt;&#xD;&#xA;        &lt;tr&gt;&#xD;&#xA;            &lt;th valign=&quot;top&quot;&gt;No recommendation&lt;/th&gt;&#xD;&#xA;            &lt;td valign=&quot;top&quot;&gt;There is both a lack of pertinent evidence (Grade D) and an unclear balance between benefits and harms.&lt;/td&gt;&#xD;&#xA;            &lt;td valign=&quot;top&quot;&gt;Clinicians should not be constrained in their decision-making and should be alert to new published evidence that clarifies the balance of benefit versus harm; patient and family preferences should have a substantial influencing role.&lt;/td&gt;&#xD;&#xA;        &lt;/tr&gt;&#xD;&#xA;    &lt;/tbody&gt;&#xD;&#xA;&lt;/table&gt;&lt;/div&gt;" /></Field><Field FieldID="148" OrdBy="460" ID="417" Name="Cost Analysis" Type="text"><FieldValue Value="&lt;div class=&quot;content_para&quot;&gt;&lt;p&gt;A formal cost analysis was not performed and published cost analyses were not reviewed.&lt;/p&gt;&lt;/div&gt;" /></Field><Field FieldID="104" OrdBy="465" ID="418" Name="Method of Guideline Validation" Type="picklist-choice"><FieldValue Value="External Peer Review" /><FieldValue Value="Internal Peer Review" /></Field><Field FieldID="130" OrdBy="470" ID="419" Name="Description of Method of Guideline Validation" Type="text"><FieldValue Value="&lt;div class=&quot;content_para&quot;&gt;&lt;p&gt;In April 2009, a draft version of the Guidelines was circulated to other National Institutes of Health (NIH) Agencies and multiple professional organizations for review and comment. The draft version was also posted on the National Heart, Lung and Blood Institute (NHLBI) Web site for public comment for a 30-day period from June 19 to July 20, 2009. In total, the Expert Panel considered more than 1,000 comments from more than 50 reviewers, and individual responses were developed for more than 1,000 comments. The draft version of the Guidelines also underwent a separate review by the NHLBI and the U. S. Department of Health and Human Services (HHS). After considering all comments, consistent with Federal requirements, the Expert Panel made appropriate revisions to the draft report. The summary report was published in final form November 11, 2011.&lt;/p&gt;&lt;/div&gt;" /></Field></Section><Section SecID="420" OrdBy="500" Name="Recommendations"><Field FieldID="151" OrdBy="505" ID="421" Name="Major Recommendations" Type="text"><FieldValue Value="&lt;div class=&quot;content_para&quot;&gt;&lt;p&gt;Definitions of the levels of the evidence (A, B, C, D) and strength of recommendations are presented at the end of the &quot;Major Recommendations&quot; field.&lt;/p&gt;&#xD;&#xA;&lt;p&gt;&lt;em&gt;&lt;strong&gt;Note from the National Heart, Lung and Blood Institute (NHLBI) and the National Guideline Clearinghouse (NGC)&lt;/strong&gt;&lt;/em&gt;: Expert Panel on Integrated Guidelines for Cardiovascular Health and Risk Reduction in Children and Adolescents has been divided into individual summaries covering the major cardiovascular risk factors. In addition to the current summary, the following are available:&lt;/p&gt;&#xD;&#xA;&lt;ul style=&quot;list-style-type: disc;&quot;&gt;&#xD;&#xA;    &lt;li&gt;&lt;a href=&quot;/content.aspx?id=35578&quot; title=&quot;Guideline #8943&quot;&gt;Family history of early atherosclerotic cardiovascular disease&lt;/a&gt; &lt;/li&gt;&#xD;&#xA;    &lt;li&gt;&lt;a href=&quot;/content.aspx?id=35579&quot; title=&quot;Guideline #8944&quot;&gt;Nutrition and diet&lt;/a&gt; &lt;/li&gt;&#xD;&#xA;    &lt;li&gt;&lt;a href=&quot;/content.aspx?id=35580&quot; title=&quot;Guideline #8945&quot;&gt;Physical activity&lt;/a&gt; &lt;/li&gt;&#xD;&#xA;    &lt;li&gt;&lt;a href=&quot;/content.aspx?id=35581&quot; title=&quot;Guideline #8946&quot;&gt;Tobacco exposure&lt;/a&gt; &lt;/li&gt;&#xD;&#xA;    &lt;li&gt;&lt;a href=&quot;/content.aspx?id=35582&quot; title=&quot;Guideline #8947&quot;&gt;High blood pressure&lt;/a&gt; &lt;/li&gt;&#xD;&#xA;    &lt;li&gt;&lt;a href=&quot;/content.aspx?id=35583&quot; title=&quot;Guideline #8948&quot;&gt;Lipids and lipoproteins&lt;/a&gt; &lt;/li&gt;&#xD;&#xA;    &lt;li&gt;&lt;a href=&quot;/content.aspx?id=35584&quot; title=&quot;Guideline #8949&quot;&gt;Overweight and obesity&lt;/a&gt; &lt;/li&gt;&#xD;&#xA;    &lt;li&gt;&lt;a href=&quot;/content.aspx?id=35585&quot; title=&quot;Guideline #8950&quot;&gt;Diabetes mellitus and other conditions predisposing to the development of accelerated atherosclerosis&lt;/a&gt; &lt;/li&gt;&#xD;&#xA;    &lt;li&gt;&lt;a href=&quot;/content.aspx?id=35587&quot; title=&quot;Guideline #8952&quot;&gt;Perinatal factors&lt;/a&gt; &lt;/li&gt;&#xD;&#xA;&lt;/ul&gt;&#xD;&#xA;&lt;p&gt;&lt;strong&gt;Recommendations for Management of Risk Factor Clustering and the Metabolic Syndrome&lt;/strong&gt;&lt;/p&gt;&#xD;&#xA;&lt;p&gt;The metabolic syndrome concept is important because it identifies a common multiple cardiovascular (CV) risk phenotype in pediatrics. However, the absence of a defined etiology, lack of consensus on definition, and paucity of high-level evidence addressing management in childhood led the Expert Panel to conclude that the metabolic syndrome should not be considered as a separate risk factor in childhood and adolescence. Prevention of the development of obesity is the most important strategy to lower the prevalence of metabolic syndrome in adults, and this appears strongly applicable in childhood. Given the strong relationship of obesity and physical inactivity to the metabolic syndrome and insulin resistance, the Expert Panel makes the following recommendations. Due to the paucity of evidence available, the recommendations are a consensus of the Expert Panel (&lt;strong&gt;Grade D&lt;/strong&gt;).&lt;/p&gt;&#xD;&#xA;&lt;ul style=&quot;list-style-type: disc;&quot;&gt;&#xD;&#xA;    &lt;li&gt;Presence of any combination of multiple risk factors should prompt intensification of therapy, with an emphasis on lifestyle modification, which may improve individual metabolic syndrome risk factor levels. &lt;/li&gt;&#xD;&#xA;    &lt;li&gt;Presence of obesity should prompt specific evaluation of all other CV risk factors, including family history of premature cardiovascular disease (CVD) (see the NGC summary &lt;a href=&quot;/content.aspx?id=35578&quot; title=&quot;Guideline #8943&quot;&gt;Family History of Early Atherosclerotic Cardiovascular Disease&lt;/a&gt;), high blood pressure (BP) (see the NGC summary &lt;a href=&quot;/content.aspx?id=35582&quot; title=&quot;Guideline #8947&quot;&gt;High Blood Pressure&lt;/a&gt;), dyslipidemia (see the NGC summary of &lt;a href=&quot;/content.aspx?id=35583&quot; title=&quot;Guideline #8948&quot;&gt;Lipids and Lipoproteins&lt;/a&gt;), diabetes (see the NGC summary of &lt;a href=&quot;/content.aspx?id=35585&quot; title=&quot;Guideline #8950&quot;&gt;Diabetes mellitus and Other Conditions Predisposing to the Development of Accelerated Atherosclerosis&lt;/a&gt;), and tobacco exposure (see the NGC summary of &lt;a href=&quot;/content.aspx?id=35581&quot; title=&quot;Guideline #8946&quot;&gt;Tobacco Exposure&lt;/a&gt;). &lt;/li&gt;&#xD;&#xA;    &lt;li&gt;Coexistence of obesity with any other major CV risk factor should be recognized by clinicians as a setting in which:&#xD;&#xA;    &lt;ul style=&quot;list-style-type: disc;&quot;&gt;&#xD;&#xA;        &lt;li&gt;Intensive weight reduction should be initiated per the recommendations in the NGC summary of &lt;a href=&quot;/content.aspx?id=35584&quot; title=&quot;Guideline #8949&quot;&gt;Overweight and Obesity&lt;/a&gt;, along with specific risk factor management, including pharmacologic therapy, as needed, per the risk factor-specific sections in these Guidelines (see the NGC summaries &lt;a href=&quot;/content.aspx?id=35582&quot; title=&quot;Guideline #8947&quot;&gt;High Blood Pressure&lt;/a&gt;, &lt;a href=&quot;/content.aspx?id=35583&quot; title=&quot;Guideline #8948&quot;&gt;Lipids and Lipoproteins&lt;/a&gt;, &lt;a href=&quot;/content.aspx?id=35585&quot; title=&quot;Guideline #8950&quot;&gt;Diabetes Mellitus and Other Conditions Predisposing to the Development of Accelerated Atherosclerosis&lt;/a&gt;, &lt;a href=&quot;/content.aspx?id=35581&quot; title=&quot;Guideline #8946&quot;&gt;Tobacco Exposure&lt;/a&gt;). &lt;/li&gt;&#xD;&#xA;        &lt;li&gt;Prompt evaluation for diabetes mellitus, liver function abnormalities, left ventricular hypertrophy, and sleep apnea should be undertaken. &lt;/li&gt;&#xD;&#xA;    &lt;/ul&gt;&#xD;&#xA;    &lt;/li&gt;&#xD;&#xA;&lt;/ul&gt;&#xD;&#xA;&lt;p&gt;These recommendations are supported by knowledge that CV morbidity has a continuous relationship across the risk distribution spectrum and that youths with multiple borderline risk factors may, in fact, have risk equivalent to an individual with extreme abnormality of a single major risk factor. A patient's presentation like this should lead to intense nutrition and exercise management with close followup, and if lifestyle intervention is unsuccessful, consideration should be given to referral to an endocrine specialist. Table 12&amp;ndash;1 in the original guideline document provides definitions for levels of metabolic syndrome-associated variables which, when combined, represent significantly increased CV risk.&lt;/p&gt;&#xD;&#xA;&lt;p&gt;&lt;strong&gt;&lt;span style=&quot;text-decoration: underline;&quot;&gt;Definitions&lt;/span&gt;&lt;/strong&gt;:&lt;/p&gt;&#xD;&#xA;&lt;p&gt;&lt;strong&gt;Evidence Quality for Grades of Evidence&lt;/strong&gt;&lt;/p&gt;&#xD;&#xA;&lt;table border=&quot;1&quot; cellspacing=&quot;1&quot; cellpadding=&quot;3&quot; summary=&quot;Table: Evidence Quality for Grades of Evidence&quot;&gt;&#xD;&#xA;    &lt;thead&gt;&#xD;&#xA;        &lt;tr&gt;&#xD;&#xA;            &lt;th valign=&quot;top&quot;&gt;Grade&lt;/th&gt;&#xD;&#xA;            &lt;th valign=&quot;top&quot;&gt;Evidence&lt;/th&gt;&#xD;&#xA;        &lt;/tr&gt;&#xD;&#xA;    &lt;/thead&gt;&#xD;&#xA;    &lt;tbody&gt;&#xD;&#xA;        &lt;tr&gt;&#xD;&#xA;            &lt;th class=&quot;Center&quot; valign=&quot;top&quot;&gt;A&lt;/th&gt;&#xD;&#xA;            &lt;td valign=&quot;top&quot;&gt;Well-designed randomized controlled trials or diagnostic studies performed on a population similar to the Guidelines' target population&lt;/td&gt;&#xD;&#xA;        &lt;/tr&gt;&#xD;&#xA;        &lt;tr&gt;&#xD;&#xA;            &lt;th class=&quot;Center&quot; valign=&quot;top&quot;&gt;B&lt;/th&gt;&#xD;&#xA;            &lt;td valign=&quot;top&quot;&gt;Randomized controlled trials or diagnostic studies with minor limitations; genetic natural history studies; overwhelmingly consistent evidence from observational studies&lt;/td&gt;&#xD;&#xA;        &lt;/tr&gt;&#xD;&#xA;        &lt;tr&gt;&#xD;&#xA;            &lt;th class=&quot;Center&quot; valign=&quot;top&quot;&gt;C&lt;/th&gt;&#xD;&#xA;            &lt;td valign=&quot;top&quot;&gt;Observational studies (case-control and cohort design)&lt;/td&gt;&#xD;&#xA;        &lt;/tr&gt;&#xD;&#xA;        &lt;tr&gt;&#xD;&#xA;            &lt;th class=&quot;Center&quot; valign=&quot;top&quot;&gt;D&lt;/th&gt;&#xD;&#xA;            &lt;td valign=&quot;top&quot;&gt;Expert opinion, case reports, or reasoning from first principles (bench research or animal studies&lt;/td&gt;&#xD;&#xA;        &lt;/tr&gt;&#xD;&#xA;    &lt;/tbody&gt;&#xD;&#xA;&lt;/table&gt;&#xD;&#xA;&lt;p&gt;&lt;strong&gt;Guidelines' Definitions for Evidence-Based Statements&lt;/strong&gt;&lt;/p&gt;&#xD;&#xA;&lt;table width=&quot;75%&quot; border=&quot;1&quot; cellspacing=&quot;1&quot; cellpadding=&quot;3&quot; summary=&quot;Table: Guidelines' Definitions for Evidence-Based Statements&quot;&gt;&#xD;&#xA;    &lt;thead&gt;&#xD;&#xA;        &lt;tr&gt;&#xD;&#xA;            &lt;th valign=&quot;top&quot;&gt;Statement Type&lt;/th&gt;&#xD;&#xA;            &lt;th valign=&quot;top&quot;&gt;Definition&lt;/th&gt;&#xD;&#xA;            &lt;th valign=&quot;top&quot;&gt;Implication&lt;/th&gt;&#xD;&#xA;        &lt;/tr&gt;&#xD;&#xA;    &lt;/thead&gt;&#xD;&#xA;    &lt;tbody&gt;&#xD;&#xA;        &lt;tr&gt;&#xD;&#xA;            &lt;th valign=&quot;top&quot;&gt;Strong recommendation&lt;/th&gt;&#xD;&#xA;            &lt;td valign=&quot;top&quot;&gt;The Expert Panel believes that the benefits of the recommended approach clearly exceed the harms and that the quality of the supporting evidence is excellent (Grade A or B). In some clearly defined circumstances, strong recommendations may be made on the basis of lesser evidence (Grade C or D) when high-quality evidence is impossible to obtain and the anticipated benefits clearly outweigh the harms.&lt;/td&gt;&#xD;&#xA;            &lt;td valign=&quot;top&quot;&gt;Clinicians should follow a strong recommendation unless a clear and compelling rationale for an alternative approach is present.&lt;/td&gt;&#xD;&#xA;        &lt;/tr&gt;&#xD;&#xA;        &lt;tr&gt;&#xD;&#xA;            &lt;th valign=&quot;top&quot;&gt;Recommendation&lt;/th&gt;&#xD;&#xA;            &lt;td valign=&quot;top&quot;&gt;The Expert Panel believes that the benefits exceed the harms but the quality of the evidence is not as strong (Grade B or C). In some clearly defined circumstances, strong recommendations may be made on the basis of lesser evidence (Grade D) when high-quality evidence is impossible to obtain and the anticipated benefits clearly outweigh the harms.&lt;/td&gt;&#xD;&#xA;            &lt;td valign=&quot;top&quot;&gt;Clinicians should generally follow a recommendation but remain alert to new information and sensitive to patient preferences.&lt;/td&gt;&#xD;&#xA;        &lt;/tr&gt;&#xD;&#xA;        &lt;tr&gt;&#xD;&#xA;            &lt;th valign=&quot;top&quot;&gt;Optional&lt;/th&gt;&#xD;&#xA;            &lt;td valign=&quot;top&quot;&gt;Either the quality of the evidence that exists is suspect (Grade D) or well-performed studies (Grade A, B, or C) show little clear advantage to one approach versus another.&lt;/td&gt;&#xD;&#xA;            &lt;td valign=&quot;top&quot;&gt;Clinicians should be flexible in their decision-making regarding appropriate practice, although they may set boundaries on alternatives; patient and family preferences should have a substantial influencing role.&lt;/td&gt;&#xD;&#xA;        &lt;/tr&gt;&#xD;&#xA;        &lt;tr&gt;&#xD;&#xA;            &lt;th valign=&quot;top&quot;&gt;No recommendation&lt;/th&gt;&#xD;&#xA;            &lt;td valign=&quot;top&quot;&gt;There is both a lack of pertinent evidence (Grade D) and an unclear balance between benefits and harms.&lt;/td&gt;&#xD;&#xA;            &lt;td valign=&quot;top&quot;&gt;Clinicians should not be constrained in their decision-making and should be alert to new published evidence that clarifies the balance of benefit versus harm; patient and family preferences should have a substantial influencing role.&lt;/td&gt;&#xD;&#xA;        &lt;/tr&gt;&#xD;&#xA;    &lt;/tbody&gt;&#xD;&#xA;&lt;/table&gt;&lt;/div&gt;" /></Field><Field FieldID="138" OrdBy="515" ID="423" Name="Clinical Algorithm(s)" Type="text"><FieldValue Value="&lt;div class=&quot;content_para&quot;&gt;&lt;p&gt;None provided&lt;/p&gt;&lt;/div&gt;" /></Field></Section><Section SecID="424" OrdBy="600" Name="Evidence Supporting the Recommendations"><Field FieldID="139" OrdBy="610" ID="426" Name="Type of Evidence Supporting the Recommendations" Type="text"><FieldValue Value="&lt;div class=&quot;content_para&quot;&gt;&lt;p&gt;Due to the paucity of evidence available, the recommendations are a consensus of the Expert Panel.&lt;/p&gt;&lt;/div&gt;" /></Field></Section><Section SecID="427" OrdBy="700" Name="Benefits/Harms of Implementing the Guideline Recommendations"><Field FieldID="152" OrdBy="705" ID="428" Name="Potential Benefits" Type="text"><FieldValue Value="&lt;div class=&quot;content_para&quot;&gt;&lt;p&gt;The promotion of cardiovascular (CV) health and the identification and management of specific risk factors from infancy into young adult life&lt;/p&gt;&lt;/div&gt;" /></Field><Field FieldID="153" OrdBy="710" ID="429" Name="Potential Harms" Type="text"><FieldValue Value="&lt;div class=&quot;content_para&quot;&gt;&lt;p&gt;Not stated&lt;/p&gt;&lt;/div&gt;" /></Field></Section><Section SecID="434" OrdBy="1000" Name="Implementation of the Guideline"><Field FieldID="131" OrdBy="1010" ID="436" Name="Description of Implementation Strategy" Type="text"><FieldValue Value="&lt;div class=&quot;content_para&quot;&gt;&lt;p&gt;An implementation strategy was not provided.&lt;/p&gt;&lt;/div&gt;" /></Field><Field FieldID="117" OrdBy="1015" ID="437" Name="Implementation Tools" Type="picklist-many"><FieldValue Value="Patient Resources" /><FieldValue Value="Quick Reference Guides/Physician Guides" /></Field></Section><Section SecID="439" OrdBy="1100" Name="Institute of Medicine (IOM) National Healthcare Quality Report Categories"><Field FieldID="50" OrdBy="1105" ID="440" Name="IOM Care Need" Type="picklist-many"><FieldValue Value="Getting Better" /><FieldValue Value="Living with Illness" /><FieldValue Value="Staying Healthy" /></Field><Field FieldID="51" OrdBy="1110" ID="441" Name="IOM Domain" Type="picklist-many"><FieldValue Value="Effectiveness" /><FieldValue Value="Patient-centeredness" /></Field></Section><Section SecID="442" OrdBy="1200" Name="Identifying Information and Availability"><Field FieldID="97" OrdBy="1201" ID="392" Name="Bibliographic Source(s)" Type="citation"><FieldValue Value="&lt;table&gt;&lt;tr&gt;&lt;td&gt;Risk factor clustering and the metabolic syndrome. In: Expert panel on integrated guidelines for cardiovascular health and risk reduction in children and adolescents. Bethesda (MD): National Heart, Lung, and Blood Institute; 2011. p. 338-48. [53 references]&lt;/td&gt;&lt;/tr&gt;&lt;/table&gt;" /></Field><Field FieldID="124" OrdBy="1205" ID="443" Name="Adaptation" Type="text"><FieldValue Value="&lt;div class=&quot;content_para&quot;&gt;&lt;p&gt;Not applicable: The guideline was not adapted from another source.&lt;/p&gt;&lt;/div&gt;" /></Field><Field FieldID="128" OrdBy="1215" ID="445" Name="Date Released" Type="text"><FieldValue Value="2011" /></Field><Field FieldID="158" OrdBy="1225" ID="447" Name="Guideline Developer(s)" Type="orglist-p"><FieldValue Value="National Heart, Lung, and Blood Institute (U.S.) - Federal Government Agency [U.S.]" /></Field><Field FieldID="125" OrdBy="1235" ID="449" Name="Source(s) of Funding" Type="text"><FieldValue Value="&lt;div class=&quot;content_para&quot;&gt;&lt;p&gt;United States Government&lt;/p&gt;&lt;/div&gt;" /></Field><Field FieldID="126" OrdBy="1240" ID="450" Name="Guideline Committee" Type="text"><FieldValue Value="&lt;div class=&quot;content_para&quot;&gt;&lt;p&gt;Expert Panel on Integrated Guidelines for Cardiovascular Health and Risk Reduction in Children and Adolescents&lt;/p&gt;&lt;/div&gt;" /></Field><Field FieldID="127" OrdBy="1245" ID="451" Name="Composition of Group That Authored the Guideline" Type="text"><FieldValue Value="&lt;div class=&quot;content_para&quot;&gt;&lt;p&gt;&lt;em&gt;Expert Panel Members&lt;/em&gt;: Stephen R. Daniels, M.D., Ph.D. (&lt;em&gt;Panel Chair&lt;/em&gt;), Professor and Chairman, Department of Pediatrics, University of Colorado School of Medicine, Pediatrician in Chief and L. Joseph Butterfield Chair of Pediatrics, The Children's Hospital; Irwin Benuck, M.D., Ph.D., Northwestern University Feinberg School of Medicine, Chicago, IL; Dimitri A. Christakis, M.D., M.P.H., Director, Child Health Institute, Associate Professor of Pediatrics, University of Washington; Barbara A. Dennison, M.D., Director, Policy and Research Translation Unit, Division of Chronic Disease and Injury Prevention, New York State Department of Health; Samuel S. Gidding, M.D., Chief, Division of Pediatric Cardiology, Department of Pediatrics, Nemours/Alfred I. duPont Hospital for Children; Matthew W. Gillman, M.D., M.S., Department of Ambulatory Care and Prevention, Harvard Pilgrim Health Care; Mary Margaret Gottesman, Ph.D., R.N., CPNP, Cochairperson, Bright Futures Pediatric Implementation Project, Ohio State University College of Nursing; Peter O. Kwiterovich, M.D., Professor of Pediatrics and Medicine, Lipid Research Unit; Patrick E. McBride, M.D., M.P.H., Professor of Medicine and Family Medicine, Codirector, Preventive Cardiology Program, University of Wisconsin School of Medicine and Public Health; Brian W. McCrindle, M.D., M.P.H., Cardiologist, Division of Cardiology, Department of Pediatrics, Section Head, Clinical Epidemiology, The Hospital for Sick Children; Albert P. Rocchini, M.D., Professor of Pediatrics, Division Chief, Cardiology, C.S. Mott Children's Hospital; Elaine M. Urbina, M.D., Preventive Cardiology Program, Cincinnati Children's Hospital Medical Center; Linda V. Van Horn, Ph.D., R.D., Professor of Preventive Medicine, Feinberg School of Medicine, Northwestern University; Reginald L. Washington, M.D., Chief Medical Officer, Rocky Mountain Hospital for Children&lt;/p&gt;&#xD;&#xA;&lt;p&gt;Refer to the original guideline document for members of the National Heart, Lung, and Blood Institute staff and for names of the contractor support.&lt;/p&gt;&lt;/div&gt;" /></Field><Field FieldID="147" OrdBy="1250" ID="452" Name="Financial Disclosures/Conflicts of Interest" Type="text"><FieldValue Value="&lt;div class=&quot;content_para&quot;&gt;&lt;p&gt;Expert panel members disclosed relevant financial interests to each other prior to discussions. The following financial interests are reported in the publication in the &lt;em&gt;Journal of Pediatrics&lt;/em&gt;:&lt;/p&gt;&#xD;&#xA;&lt;p&gt;Dr. Benuck, Dr. Christakis, Dr. Dennison, Dr. O'Donnell, Dr. Rocchini, and Dr. Washington have declared no relevant relationships.&lt;/p&gt;&#xD;&#xA;&lt;p&gt;Dr. Daniels has served as a consultant for Abbott Laboratories and Merck, Schering-Plough. He has received funding/grant support for research from the NIH.&lt;/p&gt;&#xD;&#xA;&lt;p&gt;Dr. Gidding has served as a consultant for Merck, Schering-Plough. He has received funding/grant support for research from GlaxoSmithKline.&lt;/p&gt;&#xD;&#xA;&lt;p&gt;Dr. Gillman has given invited talks for Nestle Nutrition Institute and Danone. He has received funding/grant support for research from Mead Johnson, Sanofi-aventis and the NIH.&lt;/p&gt;&#xD;&#xA;&lt;p&gt;Dr. Gottesman has served on the Health Advisory Board, Child Development Council of Franklin County. She was a consultant to Early Head Start for Region 5B. She has written for iVillage and taught classes through Garrison Associates for the State of Ohio, Bureau of Early Intervention Services and Help Me Grow program. She has received funding/grant support for research from NIH.&lt;/p&gt;&#xD;&#xA;&lt;p&gt;Dr. Kwiterovich has served as a consultant or advisory board member for Merck, Schering-Plough, Pfizer, Sankyo, LipoScience and AstraZeneca. He has served on speaker bureaus for Merck, Schering-Plough, Pfizer, Sankyo, Kos and AstraZeneca. He has received funding/grant support for research from Pfizer, Merck, GlaxoSmithKline, Sankyo and Schering-Plough.&lt;/p&gt;&#xD;&#xA;&lt;p&gt;Dr. McBride has served as a consultant or advisory board member for Bristol-Myers Squibb, and Merck. He has served on speakers bureaus for Kos, Merck and Pfizer. He declared no relevant relationships since July 2007.&lt;/p&gt;&#xD;&#xA;&lt;p&gt;Dr. McCrindle has been a consultant for Abbott, Bristol-Myers Squibb, Daichii Sankyo and Roche. He owns stock in CellAegis. He reports funding/grant support for research from AstraZeneca, Sankyo, Merck, Schering-Plough and the NIH.&lt;/p&gt;&#xD;&#xA;&lt;p&gt;Dr. Urbina reports funding/grant support for research from Merck, Schering-Plough, Sankyo and the NIH.&lt;/p&gt;&#xD;&#xA;&lt;p&gt;Dr. Van Horn has provided advice to Chartwells School Food Service. She has received funding/grant support for research from General Mills and the NIH.&lt;/p&gt;&lt;/div&gt;" /></Field><Field FieldID="120" OrdBy="1256" ID="393" Name="Guideline Status" Type="text"><FieldValue Value="&lt;div class=&quot;content_para&quot;&gt;&lt;p&gt;This is the current release of the guideline.&lt;/p&gt;&lt;/div&gt;" /></Field><Field FieldID="118" OrdBy="1260" ID="454" Name="Guideline Availability" Type="text"><FieldValue Value="&lt;div class=&quot;content_para&quot;&gt;&lt;p&gt;Electronic copies: Available from the &lt;a href=&quot;http://www.nhlbi.nih.gov/guidelines/cvd_ped/index.htm&quot; title=&quot;NHLBI Web site&quot; target=&quot;_blank&quot;&gt;National Heart, Lung, and Blood Institute (NHLBI) Web site&lt;/a&gt;.&lt;/p&gt;&#xD;&#xA;&lt;p&gt;Print copies: Available from the NHLBI Information Center, P.O. Box 30105, Bethesda, MD 20824-0105; e-mail: &lt;a href=&quot;mailto:nhlbiic@dgsys.com&quot;&gt;nhlbiic@dgsys.com&lt;/a&gt;.&lt;/p&gt;&lt;/div&gt;" /></Field><Field FieldID="119" OrdBy="1265" ID="455" Name="Availability of Companion Documents" Type="text"><FieldValue Value="&lt;div class=&quot;content_para&quot;&gt;&lt;p&gt;The following are available:&lt;/p&gt;&#xD;&#xA;&lt;ul style=&quot;list-style-type: disc;&quot;&gt;&#xD;&#xA;    &lt;li&gt;Expert panel on integrated guidelines for cardiovascular health and risk reduction in children and adolescents. Summary report 2011. Bethesda (MD): National Heart, Lung, and Blood Institute; 2011. 125 p. Electronic copies: Available in Portable Document Format (PDF) from the &lt;a href=&quot;http://www.nhlbi.nih.gov/guidelines/cvd_ped/index.htm&quot; title=&quot;NHLBI Web site&quot; target=&quot;_blank&quot;&gt;National Heart, Lung, and Blood Institute Web site&lt;/a&gt;. &lt;/li&gt;&#xD;&#xA;    &lt;li&gt;Evidence tables. Electronic copies: Available in PDF from the &lt;a href=&quot;http://www.nhlbi.nih.gov/guidelines/cvd_ped/evidence_tables.htm&quot; title=&quot;NHLBI Web site&quot; target=&quot;_blank&quot;&gt;National Heart, Lung, and Blood Institute Web site&lt;/a&gt;. &lt;/li&gt;&#xD;&#xA;&lt;/ul&gt;&lt;/div&gt;" /></Field><Field FieldID="143" OrdBy="1275" ID="457" Name="Patient Resources" Type="text"><FieldValue Value="&lt;div class=&quot;content_para&quot;&gt;&lt;p&gt;Various resources for the public about heart and vascular diseases are available from the &lt;a href=&quot;http://www.nhlbi.nih.gov/health/public/heart/index.htm&quot; title=&quot;NHLBI Web site&quot; target=&quot;_blank&quot;&gt;National Heart, Lung and Blood Institute Web site&lt;/a&gt;.&lt;/p&gt;&#xD;&#xA;&lt;p class=&quot;Disclaimer&quot;&gt;Please note: This patient information is intended to provide health professionals with information to share with their patients to help them better understand their health and their diagnosed disorders. By providing access to this patient information, it is not the intention of NGC to provide specific medical advice for particular patients. Rather we urge patients and their representatives to review this material and then to consult with a licensed health professional for evaluation of treatment options suitable for them as well as for diagnosis and answers to their personal medical questions. This patient information has been derived and prepared from a guideline for health care professionals included on NGC by the authors or publishers of that original guideline. The patient information is not reviewed by NGC to establish whether or not it accurately reflects the original guideline's content.&lt;/p&gt;&lt;/div&gt;" /></Field><Field FieldID="142" OrdBy="1280" ID="458" Name="NGC Status" Type="text"><FieldValue Value="&lt;div class=&quot;content_para&quot;&gt;&lt;p&gt;This NGC summary was completed by ECRI Institute on July 12, 2012.&lt;/p&gt;&lt;/div&gt;" /></Field><Field FieldID="141" OrdBy="1290" ID="460" Name="Copyright Statement" Type="text"><FieldValue Value="&lt;div class=&quot;content_para&quot;&gt;&lt;p&gt;No copyright restrictions apply.&lt;/p&gt;&lt;/div&gt;" /></Field></Section><Section SecID="99999" OrdBy="99999" Name="Disclaimer"><Field FieldID="99999" OrdBy="99999" ID="99999" Name="NGC Disclaimer" Type="text"><FieldValue Value="&lt;p&gt;The National Guideline Clearinghouse™ (NGC) does not develop, produce, approve, or endorse the guidelines represented on this site.&lt;/p&gt; &#xD;&#xA;&lt;p&gt;All guidelines summarized by NGC and hosted on our site are produced under the auspices of medical specialty societies, relevant professional associations, public or private organizations, other government agencies, health care organizations or plans, and similar entities.&lt;/p&gt; &#xD;&#xA;&lt;p&gt;Guidelines represented on the NGC Web site are submitted by guideline developers, and are screened solely to determine that they meet the NGC Inclusion Criteria which may be found at &lt;a href=&quot;/about/inclusion-criteria.aspx&quot;&gt;http://www.guideline.gov/about/inclusion-criteria.aspx&lt;/a&gt;.&lt;/p&gt; &#xD;&#xA;&lt;p&gt;NGC, AHRQ, and its contractor ECRI Institute make no warranties concerning the content or clinical efficacy or effectiveness of the clinical practice guidelines and related materials represented on this site. Moreover, the views and opinions of developers or authors of guidelines represented on this site do not necessarily state or reflect those of NGC, AHRQ, or its contractor ECRI Institute, and inclusion or hosting of guidelines in NGC may not be used for advertising or commercial endorsement purposes.&lt;/p&gt; &#xD;&#xA;&lt;p&gt;Readers with questions regarding guideline content are directed to contact the guideline developer.&lt;/p&gt;" /></Field></Section></Version>
