<Version><xmlsource>This XML content was developed by AHRQ's contractor ECRI Institute for the National Guideline Clearinghouse (NGC).</xmlsource><Section SecID="390" OrdBy="100" Name="General"><Field FieldID="161" OrdBy="105" ID="391" Name="Guideline Title" Type="text"><FieldValue Value="&lt;div class=&quot;content_title&quot;&gt;Age-related changes in health. In: Evidence-based geriatric nursing protocols for best practice.&lt;/div&gt;" /></Field><Field FieldID="97" OrdBy="110" ID="392" Name="Bibliographic Source(s)" Type="citation"><FieldValue Value="&lt;table&gt;&lt;tr&gt;&lt;td&gt;Smith CM, Cotter V. Age-related changes in health. In: Boltz M, Capezuti E, Fulmer T, Zwicker D, editor(s). Evidence-based geriatric nursing protocols for best practice. 4th ed. New York (NY): Springer Publishing Company; 2012. p. 23-47.&lt;/td&gt;&lt;/tr&gt;&lt;/table&gt;" /></Field><Field FieldID="120" OrdBy="115" ID="393" Name="Guideline Status" Type="text"><FieldValue Value="&lt;div class=&quot;content_para&quot;&gt;&lt;p&gt;This is the current release of the guideline.&lt;/p&gt;&#xD;&#xA;&lt;p&gt;This guideline updates a previous version: Smith CM, Cotter V. Age-related changes in health. In: Capezuti E, Zwicker D, Mezey M, Fulmer T, editor(s). Evidence-based geriatric nursing protocols for best practice. 3rd ed. New York (NY): Springer Publishing Company; 2008. p. 431-58.&lt;/p&gt;&lt;/div&gt;" /></Field><Field Name ="UMLS Concepts"><FieldValue Value="ICD9CM: Cardiovascular disease, unspecified  (429.2); Osteoporosis, unspecified  (733.00); Unspecified disease of respiratory system  (519.9); Unspecified disease of respiratory system  (V12.60); Unspecified disorders of nervous system  (349.9); Unspecified nutritional deficiency  (269.9); Urinary incontinence, unspecified  (788.30)"/><FieldValue Value="MSH: Activities of Daily Living ; Aging ; Bone Diseases, Metabolic ; Cardiovascular Diseases ; Cognition Disorders ; Delirium ; Digestive System Diseases ; Fecal Incontinence ; Gastrointestinal Diseases ; Geriatric Assessment ; Geriatric Nursing ; Health Services for the Aged ; Kidney Diseases ; Lung Diseases ; Malnutrition ; Musculoskeletal Diseases ; Nervous System Diseases ; Neurodegenerative Diseases ; Nursing Assessment ; Nursing Care ; Osteoporosis ; Respiration Disorders ; Sleep Disorders ; Urinary Incontinence "/><FieldValue Value="MTH: Activities of Daily Living (activity) ; Aging ; Cardiovascular Diseases ; Care given by nurses ; Cognition Disorders ; Delirium ; Digestive System Disorders ; Fecal Incontinence ; Gastrointestinal Diseases ; Kidney Diseases ; Lung diseases ; Malnutrition ; Metabolic Bone Disorder ; Musculoskeletal and connective tissue disorders ; Musculoskeletal Diseases ; nervous system disorder ; Neurodegenerative Disorders ; Osteoporosis ; Respiration Disorders ; Sleep Disorders ; Urinary Incontinence "/><FieldValue Value="PDQ: delirium ; fecal incontinence ; malnutrition ; osteoporosis ; sleep disorders ; urinary incontinence "/><FieldValue Value="SNOMEDCT_US: Activity of daily living  (129025006); Aging  (248280005); Care of the elderly nurse  (224545006); Cognitive disorder  (443265004); Delirium  (2776000); Delirium  (419567006); Disorder of cardiovascular system  (49601007); Disorder of digestive system  (53619000); Disorder of gastrointestinal tract  (119292006); Disorder of lung  (19829001); Disorder of musculoskeletal system  (928000); Disorder of nervous system  (118940003); Disorder of respiratory system  (50043002); Geriatric screening  (171313004); Incontinence of feces  (72042002); Kidney disease  (90708001); Metabolic bone disease  (50279003); Musculoskeletal and connective tissue disorder  (312225001); Organic sleep disorder  (418955009); Osteopenia  (312894000); Osteopenia  (78441005); Osteoporosis  (64859006); Problem of aging  (17261001); Sleep disorder  (39898005); Undernutrition  (248325000); Undernutrition  (47563007); Undernutrition  (65404009); Undernutrition  (70241007); Urinary incontinence  (165232002)"/></Field></Section><Section SecID="396" OrdBy="300" Name="Scope"><Field FieldID="140" OrdBy="305" ID="397" Name="Disease/Condition(s)" Type="text"><FieldValue Value="&lt;div class=&quot;content_para&quot;&gt;&lt;p&gt;Age-related changes that adversely affect health and functionality&lt;/p&gt;&lt;/div&gt;" /></Field><Field FieldID="103" OrdBy="310" ID="398" Name="Guideline Category" Type="picklist-many"><FieldValue Value="Evaluation" /><FieldValue Value="Management" /><FieldValue Value="Prevention" /><FieldValue Value="Risk Assessment" /></Field><Field FieldID="113" OrdBy="315" ID="399" Name="Clinical Specialty" Type="picklist-many"><FieldValue Value="Family Practice" /><FieldValue Value="Geriatrics" /><FieldValue Value="Nursing" /><FieldValue Value="Preventive Medicine" /></Field><Field FieldID="114" OrdBy="320" ID="400" Name="Intended Users" Type="picklist-many"><FieldValue Value="Advanced Practice Nurses" /><FieldValue Value="Allied Health Personnel" /><FieldValue Value="Health Care Providers" /><FieldValue Value="Hospitals" /><FieldValue Value="Nurses" /><FieldValue Value="Physician Assistants" /><FieldValue Value="Physicians" /></Field><Field FieldID="129" OrdBy="325" ID="401" Name="Guideline Objective(s)" Type="text"><FieldValue Value="&lt;div class=&quot;content_para&quot;&gt;&lt;p&gt;To provide a standard of practice protocol to identify anatomical and physiological changes which are attributed to the normal aging process&lt;/p&gt;&lt;/div&gt;" /></Field><Field FieldID="132" OrdBy="330" ID="402" Name="Target Population" Type="text"><FieldValue Value="&lt;div class=&quot;content_para&quot;&gt;&lt;p&gt;Older adults&lt;/p&gt;&lt;/div&gt;" /></Field><Field FieldID="133" OrdBy="335" ID="403" Name="Interventions and Practices Considered" Type="text"><FieldValue Value="&lt;div class=&quot;content_para&quot;&gt;&lt;p&gt;&lt;strong&gt;Assessment/Evaluation&lt;/strong&gt;&lt;/p&gt;&#xD;&#xA;&lt;ol style=&quot;list-style-type: decimal;&quot; start=&quot;1&quot;&gt;&#xD;&#xA;    &lt;li&gt;Cardiovascular system &lt;/li&gt;&#xD;&#xA;    &lt;li&gt;Pulmonary system &lt;/li&gt;&#xD;&#xA;    &lt;li&gt;Renal and genitourinary systems &lt;/li&gt;&#xD;&#xA;    &lt;li&gt;Oropharyngeal and gastrointestinal systems &lt;/li&gt;&#xD;&#xA;    &lt;li&gt;Musculoskeletal system &lt;/li&gt;&#xD;&#xA;    &lt;li&gt;Nervous system and cognition &lt;/li&gt;&#xD;&#xA;    &lt;li&gt;Immune system &lt;/li&gt;&#xD;&#xA;    &lt;li&gt;Atypical presentation of disease &lt;/li&gt;&#xD;&#xA;&lt;/ol&gt;&#xD;&#xA;&lt;p&gt;&lt;strong&gt;Management&lt;/strong&gt;&lt;/p&gt;&#xD;&#xA;&lt;ol style=&quot;list-style-type: decimal;&quot;&gt;&#xD;&#xA;    &lt;li&gt;Management of changes that adversely affect health and functionality:&#xD;&#xA;    &lt;ul style=&quot;list-style-type: disc;&quot;&gt;&#xD;&#xA;        &lt;li&gt;Cardiovascular system: decreased cardiac reserve and associated implications &lt;/li&gt;&#xD;&#xA;        &lt;li&gt;Pulmonary system: decreased pulmonary functional reserve, ciliary and macrophage activity, cough reflex, response to hypoxia and hypercapnia, and associated implications &lt;/li&gt;&#xD;&#xA;        &lt;li&gt;Genitourinary system: decreased renal functional reserve, risk of nephrotoxic injury, and associated implications; urinary urgency, incontinence &lt;/li&gt;&#xD;&#xA;        &lt;li&gt;Oropharyngeal and gastrointestinal systems: poor nutrition, gastric changes, constipation, fecal incontinence, and associated implications &lt;/li&gt;&#xD;&#xA;        &lt;li&gt;Musculoskeletal system: sarcopenia, osteopenia, osteoporosis, and associated implications &lt;/li&gt;&#xD;&#xA;        &lt;li&gt;Nervous system and cognition: decreased muscle strength, temperature sensitivity, cognitive processing speed, and associated implications; sleep disorders, delirium, neurodegenerative disorders &lt;/li&gt;&#xD;&#xA;        &lt;li&gt;Immune system: immune response dysfunction &lt;/li&gt;&#xD;&#xA;    &lt;/ul&gt;&#xD;&#xA;    &lt;/li&gt;&#xD;&#xA;    &lt;li&gt;Follow-up monitoring &lt;/li&gt;&#xD;&#xA;&lt;/ol&gt;&lt;/div&gt;" /></Field><Field FieldID="134" OrdBy="340" ID="404" Name="Major Outcomes Considered" Type="text"><FieldValue Value="&lt;div class=&quot;content_para&quot;&gt;&lt;p&gt;Successful aging&lt;/p&gt;&lt;/div&gt;" /></Field></Section><Section SecID="405" OrdBy="400" Name="Methodology"><Field FieldID="109" OrdBy="405" ID="406" Name="Methods Used to Collect/Select the Evidence" Type="picklist-many"><FieldValue Value="Hand-searches of Published Literature (Primary Sources)" /><FieldValue Value="Hand-searches of Published Literature (Secondary Sources)" /><FieldValue Value="Searches of Electronic Databases" /></Field><Field FieldID="135" OrdBy="410" ID="407" Name="Description of Methods Used to Collect/Select the Evidence" Type="text"><FieldValue Value="&lt;div class=&quot;content_para&quot;&gt;&lt;p&gt;Although the Appraisal of Guidelines for Research and Evaluation (AGREE) instrument (described in Chapter 1 of the original guideline document, &lt;em&gt;Evidence-based Geriatric Nursing Protocols for Best Practice&lt;/em&gt;, 4th ed.) was created to critically appraise clinical practice guidelines, the process and criteria can also be applied to the development and evaluation of clinical practice protocols. Thus, the AGREE instrument has been expanded (i.e., AGREE II) for that purpose to standardize the creation and revision of the geriatric nursing practice guidelines.&lt;/p&gt;&#xD;&#xA;&lt;p&gt;&lt;strong&gt;The Search for Evidence Process&lt;/strong&gt;&lt;/p&gt;&#xD;&#xA;&lt;p&gt;Locating the best evidence in the published research is dependent on framing a focused, searchable clinical question. The PICO format&amp;mdash;an acronym for population, intervention (or occurrence or risk factor), comparison (or control), and outcome&amp;mdash;can frame an effective literature search. The editors enlisted the assistance of the New York University Health Sciences librarian to ensure a standardized and efficient approach to collecting evidence on clinical topics. A literature search was conducted to find the best available evidence for each clinical question addressed. The results were rated for level of evidence and sent to the respective chapter author(s) to provide possible substantiation for the nursing practice protocol being developed.&lt;/p&gt;&#xD;&#xA;&lt;p&gt;In addition to rating each literature citation as to its level of evidence, each citation was given a general classification, coded as &quot;Risks,&quot; &quot;Assessment,&quot; &quot;Prevention,&quot; &quot;Management,&quot; &quot;Evaluation/Follow-up,&quot; or &quot;Comprehensive.&quot; The citations were organized in a searchable database for later retrieval and output to chapter authors. All authors had to review the evidence and decide on its quality and relevance for inclusion in their chapter or protocol. They had the option, of course, to reject or not use the evidence provided as a result of the search or to dispute the applied level of evidence.&lt;/p&gt;&#xD;&#xA;&lt;p&gt;&lt;strong&gt;Developing a Search Strategy&lt;/strong&gt;&lt;/p&gt;&#xD;&#xA;&lt;p&gt;Development of a search strategy to capture best evidence begins with database selection and translation of search terms into the controlled vocabulary of the database, if possible. In descending order of importance, the three major databases for finding the best primary evidence for most clinical nursing questions are the Cochrane Database of Systematic Reviews, Cumulative Index to Nursing and Allied Health Literature (CINAHL), and Medline or PubMed. In addition, the PsycINFO database was used to ensure capture of relevant evidence in the psychology and behavioral sciences literature for many of the topics. Synthesis sources such as UpToDate&amp;reg; and British Medical Journal (BMJ) Clinical Evidence and abstract journals such as Evidence Based Nursing supplemented the initial searches. Searching of other specialty databases may have to be warranted depending on the clinical question.&lt;/p&gt;&#xD;&#xA;&lt;p&gt;It bears noting that the database architecture can be exploited to limit the search to articles tagged with the publication type &quot;meta-analysis&quot; in Medline or &quot;systematic review&quot; in CINAHL. Filtering by standard age groups such as &quot;65 and over&quot; is another standard categorical limit for narrowing for relevance. A literature search retrieves the initial citations that begin to provide evidence. Appraisal of the initial literature retrieved may lead the searcher to other cited articles, triggering new ideas for expanding or narrowing the literature search with related descriptors or terms in the article abstract.&lt;/p&gt;&lt;/div&gt;" /></Field><Field FieldID="136" OrdBy="415" ID="408" Name="Number of Source Documents" Type="text"><FieldValue Value="&lt;div class=&quot;content_para&quot;&gt;&lt;p&gt;Not stated&lt;/p&gt;&lt;/div&gt;" /></Field><Field FieldID="115" OrdBy="420" ID="409" Name="Methods Used to Assess the Quality and Strength of the Evidence" Type="picklist-choice"><FieldValue Value="Weighting According to a Rating Scheme (Scheme Given)" /></Field><Field FieldID="149" OrdBy="425" ID="410" Name="Rating Scheme for the Strength of the Evidence" Type="text"><FieldValue Value="&lt;div class=&quot;content_para&quot;&gt;&lt;p&gt;&lt;strong&gt;Levels of Evidence&lt;/strong&gt;&lt;/p&gt;&#xD;&#xA;&lt;p&gt;&lt;strong&gt;Level I&lt;/strong&gt;: Systematic reviews (integrative/meta-analyses/clinical practice guidelines based on systematic reviews)&lt;/p&gt;&#xD;&#xA;&lt;p&gt;&lt;strong&gt;Level II&lt;/strong&gt;: Single experimental study (randomized controlled trials [RCTs])&lt;/p&gt;&#xD;&#xA;&lt;p&gt;&lt;strong&gt;Level III&lt;/strong&gt;: Quasi-experimental studies&lt;/p&gt;&#xD;&#xA;&lt;p&gt;&lt;strong&gt;Level IV&lt;/strong&gt;: Non-experimental studies&lt;/p&gt;&#xD;&#xA;&lt;p&gt;&lt;strong&gt;Level V&lt;/strong&gt;: Care report/program evaluation/narrative literature reviews&lt;/p&gt;&#xD;&#xA;&lt;p&gt;&lt;strong&gt;Level VI&lt;/strong&gt;: Opinions of respected authorities/consensus panels&lt;/p&gt;&#xD;&#xA;&lt;p class=&quot;Note&quot;&gt;AGREE Next Steps Consortium (2009). Appraisal of guidelines for research &amp;amp; evaluation II. Retrieved from &lt;a href=&quot;http://www.agreetrust.org/?o=1397&quot; title=&quot;AGREE Web site&quot;&gt;http://www.agreetrust.org/?o=1397&lt;/a&gt;.&lt;/p&gt;&#xD;&#xA;&lt;p class=&quot;Note&quot;&gt;Adapted from: Melnyck, B. M. &amp;amp; Fineout-Overholt, E. (2005). Evidence-based practice in nursing &amp;amp; health care: A guide to best practice. Philadelphia, PA: Lippincott Williams &amp;amp; Wilkins and Stetler, C.B., Morsi, D., Rucki, S., Broughton, S., Corrigan, B., Fitzgerald, J., et al. (1998). Utilization-focused integrative reviews in a nursing service. Applied Nursing Research, 11(4) 195-206.&lt;/p&gt;&lt;/div&gt;" /></Field><Field FieldID="116" OrdBy="430" ID="411" Name="Methods Used to Analyze the Evidence" Type="picklist-many"><FieldValue Value="Review of Published Meta-Analyses" /><FieldValue Value="Systematic Review" /></Field><Field FieldID="150" OrdBy="435" ID="412" Name="Description of the Methods Used to Analyze the Evidence" Type="text"><FieldValue Value="&lt;div class=&quot;content_para&quot;&gt;&lt;p&gt;Not stated&lt;/p&gt;&lt;/div&gt;" /></Field><Field FieldID="112" OrdBy="440" ID="413" Name="Methods Used to Formulate the Recommendations" Type="picklist-choice"><FieldValue Value="Expert Consensus" /></Field><Field FieldID="145" OrdBy="445" ID="414" Name="Description of Methods Used to Formulate the Recommendations" Type="text"><FieldValue Value="&lt;div class=&quot;content_para&quot;&gt;&lt;p&gt;Not stated&lt;/p&gt;&lt;/div&gt;" /></Field><Field FieldID="146" OrdBy="450" ID="415" Name="Rating Scheme for the Strength of the Recommendations" Type="text"><FieldValue Value="&lt;div class=&quot;content_para&quot;&gt;&lt;p&gt;Not applicable&lt;/p&gt;&lt;/div&gt;" /></Field><Field FieldID="148" OrdBy="460" ID="417" Name="Cost Analysis" Type="text"><FieldValue Value="&lt;div class=&quot;content_para&quot;&gt;&lt;p&gt;A formal cost analysis was not performed and published cost analyses were not reviewed.&lt;/p&gt;&lt;/div&gt;" /></Field><Field FieldID="104" OrdBy="465" ID="418" Name="Method of Guideline Validation" Type="picklist-choice"><FieldValue Value="External Peer Review" /><FieldValue Value="Internal Peer Review" /></Field><Field FieldID="130" OrdBy="470" ID="419" Name="Description of Method of Guideline Validation" Type="text"><FieldValue Value="&lt;div class=&quot;content_para&quot;&gt;&lt;p&gt;Not stated&lt;/p&gt;&lt;/div&gt;" /></Field></Section><Section SecID="420" OrdBy="500" Name="Recommendations"><Field FieldID="151" OrdBy="505" ID="421" Name="Major Recommendations" Type="text"><FieldValue Value="&lt;div class=&quot;content_para&quot;&gt;&lt;p&gt;Levels of evidence (&lt;strong&gt;I&amp;ndash;VI&lt;/strong&gt;) are defined at the end of the &quot;Major Recommendations&quot; field.&lt;/p&gt;&#xD;&#xA;&lt;p&gt;&lt;strong&gt;&lt;span style=&quot;text-decoration: underline;&quot;&gt;Age-associated Cardiovascular Changes&lt;/span&gt;&lt;/strong&gt;&lt;/p&gt;&#xD;&#xA;&lt;p&gt;&lt;strong&gt;Definition&lt;/strong&gt;&lt;/p&gt;&#xD;&#xA;&lt;p&gt;&lt;em&gt;Isolated systolic hypertension&lt;/em&gt;: systolic blood pressure (BP) &amp;gt;140 mmHg and diastolic BP &amp;lt;90 mmHg.&lt;/p&gt;&#xD;&#xA;&lt;p&gt;&lt;strong&gt;Etiology&lt;/strong&gt; &lt;/p&gt;&#xD;&#xA;&lt;ul style=&quot;list-style-type: disc;&quot;&gt;&#xD;&#xA;    &lt;li&gt;Arterial wall thickening and stiffening, decreased compliance &lt;/li&gt;&#xD;&#xA;    &lt;li&gt;Left ventricular and atrial hypertrophy. Sclerosis of atrial and mitral valves &lt;/li&gt;&#xD;&#xA;    &lt;li&gt;Strong arterial pulses, diminished peripheral pulses, cool extremities &lt;/li&gt;&#xD;&#xA;&lt;/ul&gt;&#xD;&#xA;&lt;p&gt;&lt;strong&gt;Parameters of Cardiovascular Assessment&lt;/strong&gt;&lt;/p&gt;&#xD;&#xA;&lt;ul style=&quot;list-style-type: disc;&quot;&gt;&#xD;&#xA;    &lt;li&gt;Cardiac assessment: electrocardiogram (ECG); heart rate, rhythm, murmurs, heart sounds (S&lt;sub&gt;4&lt;/sub&gt; common, S&lt;sub&gt;3&lt;/sub&gt; in disease). Palpate carotid artery and peripheral pulses for symmetry (Docherty, 2002 &lt;strong&gt;[Level I]&lt;/strong&gt;) &lt;/li&gt;&#xD;&#xA;    &lt;li&gt;Assess BP (lying, sitting, standing) and pulse pressure (Mukai &amp;amp; Lipsitz, 2002 &lt;strong&gt;[Level VI]&lt;/strong&gt;). &lt;/li&gt;&#xD;&#xA;&lt;/ul&gt;&#xD;&#xA;&lt;p&gt;&lt;strong&gt;&lt;span style=&quot;text-decoration: underline;&quot;&gt;Age-associated Changes in the Pulmonary System&lt;/span&gt;&lt;/strong&gt;&lt;/p&gt;&#xD;&#xA;&lt;p&gt;&lt;strong&gt;Etiology&lt;/strong&gt;&lt;/p&gt;&#xD;&#xA;&lt;ul style=&quot;list-style-type: disc;&quot;&gt;&#xD;&#xA;    &lt;li&gt;Decreased respiratory muscle strength; stiffer chest wall with reduced compliance &lt;/li&gt;&#xD;&#xA;    &lt;li&gt;Diminished ciliary and macrophage activity, drier mucus membranes. Decreased cough reflex &lt;/li&gt;&#xD;&#xA;    &lt;li&gt;Decreased response to hypoxia and hypercapnia &lt;/li&gt;&#xD;&#xA;&lt;/ul&gt;&#xD;&#xA;&lt;p&gt;&lt;strong&gt;Parameters of Pulmonary Assessment&lt;/strong&gt;&lt;/p&gt;&#xD;&#xA;&lt;ul style=&quot;list-style-type: disc;&quot;&gt;&#xD;&#xA;    &lt;li&gt;Assess respiration rate, rhythm, regularity, volume, depth (Docherty, 2002 &lt;strong&gt;[Level I]&lt;/strong&gt;), and exercise capacity (Mahler, Fierro-Carrion, &amp;amp; Baird, 2003 &lt;strong&gt;[Level V]&lt;/strong&gt;). Auscultate breath sounds throughout lung fields (Mick &amp;amp; Ackerman, 2004 &lt;strong&gt;[Level V]&lt;/strong&gt;). &lt;/li&gt;&#xD;&#xA;    &lt;li&gt;Inspect thorax appearance, symmetry of chest expansion. Obtain smoking history. &lt;/li&gt;&#xD;&#xA;    &lt;li&gt;Monitor secretions, breathing rate during sedation, positioning (Watters, 2002 &lt;strong&gt;[Level V]&lt;/strong&gt;; Docherty, 2002 &lt;strong&gt;[Level I]&lt;/strong&gt;) arterial blood gases, pulse oximetry (Zeleznik, 2003 &lt;strong&gt;[Level V]&lt;/strong&gt;). &lt;/li&gt;&#xD;&#xA;    &lt;li&gt;Assess cough, need for suctioning (Smith &amp;amp; Connolly, 2003 &lt;strong&gt;[Level V]&lt;/strong&gt;). &lt;/li&gt;&#xD;&#xA;&lt;/ul&gt;&#xD;&#xA;&lt;p&gt;&lt;strong&gt;Nursing Care Strategies&lt;/strong&gt;&lt;/p&gt;&#xD;&#xA;&lt;ul style=&quot;list-style-type: disc;&quot;&gt;&#xD;&#xA;    &lt;li&gt;Maintain patent airways through upright positioning/repositioning (Docherty, 2002 &lt;strong&gt;[Level I]&lt;/strong&gt;), suctioning (Smith &amp;amp; Connolly, 2003 &lt;strong&gt;[Level V]&lt;/strong&gt;). &lt;/li&gt;&#xD;&#xA;    &lt;li&gt;Provide oxygen as needed (Docherty, 2002 &lt;strong&gt;[Level I]&lt;/strong&gt;); maintain hydration and mobility (Watters, 2002 &lt;strong&gt;[Level V]&lt;/strong&gt;). &lt;/li&gt;&#xD;&#xA;    &lt;li&gt;Incentive spirometry as indicated, particularly if immobile or declining in function (Dunn, 2004 &lt;strong&gt;[Level V]&lt;/strong&gt;). &lt;/li&gt;&#xD;&#xA;    &lt;li&gt;Education on cough enhancement (Dunn, 2004 &lt;strong&gt;[Level V]&lt;/strong&gt;), smoking cessation (U.S. Department of Health and Human Services [USDHHS], &quot;The Health Consequences,&quot; 2004 &lt;strong&gt;[Level I]&lt;/strong&gt;). &lt;/li&gt;&#xD;&#xA;&lt;/ul&gt;&#xD;&#xA;&lt;p&gt;&lt;strong&gt;&lt;span style=&quot;text-decoration: underline;&quot;&gt;Age-associated Changes in the Renal and Genitourinary Systems&lt;/span&gt;&lt;/strong&gt;&lt;/p&gt;&#xD;&#xA;&lt;p&gt;&lt;strong&gt;Definitions&lt;/strong&gt;&lt;/p&gt;&#xD;&#xA;&lt;p&gt;To determine renal function (glomerular filtration rate [GFR]):&lt;/p&gt;&#xD;&#xA;&lt;p&gt;&lt;em&gt;Cockroft-Gault Equation&lt;/em&gt;: Calculation of creatinine clearance in older adults (P&amp;eacute;quignot et al., 2009 &lt;strong&gt;[Level II]&lt;/strong&gt;):&lt;/p&gt;&#xD;&#xA;&lt;p&gt;&lt;em&gt;For Men&lt;/em&gt;:&lt;/p&gt;&#xD;&#xA;&lt;p&gt;Creatinine clearance (mL/min) =&lt;/p&gt;&#xD;&#xA;&lt;p class=&quot;Center&quot;&gt;(&lt;span style=&quot;text-decoration: underline;&quot;&gt;140 &amp;ndash; age in years) X (body weight in kg)&lt;/span&gt;&lt;br /&gt;&#xD;&#xA;72 X (serum creatinine, mg/dL)&lt;/p&gt;&#xD;&#xA;&lt;p&gt;&lt;em&gt;For Women&lt;/em&gt;: the calculated value is multiplied by 85% (0.85).&lt;/p&gt;&#xD;&#xA;&lt;p&gt;&lt;em&gt;Modification of diet in renal disease (MDRD)&lt;/em&gt;: see &lt;a href=&quot;http://www.nkdep.nih.gov/professionals/gfr_calculators/&quot; title=&quot;National Kidney Disease Education Program calculator &quot; target=&quot;_blank&quot;&gt;National Kidney Disease Education Program calculator&lt;/a&gt; (National Kidney Disease Education Program [NKDEP], 2009 &lt;strong&gt;[Level I]&lt;/strong&gt;).&lt;/p&gt;&#xD;&#xA;&lt;p&gt;&lt;strong&gt;Etiology&lt;/strong&gt;&lt;/p&gt;&#xD;&#xA;&lt;ul style=&quot;list-style-type: disc;&quot;&gt;&#xD;&#xA;    &lt;li&gt;Decreases in kidney mass, blood flow, GFR (10% decrement/decade after age 30). Decreased drug clearance. &lt;/li&gt;&#xD;&#xA;    &lt;li&gt;Reduced bladder elasticity, muscle tone, capacity. &lt;/li&gt;&#xD;&#xA;    &lt;li&gt;Increased post-void residual, nocturnal urine production. &lt;/li&gt;&#xD;&#xA;    &lt;li&gt;In males, prostate enlargement with risk of benign prostatic hyperplasia (BPH). &lt;/li&gt;&#xD;&#xA;&lt;/ul&gt;&#xD;&#xA;&lt;p&gt;&lt;strong&gt;Parameters of Renal and Genitourinary Assessment&lt;/strong&gt;&lt;/p&gt;&#xD;&#xA;&lt;ul style=&quot;list-style-type: disc;&quot;&gt;&#xD;&#xA;    &lt;li&gt;Assess renal function (GFR through creatinine clearance) (Lerma, 2009 &lt;strong&gt;[Level V]&lt;/strong&gt;; Miller, 2009 &lt;strong&gt;[Level V]&lt;/strong&gt;; NKDEP, 2009 &lt;strong&gt;[Level I]&lt;/strong&gt;; P&amp;eacute;quignot et al., 2009 &lt;strong&gt;[Level II]&lt;/strong&gt;). &lt;/li&gt;&#xD;&#xA;    &lt;li&gt;Assess choice/need/dose of nephrotoxic agents and renally cleared drugs (Beyth &amp;amp; Shorr, 2002 &lt;strong&gt;[Level V]&lt;/strong&gt;) (see the National Guideline Clearinghouse [NGC] summary of the Hartford Institute for Geriatric Nursing guideline &lt;a href=&quot;/content.aspx?id=43938&quot; title=&quot;Guideline #9726&quot;&gt;Reducing adverse drug events in older adults&lt;/a&gt;). &lt;/li&gt;&#xD;&#xA;    &lt;li&gt;Assess for fluid/electrolyte and acid/base imbalances (Suhayda &amp;amp; Walton, 2002 &lt;strong&gt;[Level V]&lt;/strong&gt;). &lt;/li&gt;&#xD;&#xA;    &lt;li&gt;Evaluate nocturnal polyuria, urinary incontinence, BPH (Miller, 2009 &lt;strong&gt;[Level V]&lt;/strong&gt;). Assess urinary tract infection (UTI) symptoms (see the &quot;Atypical Presentation of Disease&quot; section, below) (Htwe et al., 2007 &lt;strong&gt;[Level V]&lt;/strong&gt;). &lt;/li&gt;&#xD;&#xA;    &lt;li&gt;Assess fall risk if nocturnal or urgent voiding (see the NGC summary of the Hartford Institute for Geriatric Nursing guideline &lt;a href=&quot;/content.aspx?id=43933&quot; title=&quot;Guideline #9721&quot;&gt;Fall prevention&lt;/a&gt;). &lt;/li&gt;&#xD;&#xA;&lt;/ul&gt;&#xD;&#xA;&lt;p&gt;&lt;strong&gt;Nursing Care Strategies&lt;/strong&gt;&lt;/p&gt;&#xD;&#xA;&lt;ul style=&quot;list-style-type: disc;&quot;&gt;&#xD;&#xA;    &lt;li&gt;Monitor nephrotoxic and renally cleared drug levels (Beyth &amp;amp; Shorr, 2002 &lt;strong&gt;[Level V]&lt;/strong&gt;). &lt;/li&gt;&#xD;&#xA;    &lt;li&gt;Maintain fluid/electrolyte balance. Minimum 1,500 to 2,500 mL/day from fluids and foods for 50- to 80-kg adults to prevent dehydration (Suhayda &amp;amp; Walton, 2002 &lt;strong&gt;[Level V]&lt;/strong&gt;). &lt;/li&gt;&#xD;&#xA;    &lt;li&gt;For nocturnal polyuria: limit fluids in evening, avoid caffeine, use prompted voiding schedule (Miller, 2009 &lt;strong&gt;[Level V]&lt;/strong&gt;). &lt;/li&gt;&#xD;&#xA;    &lt;li&gt;Fall prevention for nocturnal or urgent voiding. (See the NGC summary of the Hartford Institute for Geriatric Nursing guideline Fall Prevention). &lt;/li&gt;&#xD;&#xA;&lt;/ul&gt;&#xD;&#xA;&lt;p&gt;&lt;strong&gt;&lt;span style=&quot;text-decoration: underline;&quot;&gt;Age-associated Changes in the Oropharyngeal and Gastrointestinal Systems&lt;/span&gt;&lt;/strong&gt;&lt;/p&gt;&#xD;&#xA;&lt;p&gt;&lt;strong&gt;Definition(s)&lt;/strong&gt;&lt;/p&gt;&#xD;&#xA;&lt;p&gt;Body mass index (BMI): Healthy, 18.5 to 24.9 kg/m&lt;sup&gt;2&lt;/sup&gt;; overweight, 25 to 29.9 kg/m&lt;sup&gt;2&lt;/sup&gt;; obesity, 30 kg/m&lt;sup&gt;2 &lt;/sup&gt;or greater.&lt;/p&gt;&#xD;&#xA;&lt;p&gt;&lt;strong&gt;Etiology&lt;/strong&gt;&lt;/p&gt;&#xD;&#xA;&lt;ul style=&quot;list-style-type: disc;&quot;&gt;&#xD;&#xA;    &lt;li&gt;Decreases in strength of muscles of mastication, taste, and thirst perception. &lt;/li&gt;&#xD;&#xA;    &lt;li&gt;Decreased gastric motility with delayed emptying. &lt;/li&gt;&#xD;&#xA;    &lt;li&gt;Atrophy of protective mucosa. &lt;/li&gt;&#xD;&#xA;    &lt;li&gt;Malabsorption of carbohydrates, vitamins B&lt;sub&gt;12&lt;/sub&gt; and D, folic acid, calcium. &lt;/li&gt;&#xD;&#xA;    &lt;li&gt;Impaired sensation to defecate. &lt;/li&gt;&#xD;&#xA;    &lt;li&gt;Reduced hepatic reserve. Decreased metabolism of drugs. &lt;/li&gt;&#xD;&#xA;&lt;/ul&gt;&#xD;&#xA;&lt;p&gt;&lt;strong&gt;Parameters of Oropharyngeal and Gastrointestinal Assessment&lt;/strong&gt;&lt;/p&gt;&#xD;&#xA;&lt;ul style=&quot;list-style-type: disc;&quot;&gt;&#xD;&#xA;    &lt;li&gt;Assess abdomen, bowel sounds. &lt;/li&gt;&#xD;&#xA;    &lt;li&gt;Assess oral cavity (see the NGC summary of the Hartford Institute for Geriatric Nursing guideline &lt;a href=&quot;/content.aspx?id=43937&quot; title=&quot;Guideline #9725&quot;&gt;Providing oral health care to older adults&lt;/a&gt;), chewing and swallowing capacity, dysphagia (coughing, choking with food/fluid intake) (Ney et al., 2009 &lt;strong&gt;[Level V]&lt;/strong&gt;). If aspiration, assess lungs (rales) for infection and typical/atypical symptoms (Bartlett et al., 2000 &lt;strong&gt;[Level I]&lt;/strong&gt;; High, 2009 &lt;strong&gt;[Level V]&lt;/strong&gt;) (see the &quot;Atypical Presentation of Disease&quot; section, below). &lt;/li&gt;&#xD;&#xA;    &lt;li&gt;Monitor weight, calculate BMI, compare to standards (American Heart Association Nutrition Committee et al., 2006 &lt;strong&gt;[Level I]&lt;/strong&gt;). Determine dietary intake, compare to nutritional guidelines (Chapman, 2007 &lt;strong&gt;[Level V]&lt;/strong&gt;; USDHHS, 2005 &lt;strong&gt;[Level I]&lt;/strong&gt;; Visvanathan &amp;amp; Chapman, 2009 &lt;strong&gt;[Level V]&lt;/strong&gt;) (see the NGC summary of the Hartford Institute for Geriatric Nursing guideline &lt;a href=&quot;/content.aspx?id=43931&quot; title=&quot;Guideline #9719&quot;&gt;Nutrition in aging&lt;/a&gt;). &lt;/li&gt;&#xD;&#xA;    &lt;li&gt;Assess for gastroesophageal reflux disease (GERD), constipation and fecal incontinence; fecal impaction by digital examination of rectum or palpation of abdomen. &lt;/li&gt;&#xD;&#xA;&lt;/ul&gt;&#xD;&#xA;&lt;p&gt;&lt;strong&gt;Nursing Care Strategies&lt;/strong&gt;&lt;/p&gt;&#xD;&#xA;&lt;ul style=&quot;list-style-type: disc;&quot;&gt;&#xD;&#xA;    &lt;li&gt;Monitor drug levels and liver function tests if on medications metabolized by liver. Assess nutritional indicators (Chapman, 2007 &lt;strong&gt;[Level V]&lt;/strong&gt;; USDHHS, 2005 &lt;strong&gt;[Level I]&lt;/strong&gt;; Visvanathan &amp;amp; Chapman, 2009 &lt;strong&gt;[Level V]&lt;/strong&gt;). &lt;/li&gt;&#xD;&#xA;    &lt;li&gt;Educate on lifestyle modifications and over-the-counter (OTC) medications for GERD. &lt;/li&gt;&#xD;&#xA;    &lt;li&gt;Educate on normal bowel frequency, diet, exercise, recommended laxatives. Encourage mobility, provide laxatives if on constipating medications (Stern, 2006 &lt;strong&gt;[Level V]&lt;/strong&gt;). &lt;/li&gt;&#xD;&#xA;    &lt;li&gt;Encourage participation in community-based nutrition programs (Visvanathan &amp;amp; Chapman, 2009 &lt;strong&gt;[Level V]&lt;/strong&gt;); educate on healthful diets (USDHHS, 2005 &lt;strong&gt;[Level I]&lt;/strong&gt;). &lt;/li&gt;&#xD;&#xA;&lt;/ul&gt;&#xD;&#xA;&lt;p&gt;&lt;strong&gt;&lt;span style=&quot;text-decoration: underline;&quot;&gt;Age-associated Changes in the Musculoskeletal System&lt;/span&gt;&lt;/strong&gt;&lt;/p&gt;&#xD;&#xA;&lt;p&gt;&lt;strong&gt;Definition&lt;/strong&gt;&lt;/p&gt;&#xD;&#xA;&lt;p&gt;&lt;em&gt;Sarcopenia&lt;/em&gt;: Decline in muscle mass and strength associated with aging.&lt;/p&gt;&#xD;&#xA;&lt;p&gt;&lt;strong&gt;Etiology&lt;/strong&gt;&lt;/p&gt;&#xD;&#xA;&lt;ul style=&quot;list-style-type: disc;&quot;&gt;&#xD;&#xA;    &lt;li&gt;Sarcopenia evokes increased weakness and poor exercise tolerance. &lt;/li&gt;&#xD;&#xA;    &lt;li&gt;Lean body mass replaced by fat with redistribution of fat. &lt;/li&gt;&#xD;&#xA;    &lt;li&gt;Bone loss in women and men after peak mass at age 30 to 35 years. &lt;/li&gt;&#xD;&#xA;    &lt;li&gt;Decreased ligament and tendon strength. Intervertebral disc degeneration. Articular cartilage erosion. Changes in stature with kyphosis, height reduction. &lt;/li&gt;&#xD;&#xA;&lt;/ul&gt;&#xD;&#xA;&lt;p&gt;&lt;strong&gt;Nursing Care Strategies&lt;/strong&gt;&lt;/p&gt;&#xD;&#xA;&lt;ul style=&quot;list-style-type: disc;&quot;&gt;&#xD;&#xA;    &lt;li&gt;Encourage physical activity through health education and goal setting (Conn et al., 2003 &lt;strong&gt;[Level I]&lt;/strong&gt;) to maintain function (Netz et al., 2005 &lt;strong&gt;[Level I]&lt;/strong&gt;). &lt;/li&gt;&#xD;&#xA;    &lt;li&gt;Pain medication to enhance functionality (see the NGC summary of the Hartford Institute for Geriatric Nursing guideline &lt;a href=&quot;/content.aspx?id=43932&quot; title=&quot;Guideline #9720&quot;&gt;Pain management in older adults&lt;/a&gt;). Implement strategies to prevent falls (see the NGC summaries of the Hartford Institute for Geriatric Nursing guidelines &lt;a href=&quot;/content.aspx?id=43933&quot; title=&quot;Guideline #9721&quot;&gt;Fall prevention&lt;/a&gt; and &lt;a href=&quot;/content.aspx?id=43934&quot; title=&quot;Guideline #9722&quot;&gt;Physical restraints and side rails in acute and critical care settings&lt;/a&gt;). &lt;/li&gt;&#xD;&#xA;    &lt;li&gt;Prevent osteoporosis by adequate daily intake of calcium and vitamin D, physical exercise, smoking cessation (USDHHS, &quot;Bone Health,&quot; 2004 &lt;strong&gt;[Level I]&lt;/strong&gt;). Advise routine bone mineral density screening (Agency for Healthcare Research and Quality, 2010 &lt;strong&gt;[Level I]&lt;/strong&gt;). &lt;/li&gt;&#xD;&#xA;&lt;/ul&gt;&#xD;&#xA;&lt;p&gt;&lt;strong&gt;&lt;span style=&quot;text-decoration: underline;&quot;&gt;Age-associated Changes in the Nervous System and Cognition&lt;/span&gt;&lt;/strong&gt;&lt;/p&gt;&#xD;&#xA;&lt;p&gt;&lt;strong&gt;Etiology&lt;/strong&gt;&lt;/p&gt;&#xD;&#xA;&lt;ul style=&quot;list-style-type: disc;&quot;&gt;&#xD;&#xA;    &lt;li&gt;Decrease in neurons and neurotransmitters. &lt;/li&gt;&#xD;&#xA;    &lt;li&gt;Modifications in cerebral dendrites, glial support cells, synapses. &lt;/li&gt;&#xD;&#xA;    &lt;li&gt;Compromised thermoregulation. &lt;/li&gt;&#xD;&#xA;&lt;/ul&gt;&#xD;&#xA;&lt;p&gt;&lt;strong&gt;Parameters of Nervous System and Cognition Assessments&lt;/strong&gt;&lt;/p&gt;&#xD;&#xA;&lt;ul style=&quot;list-style-type: disc;&quot;&gt;&#xD;&#xA;    &lt;li&gt;Assess, with periodic reassessment, baseline functional status (Craft, Cholerton, &amp;amp; Reger, 2009 &lt;strong&gt;[Level V]&lt;/strong&gt;) (see the NGC summaries of the Hartford Institute for Geriatric Nursing guidelines &lt;a href=&quot;/content.aspx?id=43918&quot; title=&quot;Guideline #9706&quot;&gt;Assessment of physical function&lt;/a&gt; and &lt;a href=&quot;/content.aspx?id=43933&quot; title=&quot;Guideline #9721&quot;&gt;Fall Prevention&lt;/a&gt;). During acute illness, monitor functional status and delirium (see the NGC summary of the Hartford Institute for Geriatric Nursing guideline &lt;a href=&quot;/content.aspx?id=43920&quot; title=&quot;Guideline #9708&quot;&gt;Delirium&lt;/a&gt;). &lt;/li&gt;&#xD;&#xA;    &lt;li&gt;Evaluate, with periodic reassessment, baseline cognition (see the NGC summary of the Hartford Institute for Geriatric Nursing guideline Assessing Cognitive Functioning), and sleep disorders (Espiritu, 2008 &lt;strong&gt;[Level V]&lt;/strong&gt;). (See the NGC summary of the Hartford Institute for Geriatric Nursing guideline &lt;a href=&quot;/content.aspx?id=43924&quot; title=&quot;Guideline #9712&quot;&gt;Excessive sleepiness&lt;/a&gt;). &lt;/li&gt;&#xD;&#xA;    &lt;li&gt;Assess impact of age-related changes on level of safety and attentiveness in daily tasks (Park, O'Connell, &amp;amp; Thomson, 2003 &lt;strong&gt;[Level I]&lt;/strong&gt;; Henry et al., 2004 &lt;strong&gt;[Level I]&lt;/strong&gt;). &lt;/li&gt;&#xD;&#xA;    &lt;li&gt;Assess temperature during illness or surgery (Kuchel, 2009 &lt;strong&gt;[Level V]&lt;/strong&gt;). &lt;/li&gt;&#xD;&#xA;&lt;/ul&gt;&#xD;&#xA;&lt;p&gt;&lt;strong&gt;Nursing Care Strategies&lt;/strong&gt;&lt;/p&gt;&#xD;&#xA;&lt;ul style=&quot;list-style-type: disc;&quot;&gt;&#xD;&#xA;    &lt;li&gt;Institute fall preventions strategies (see the NGC summary of the Hartford Institute for Geriatric Nursing guideline &lt;a href=&quot;/content.aspx?id=43933&quot; title=&quot;Guideline #9721&quot;&gt;Fall prevention&lt;/a&gt;). &lt;/li&gt;&#xD;&#xA;    &lt;li&gt;To maintain cognitive function, encourage lifestyle practices of regular physical exercise (Colcombe &amp;amp; Kramer, 2003 &lt;strong&gt;[Level I]&lt;/strong&gt;), intellectual stimulation (Mattson, 2009 &lt;strong&gt;[Level V]&lt;/strong&gt;), and healthful diet (Joint National Committee, 2004 &lt;strong&gt;[Level I]&lt;/strong&gt;). &lt;/li&gt;&#xD;&#xA;    &lt;li&gt;Recommend behavioral interventions for sleep disorders. &lt;/li&gt;&#xD;&#xA;&lt;/ul&gt;&#xD;&#xA;&lt;p&gt;&lt;strong&gt;&lt;span style=&quot;text-decoration: underline;&quot;&gt;Age-associated Changes in the Immune System&lt;/span&gt;&lt;/strong&gt;&lt;/p&gt;&#xD;&#xA;&lt;p&gt;&lt;strong&gt;Etiology&lt;/strong&gt;&lt;/p&gt;&#xD;&#xA;&lt;ul style=&quot;list-style-type: disc;&quot;&gt;&#xD;&#xA;    &lt;li&gt;Immune response dysfunction (Kuchel, 2009 &lt;strong&gt;[Level V]&lt;/strong&gt;) with increased susceptibility to infection, reduced efficacy of vaccination (Htwe et al., 2007 &lt;strong&gt;[Level V]&lt;/strong&gt;), chronic inflammatory state (Hunt et al., 2010 &lt;strong&gt;[Level V]&lt;/strong&gt;). &lt;/li&gt;&#xD;&#xA;&lt;/ul&gt;&#xD;&#xA;&lt;p&gt;&lt;strong&gt;Nursing Care Strategies&lt;/strong&gt;&lt;/p&gt;&#xD;&#xA;&lt;ul style=&quot;list-style-type: disc;&quot;&gt;&#xD;&#xA;    &lt;li&gt;Follow the Centers for Disease Control and Prevention (CDC) immunization recommendations for pneumococcal infections, seasonal influenza, zoster, tetanus, and hepatitis for the older adult (CDC, 2010 &lt;strong&gt;[Level I]&lt;/strong&gt;; High, 2009 &lt;strong&gt;[Level V]&lt;/strong&gt;). &lt;/li&gt;&#xD;&#xA;&lt;/ul&gt;&#xD;&#xA;&lt;p&gt;&lt;strong&gt;&lt;span style=&quot;text-decoration: underline;&quot;&gt;Atypical Presentation of Disease&lt;/span&gt;&lt;/strong&gt;&lt;/p&gt;&#xD;&#xA;&lt;p&gt;&lt;strong&gt;Etiology&lt;/strong&gt;&lt;/p&gt;&#xD;&#xA;&lt;ul style=&quot;list-style-type: disc;&quot;&gt;&#xD;&#xA;    &lt;li&gt;Diseases, especially infections, may manifest with atypical symptoms in older adults. &lt;/li&gt;&#xD;&#xA;    &lt;li&gt;Symptoms/signs (often subtle) include nonspecific declines in function or mental status, decreased appetite, incontinence, falls (Htwe et al., 2007 &lt;strong&gt;[Level V]&lt;/strong&gt;), fatigue (Hall, 2002 &lt;strong&gt;[Level V]&lt;/strong&gt;), exacerbation of chronic illness (High, 2009 &lt;strong&gt;[Level V]&lt;/strong&gt;). &lt;/li&gt;&#xD;&#xA;    &lt;li&gt;Fever blunted or absent in very old (High, 2009 &lt;strong&gt;[Level V]&lt;/strong&gt;), frail, or malnourished (Watters, 2002 &lt;strong&gt;[Level V]&lt;/strong&gt;) adults. Baseline oral temperature in older adults is 97.4&amp;deg;F (36.3&amp;deg;C) versus 98.6&amp;deg;F (37&amp;deg;C) in younger adults (Lu, Leasure, &amp;amp; Dai, 2010 &lt;strong&gt;[Level I]&lt;/strong&gt;). &lt;/li&gt;&#xD;&#xA;&lt;/ul&gt;&#xD;&#xA;&lt;p&gt;&lt;strong&gt;Parameters of Disease Assessment&lt;/strong&gt;&lt;/p&gt;&#xD;&#xA;&lt;ul style=&quot;list-style-type: disc;&quot;&gt;&#xD;&#xA;    &lt;li&gt;Note any change from baseline in function, mental status, behavior, appetite, chronic illness (High, 2009 &lt;strong&gt;[Level V]&lt;/strong&gt;). &lt;/li&gt;&#xD;&#xA;    &lt;li&gt;Assess fever. Determine baseline and monitor for changes 2 to 2.4&amp;deg;F (1.1&amp;ndash;1.3&amp;deg;C) above baseline (Htwe et al., 2007 &lt;strong&gt;[Level V]&lt;/strong&gt;). Oral temperatures above 99&amp;deg;F (37.2&amp;deg;C) or greater also indicate fever (High, 2009 &lt;strong&gt;[Level V]&lt;/strong&gt;). &lt;/li&gt;&#xD;&#xA;    &lt;li&gt;Note typical and atypical symptoms of pneumococcal pneumonia (Bartlett et al., 2000 &lt;strong&gt;[Level I]&lt;/strong&gt;; Htwe et al., 2007 &lt;strong&gt;[Level V]&lt;/strong&gt;; Imperato &amp;amp; Sanchez, 2006 &lt;strong&gt;[Level V]&lt;/strong&gt;), tuberculosis (Kuchel, 2009 &lt;strong&gt;[Level V]&lt;/strong&gt;), influenza (Htwe et al., 2007 &lt;strong&gt;[Level V]&lt;/strong&gt;), UTI (Htwe et al., 2007 &lt;strong&gt;[Level V]&lt;/strong&gt;), peritonitis (Hall, 2002 &lt;strong&gt;[Level V]&lt;/strong&gt;), and GERD (Hall, 2009 &lt;strong&gt;[Level V]&lt;/strong&gt;). &lt;/li&gt;&#xD;&#xA;&lt;/ul&gt;&#xD;&#xA;&lt;p&gt;&lt;strong&gt;&lt;span style=&quot;text-decoration: underline;&quot;&gt;Follow-up Monitoring of Condition&lt;/span&gt;&lt;/strong&gt;&lt;/p&gt;&#xD;&#xA;&lt;ul style=&quot;list-style-type: disc;&quot;&gt;&#xD;&#xA;    &lt;li&gt;Continue to reassess effectiveness of interventions. &lt;/li&gt;&#xD;&#xA;    &lt;li&gt;Incorporate continuous quality improvement criteria into existing programs. &lt;/li&gt;&#xD;&#xA;&lt;/ul&gt;&#xD;&#xA;&lt;p&gt;&lt;strong&gt;&lt;span style=&quot;text-decoration: underline;&quot;&gt;Definitions&lt;/span&gt;&lt;/strong&gt;:&lt;/p&gt;&#xD;&#xA;&lt;p&gt;&lt;strong&gt;Levels of Evidence&lt;/strong&gt;&lt;/p&gt;&#xD;&#xA;&lt;p&gt;&lt;strong&gt;Level I&lt;/strong&gt;: Systematic reviews (integrative/meta-analyses/clinical practice guidelines based on systematic reviews)&lt;/p&gt;&#xD;&#xA;&lt;p&gt;&lt;strong&gt;Level II&lt;/strong&gt;: Single experimental study (randomized controlled trials [RCTs])&lt;/p&gt;&#xD;&#xA;&lt;p&gt;&lt;strong&gt;Level III&lt;/strong&gt;: Quasi-experimental studies&lt;/p&gt;&#xD;&#xA;&lt;p&gt;&lt;strong&gt;Level IV&lt;/strong&gt;: Non-experimental studies&lt;/p&gt;&#xD;&#xA;&lt;p&gt;&lt;strong&gt;Level V&lt;/strong&gt;: Care report/program evaluation/narrative literature reviews&lt;/p&gt;&#xD;&#xA;&lt;p&gt;&lt;strong&gt;Level VI&lt;/strong&gt;: Opinions of respected authorities/consensus panels&lt;/p&gt;&#xD;&#xA;&lt;p class=&quot;Note&quot;&gt;AGREE Next Steps Consortium (2009). Appraisal of guidelines for research &amp;amp; evaluation II. Retrieved from &lt;a href=&quot;http://www.agreetrust.org/?o=1397&quot; title=&quot;AGREE Web site&quot;&gt;http://www.agreetrust.org/?o=1397&lt;/a&gt;.&lt;/p&gt;&#xD;&#xA;&lt;p class=&quot;Note&quot;&gt;Adapted from: Melnyck, B. M. &amp;amp; Fineout-Overholt, E. (2005). Evidence-based practice in nursing &amp;amp; health care: A guide to best practice. Philadelphia, PA: Lippincott Williams &amp;amp; Wilkins and Stetler, C.B., Morsi, D., Rucki, S., Broughton, S., Corrigan, B., Fitzgerald, J., et al. (1998). Utilization-focused integrative reviews in a nursing service. Applied Nursing Research, 11(4) 195-206.&lt;/p&gt;&lt;/div&gt;" /></Field><Field FieldID="138" OrdBy="515" ID="423" Name="Clinical Algorithm(s)" Type="text"><FieldValue Value="&lt;div class=&quot;content_para&quot;&gt;&lt;p&gt;None provided&lt;/p&gt;&lt;/div&gt;" /></Field></Section><Section SecID="424" OrdBy="600" Name="Evidence Supporting the Recommendations"><Field FieldID="98" OrdBy="605" ID="425" Name="References Supporting the Recommendations" Type="citation"><FieldValue Value="&lt;table&gt;&lt;tr&gt;&lt;td&gt;Agency for Healthcare Research and Quality (AHRQ). Guide to clinical preventive services, 2010-2011: recommendations of the U.S. Preventive Services Task Force [AHRQ Publication No. 10-05145]. Rockville (MD): Agency for Healthcare Research and Quality (AHRQ); 2010. &lt;/td&gt;&lt;/tr&gt;&lt;/table&gt;" /><FieldValue Value="&lt;table&gt;&lt;tr&gt;&lt;td&gt;American Heart Association Nutrition Committee, Lichtenstein AH, Appel LJ, Brands M, Carnethon M, Daniels S, Franch HA, Franklin B, Kris-Etherton P, Harris WS, Howard B, Karanja N, Lefevre M, Rudel L, Sacks F, Van Horn L, Winston M, Wylie-Rosett J. Diet and lifestyle recommendations revision 2006: a scientific statement from the American Heart Association Nutrition Committee. Circulation. 2006 Jul 4;114(1):82-96. [97 references] &lt;a href=&quot;http://www.ncbi.nlm.nih.gov/entrez/query.fcgi?cmd=Retrieve&amp;db=pubmed&amp;dopt=Abstract&amp;list_uids=16785338&quot; target=&quot;_blank&quot;&gt;PubMed&lt;/a&gt;&lt;/td&gt;&lt;/tr&gt;&lt;/table&gt;" /><FieldValue Value="&lt;table&gt;&lt;tr&gt;&lt;td&gt;Bartlett JG, Dowell SF, Mandell LA, File Jr TM, Musher DM, Fine MJ. Practice guidelines for the management of community-acquired pneumonia in adults. Infectious Diseases Society of America. Clin Infect Dis. 2000 Aug;31(2):347-82. [218 references] &lt;a href=&quot;http://www.ncbi.nlm.nih.gov/entrez/query.fcgi?cmd=Retrieve&amp;db=pubmed&amp;dopt=Abstract&amp;list_uids=10987697&quot; target=&quot;_blank&quot;&gt;PubMed&lt;/a&gt;&lt;/td&gt;&lt;/tr&gt;&lt;/table&gt;" /><FieldValue Value="&lt;table&gt;&lt;tr&gt;&lt;td&gt;Beyth RJ, Shorr RI. Principles of drug therapy in older patients: rational drug prescribing. Clin Geriatr Med. 2002 Aug;18(3):577-92. [40 references] &lt;a href=&quot;http://www.ncbi.nlm.nih.gov/entrez/query.fcgi?cmd=Retrieve&amp;db=pubmed&amp;dopt=Abstract&amp;list_uids=12424873&quot; target=&quot;_blank&quot;&gt;PubMed&lt;/a&gt;&lt;/td&gt;&lt;/tr&gt;&lt;/table&gt;" /><FieldValue Value="&lt;table&gt;&lt;tr&gt;&lt;td&gt;Centers for Disease Control and Prevention (CDC). Recommendations and guidelines: adult immunization schedule. Atlanta (GA): Centers for Disease Control and Prevention (CDC); 2010. &lt;/td&gt;&lt;/tr&gt;&lt;/table&gt;" /><FieldValue Value="&lt;table&gt;&lt;tr&gt;&lt;td&gt;Chapman IM. The anorexia of aging. Clin Geriatr Med. 2007 Nov;23(4):735-56, v. [89 references] &lt;a href=&quot;http://www.ncbi.nlm.nih.gov/entrez/query.fcgi?cmd=Retrieve&amp;db=pubmed&amp;dopt=Abstract&amp;list_uids=17923335&quot; target=&quot;_blank&quot;&gt;PubMed&lt;/a&gt;&lt;/td&gt;&lt;/tr&gt;&lt;/table&gt;" /><FieldValue Value="&lt;table&gt;&lt;tr&gt;&lt;td&gt;Colcombe S, Kramer AF. Fitness effects on the cognitive function of older adults: a meta-analytic study. Psychol Sci. 2003 Mar;14(2):125-30. &lt;a href=&quot;http://www.ncbi.nlm.nih.gov/entrez/query.fcgi?cmd=Retrieve&amp;db=pubmed&amp;dopt=Abstract&amp;list_uids=12661673&quot; target=&quot;_blank&quot;&gt;PubMed&lt;/a&gt;&lt;/td&gt;&lt;/tr&gt;&lt;/table&gt;" /><FieldValue Value="&lt;table&gt;&lt;tr&gt;&lt;td&gt;Conn VS, Minor MA, Burks KJ, Rantz MJ, Pomeroy SH. Integrative review of physical activity intervention research with aging adults. J Am Geriatr Soc. 2003 Aug;51(8):1159-68. [30 references] &lt;a href=&quot;http://www.ncbi.nlm.nih.gov/entrez/query.fcgi?cmd=Retrieve&amp;db=pubmed&amp;dopt=Abstract&amp;list_uids=12890083&quot; target=&quot;_blank&quot;&gt;PubMed&lt;/a&gt;&lt;/td&gt;&lt;/tr&gt;&lt;/table&gt;" /><FieldValue Value="&lt;table&gt;&lt;tr&gt;&lt;td&gt;Craft S, Cholerton B, Reger M. Cognitive changes with normal and pathological aging. In: Halter JB, Ouslander JG, Tinetti ME, Studenski S, High KP, Asthana S, editor(s). Hazzards geriatric medicine and gerontology. 6th ed. New York (NY): McGraw-Hill; 2009. p. 751-65.&lt;/td&gt;&lt;/tr&gt;&lt;/table&gt;" /><FieldValue Value="&lt;table&gt;&lt;tr&gt;&lt;td&gt;Docherty B. Cardiorespiratory physical assessment for the acutely ill: 1. Br J Nurs. 2002 Jun 13-26;11(11):750-8. [40 references] &lt;a href=&quot;http://www.ncbi.nlm.nih.gov/entrez/query.fcgi?cmd=Retrieve&amp;db=pubmed&amp;dopt=Abstract&amp;list_uids=12070377&quot; target=&quot;_blank&quot;&gt;PubMed&lt;/a&gt;&lt;/td&gt;&lt;/tr&gt;&lt;/table&gt;" /><FieldValue Value="&lt;table&gt;&lt;tr&gt;&lt;td&gt;Dunn D. Preventing perioperative complications in an older adult. Nursing. 2004 Nov;34(11):36-41; quiz 42. &lt;a href=&quot;http://www.ncbi.nlm.nih.gov/entrez/query.fcgi?cmd=Retrieve&amp;db=pubmed&amp;dopt=Abstract&amp;list_uids=15686311&quot; target=&quot;_blank&quot;&gt;PubMed&lt;/a&gt;&lt;/td&gt;&lt;/tr&gt;&lt;/table&gt;" /><FieldValue Value="&lt;table&gt;&lt;tr&gt;&lt;td&gt;Espiritu JR. Aging-related sleep changes. Clin Geriatr Med. 2008 Feb;24(1):1-14, v. [50 references] &lt;a href=&quot;http://www.ncbi.nlm.nih.gov/entrez/query.fcgi?cmd=Retrieve&amp;db=pubmed&amp;dopt=Abstract&amp;list_uids=18035227&quot; target=&quot;_blank&quot;&gt;PubMed&lt;/a&gt;&lt;/td&gt;&lt;/tr&gt;&lt;/table&gt;" /><FieldValue Value="&lt;table&gt;&lt;tr&gt;&lt;td&gt;Hall KE. Aging and neural control of the GI tract. II. Neural control of the aging gut: can an old dog learn new tricks. Am J Physiol Gastrointest Liver Physiol. 2002 Oct;283(4):G827-32. [26 references] &lt;a href=&quot;http://www.ncbi.nlm.nih.gov/entrez/query.fcgi?cmd=Retrieve&amp;db=pubmed&amp;dopt=Abstract&amp;list_uids=12223341&quot; target=&quot;_blank&quot;&gt;PubMed&lt;/a&gt;&lt;/td&gt;&lt;/tr&gt;&lt;/table&gt;" /><FieldValue Value="&lt;table&gt;&lt;tr&gt;&lt;td&gt;Hall KE. Effect of aging on gastrointestinal function. In: Halter JB, Ouslander JG, Tinetti ME, Studenski S, High KP, Asthana S, editor(s). Hazzard's geriatric medicine and gerontology. 6th ed. New York: McGraw-Hill; 2009. p. 1059-64.&lt;/td&gt;&lt;/tr&gt;&lt;/table&gt;" /><FieldValue Value="&lt;table&gt;&lt;tr&gt;&lt;td&gt;Henry JD, MacLeod MS, Phillips LH, Crawford JR. A meta-analytic review of prospective memory and aging. Psychol Aging. 2004 Mar;19(1):27-39. [73 references] &lt;a href=&quot;http://www.ncbi.nlm.nih.gov/entrez/query.fcgi?cmd=Retrieve&amp;db=pubmed&amp;dopt=Abstract&amp;list_uids=15065929&quot; target=&quot;_blank&quot;&gt;PubMed&lt;/a&gt;&lt;/td&gt;&lt;/tr&gt;&lt;/table&gt;" /><FieldValue Value="&lt;table&gt;&lt;tr&gt;&lt;td&gt;High KP. Infection in the elderly. In: Halter JB, Ouslander JG, Tinetti ME, Studenski S, High KP, Asthana S, editor(s). Hazzard's geriatric medicine and gerontology. 6th ed. New York: McGraw-Hill; 2009. p. 1507-15.&lt;/td&gt;&lt;/tr&gt;&lt;/table&gt;" /><FieldValue Value="&lt;table&gt;&lt;tr&gt;&lt;td&gt;Htwe TH, Mushtaq A, Robinson SB, Rosher RB, Khardori N. Infection in the elderly. Infect Dis Clin North Am. 2007 Sep;21(3):711-43, ix. [168 references] &lt;a href=&quot;http://www.ncbi.nlm.nih.gov/entrez/query.fcgi?cmd=Retrieve&amp;db=pubmed&amp;dopt=Abstract&amp;list_uids=17826620&quot; target=&quot;_blank&quot;&gt;PubMed&lt;/a&gt;&lt;/td&gt;&lt;/tr&gt;&lt;/table&gt;" /><FieldValue Value="&lt;table&gt;&lt;tr&gt;&lt;td&gt;Hunt KJ, Walsh BM, Voegeli D, Roberts HC. Inflammation in aging part 1: physiology and immunological mechanisms. Biol Res Nurs. 2010 Jan;11(3):245-52. &lt;a href=&quot;http://www.ncbi.nlm.nih.gov/entrez/query.fcgi?cmd=Retrieve&amp;db=pubmed&amp;dopt=Abstract&amp;list_uids=19934111&quot; target=&quot;_blank&quot;&gt;PubMed&lt;/a&gt;&lt;/td&gt;&lt;/tr&gt;&lt;/table&gt;" /><FieldValue Value="&lt;table&gt;&lt;tr&gt;&lt;td&gt;Imperato J, Sanchez LD. Pulmonary emergencies in the elderly. Emerg Med Clin North Am. 2006 May;24(2):317-38, vi. [81 references] &lt;a href=&quot;http://www.ncbi.nlm.nih.gov/entrez/query.fcgi?cmd=Retrieve&amp;db=pubmed&amp;dopt=Abstract&amp;list_uids=16584960&quot; target=&quot;_blank&quot;&gt;PubMed&lt;/a&gt;&lt;/td&gt;&lt;/tr&gt;&lt;/table&gt;" /><FieldValue Value="&lt;table&gt;&lt;tr&gt;&lt;td&gt;Joint National Committee. Seventh report of the Joint National Committee on prevention, detection, evaluation, and treatment of high blood pressure. [internet]. 2004&amp;nbsp;[accessed 2006 Aug 31]. &lt;/td&gt;&lt;/tr&gt;&lt;/table&gt;" /><FieldValue Value="&lt;table&gt;&lt;tr&gt;&lt;td&gt;Kuchel GA. Aging and homeostatic regulation. In: Halter JB, Ouslander JG, Tinetti ME, Studenski S, High KP, Asthana S, editor(s). Hazzard's geriatric medicine and gerontology. 6th ed. New York: McGraw-Hill; 2009. p. 621-9.&lt;/td&gt;&lt;/tr&gt;&lt;/table&gt;" /><FieldValue Value="&lt;table&gt;&lt;tr&gt;&lt;td&gt;Lerma EV. Anatomic and physiologic changes of the aging kidney. Clin Geriatr Med. 2009 Aug;25(3):325-9. [26 references] &lt;a href=&quot;http://www.ncbi.nlm.nih.gov/entrez/query.fcgi?cmd=Retrieve&amp;db=pubmed&amp;dopt=Abstract&amp;list_uids=19765484&quot; target=&quot;_blank&quot;&gt;PubMed&lt;/a&gt;&lt;/td&gt;&lt;/tr&gt;&lt;/table&gt;" /><FieldValue Value="&lt;table&gt;&lt;tr&gt;&lt;td&gt;Lu SH, Leasure AR, Dai YT. A systematic review of body temperature variations in older people. J Clin Nurs. 2010 Jan;19(1-2):4-16. [70 references] &lt;a href=&quot;http://www.ncbi.nlm.nih.gov/entrez/query.fcgi?cmd=Retrieve&amp;db=pubmed&amp;dopt=Abstract&amp;list_uids=19886869&quot; target=&quot;_blank&quot;&gt;PubMed&lt;/a&gt;&lt;/td&gt;&lt;/tr&gt;&lt;/table&gt;" /><FieldValue Value="&lt;table&gt;&lt;tr&gt;&lt;td&gt;Mahler DA, Fierro-Carrion G, Baird JC. Evaluation of dyspnea in the elderly. Clin Geriatr Med. 2003 Feb;19(1):19-33. [37 references] &lt;a href=&quot;http://www.ncbi.nlm.nih.gov/entrez/query.fcgi?cmd=Retrieve&amp;db=pubmed&amp;dopt=Abstract&amp;list_uids=12735113&quot; target=&quot;_blank&quot;&gt;PubMed&lt;/a&gt;&lt;/td&gt;&lt;/tr&gt;&lt;/table&gt;" /><FieldValue Value="&lt;table&gt;&lt;tr&gt;&lt;td&gt;Mattson M. Cellular and neurochemical aspects of the aging human brain. In: Halter JB, Ouslander JG, Tinetti ME, Studenski S, High KP, Asthana S, editor(s). Hazzard's geriatric medicine and gerontology. 6th ed. New York: McGraw-Hill; 2009. p. 739-50.&lt;/td&gt;&lt;/tr&gt;&lt;/table&gt;" /><FieldValue Value="&lt;table&gt;&lt;tr&gt;&lt;td&gt;Mick DJ, Ackerman MH. Critical care nursing for older adults: pathophysiological and functional considerations. Nurs Clin North Am. 2004 Sep;39(3):473-93. [87 references] &lt;a href=&quot;http://www.ncbi.nlm.nih.gov/entrez/query.fcgi?cmd=Retrieve&amp;db=pubmed&amp;dopt=Abstract&amp;list_uids=15331298&quot; target=&quot;_blank&quot;&gt;PubMed&lt;/a&gt;&lt;/td&gt;&lt;/tr&gt;&lt;/table&gt;" /><FieldValue Value="&lt;table&gt;&lt;tr&gt;&lt;td&gt;Miller M. Disorders of fluid balance. In: Halter JB, Ouslander JG, Tinetti ME, Studenski S, High KP, Asthana S, editor(s). Hazzard's geriatric medicine and gerontology. 6th ed. New York: McGraw-Hill; 2009. p. 1047-58.&lt;/td&gt;&lt;/tr&gt;&lt;/table&gt;" /><FieldValue Value="&lt;table&gt;&lt;tr&gt;&lt;td&gt;Mukai S, Lipsitz LA. Orthostatic hypotension. Clin Geriatr Med. 2002 May;18(2):253-68. [61 references] &lt;a href=&quot;http://www.ncbi.nlm.nih.gov/entrez/query.fcgi?cmd=Retrieve&amp;db=pubmed&amp;dopt=Abstract&amp;list_uids=12180246&quot; target=&quot;_blank&quot;&gt;PubMed&lt;/a&gt;&lt;/td&gt;&lt;/tr&gt;&lt;/table&gt;" /><FieldValue Value="&lt;table&gt;&lt;tr&gt;&lt;td&gt;National Kidney Disease Education Program. Health professionals: GFR MDRD calculators for adults (conventional units). Bethesda (MD): National Kidney Disease Education Program; 2009. &lt;/td&gt;&lt;/tr&gt;&lt;/table&gt;" /><FieldValue Value="&lt;table&gt;&lt;tr&gt;&lt;td&gt;Netz Y, Wu MJ, Becker BJ, Tenenbaum G. Physical activity and psychological well-being in advanced age: a meta-analysis of intervention studies. Psychol Aging. 2005 Jun;20(2):272-84. &lt;a href=&quot;http://www.ncbi.nlm.nih.gov/entrez/query.fcgi?cmd=Retrieve&amp;db=pubmed&amp;dopt=Abstract&amp;list_uids=16029091&quot; target=&quot;_blank&quot;&gt;PubMed&lt;/a&gt;&lt;/td&gt;&lt;/tr&gt;&lt;/table&gt;" /><FieldValue Value="&lt;table&gt;&lt;tr&gt;&lt;td&gt;Ney DM, Weiss JM, Kind AJ, Robbins J. Senescent swallowing: impact, strategies, and interventions. Nutr Clin Pract. 2009 Jun-Jul;24(3):395-413. [100 references] &lt;a href=&quot;http://www.ncbi.nlm.nih.gov/entrez/query.fcgi?cmd=Retrieve&amp;db=pubmed&amp;dopt=Abstract&amp;list_uids=19483069&quot; target=&quot;_blank&quot;&gt;PubMed&lt;/a&gt;&lt;/td&gt;&lt;/tr&gt;&lt;/table&gt;" /><FieldValue Value="&lt;table&gt;&lt;tr&gt;&lt;td&gt;Park HL, O'Connell JE, Thomson RG. A systematic review of cognitive decline in the general elderly population. Int J Geriatr Psychiatry. 2003 Dec;18(12):1121-34. [63 references] &lt;a href=&quot;http://www.ncbi.nlm.nih.gov/entrez/query.fcgi?cmd=Retrieve&amp;db=pubmed&amp;dopt=Abstract&amp;list_uids=14677145&quot; target=&quot;_blank&quot;&gt;PubMed&lt;/a&gt;&lt;/td&gt;&lt;/tr&gt;&lt;/table&gt;" /><FieldValue Value="&lt;table&gt;&lt;tr&gt;&lt;td&gt;Pequignot R, Belmin J, Chauvelier S, Gaubert JY, Konrat C, Duron E, Hanon O. Renal function in older hospital patients is more accurately estimated using the  Cockcroft-Gault formula than the modification diet in renal disease formula. J Am Geriatr Soc. 2009 Sep;57(9):1638-43. &lt;a href=&quot;http://www.ncbi.nlm.nih.gov/entrez/query.fcgi?cmd=Retrieve&amp;db=pubmed&amp;dopt=Abstract&amp;list_uids=19682124&quot; target=&quot;_blank&quot;&gt;PubMed&lt;/a&gt;&lt;/td&gt;&lt;/tr&gt;&lt;/table&gt;" /><FieldValue Value="&lt;table&gt;&lt;tr&gt;&lt;td&gt;Smith HA, Connolly MJ. Evaluation and treatment of dysphagia following stroke. Top Geriatr Rehabil. 2003;19:43-59.&lt;/td&gt;&lt;/tr&gt;&lt;/table&gt;" /><FieldValue Value="&lt;table&gt;&lt;tr&gt;&lt;td&gt;Stern M. Neurogenic bowel and bladder in the older adult. Clin Geriatr Med. 2006 May;22(2):311-30; ix. [67 references] &lt;a href=&quot;http://www.ncbi.nlm.nih.gov/entrez/query.fcgi?cmd=Retrieve&amp;db=pubmed&amp;dopt=Abstract&amp;list_uids=16627081&quot; target=&quot;_blank&quot;&gt;PubMed&lt;/a&gt;&lt;/td&gt;&lt;/tr&gt;&lt;/table&gt;" /><FieldValue Value="&lt;table&gt;&lt;tr&gt;&lt;td&gt;Suhayda R, Walton JC. Preventing and managing dehydration. Medsurg Nurs. 2002 Dec;11(6):267-78; quiz 279. [32 references] &lt;a href=&quot;http://www.ncbi.nlm.nih.gov/entrez/query.fcgi?cmd=Retrieve&amp;db=pubmed&amp;dopt=Abstract&amp;list_uids=12520974&quot; target=&quot;_blank&quot;&gt;PubMed&lt;/a&gt;&lt;/td&gt;&lt;/tr&gt;&lt;/table&gt;" /><FieldValue Value="&lt;table&gt;&lt;tr&gt;&lt;td&gt;U.S. Department of Health and Human Services (DHHS), Office of the Surgeon General. Bone health and osteoporosis: a report of the Surgeon General. Rockville (MD): U.S. Department of Health and Human Services (DHHS); 2004. &lt;/td&gt;&lt;/tr&gt;&lt;/table&gt;" /><FieldValue Value="&lt;table&gt;&lt;tr&gt;&lt;td&gt;U.S. Department of Health and Human Services, Office of the Surgeon General. The health consequences of smoking: a report of the Surgeon General. Rockville (MD): U.S. Department of Health and Human Services; 2004. &lt;/td&gt;&lt;/tr&gt;&lt;/table&gt;" /><FieldValue Value="&lt;table&gt;&lt;tr&gt;&lt;td&gt;U.S. Department of Health and Human Services, U.S. Department of Agriculture. Dietary guidelines for Americans, 2005. Washington (DC): U.S. Department of Health and Human Services, U.S. Department of Agriculture; 2005. 84 p. &lt;/td&gt;&lt;/tr&gt;&lt;/table&gt;" /><FieldValue Value="&lt;table&gt;&lt;tr&gt;&lt;td&gt;Visvanathan R, Chapman IM. Undernutrition and anorexia in the older person. Gastroenterol Clin North Am. 2009 Sep;38(3):393-409. [83 references] &lt;a href=&quot;http://www.ncbi.nlm.nih.gov/entrez/query.fcgi?cmd=Retrieve&amp;db=pubmed&amp;dopt=Abstract&amp;list_uids=19699404&quot; target=&quot;_blank&quot;&gt;PubMed&lt;/a&gt;&lt;/td&gt;&lt;/tr&gt;&lt;/table&gt;" /><FieldValue Value="&lt;table&gt;&lt;tr&gt;&lt;td&gt;Watters JM. Surgery in the elderly. Can J Surg. 2002 Apr;45(2):104-8. [20 references] &lt;a href=&quot;http://www.ncbi.nlm.nih.gov/entrez/query.fcgi?cmd=Retrieve&amp;db=pubmed&amp;dopt=Abstract&amp;list_uids=11939651&quot; target=&quot;_blank&quot;&gt;PubMed&lt;/a&gt;&lt;/td&gt;&lt;/tr&gt;&lt;/table&gt;" /><FieldValue Value="&lt;table&gt;&lt;tr&gt;&lt;td&gt;Zeleznik J. Normative aging of the respiratory system. Clin Geriatr Med. 2003 Feb;19(1):1-18. [67 references] &lt;a href=&quot;http://www.ncbi.nlm.nih.gov/entrez/query.fcgi?cmd=Retrieve&amp;db=pubmed&amp;dopt=Abstract&amp;list_uids=12735112&quot; target=&quot;_blank&quot;&gt;PubMed&lt;/a&gt;&lt;/td&gt;&lt;/tr&gt;&lt;/table&gt;" /></Field><Field FieldID="139" OrdBy="610" ID="426" Name="Type of Evidence Supporting the Recommendations" Type="text"><FieldValue Value="&lt;div class=&quot;content_para&quot;&gt;&lt;p&gt;The type of supporting evidence is identified and graded for selected recommendations (see the &quot;Major Recommendations&quot; field).&lt;/p&gt;&lt;/div&gt;" /></Field></Section><Section SecID="427" OrdBy="700" Name="Benefits/Harms of Implementing the Guideline Recommendations"><Field FieldID="152" OrdBy="705" ID="428" Name="Potential Benefits" Type="text"><FieldValue Value="&lt;div class=&quot;content_para&quot;&gt;&lt;p&gt;&lt;strong&gt;Patient&lt;/strong&gt;&lt;/p&gt;&#xD;&#xA;&lt;p&gt;Successful aging of older adult through appropriate lifestyle practices and health care&lt;/p&gt;&#xD;&#xA;&lt;p&gt;&lt;strong&gt;Health Care Provider&lt;/strong&gt;&lt;/p&gt;&#xD;&#xA;&lt;ul style=&quot;list-style-type: disc;&quot;&gt;&#xD;&#xA;    &lt;li&gt;Identification of normative changes in aging and differentiation from pathological processes &lt;/li&gt;&#xD;&#xA;    &lt;li&gt;Development of interventions to correct for adverse effects associated with aging &lt;/li&gt;&#xD;&#xA;&lt;/ul&gt;&#xD;&#xA;&lt;p&gt;&lt;strong&gt;Institution&lt;/strong&gt;&lt;/p&gt;&#xD;&#xA;&lt;ul style=&quot;list-style-type: disc;&quot;&gt;&#xD;&#xA;    &lt;li&gt;Development of programs to promote successful aging &lt;/li&gt;&#xD;&#xA;    &lt;li&gt;Provision of staff education on age-related changes in health &lt;/li&gt;&#xD;&#xA;&lt;/ul&gt;&lt;/div&gt;" /></Field><Field FieldID="153" OrdBy="710" ID="429" Name="Potential Harms" Type="text"><FieldValue Value="&lt;div class=&quot;content_para&quot;&gt;&lt;p&gt;Not stated&lt;/p&gt;&lt;/div&gt;" /></Field></Section><Section SecID="434" OrdBy="1000" Name="Implementation of the Guideline"><Field FieldID="131" OrdBy="1010" ID="436" Name="Description of Implementation Strategy" Type="text"><FieldValue Value="&lt;div class=&quot;content_para&quot;&gt;&lt;p&gt;An implementation strategy was not provided.&lt;/p&gt;&lt;/div&gt;" /></Field><Field FieldID="117" OrdBy="1015" ID="437" Name="Implementation Tools" Type="picklist-many"><FieldValue Value="Mobile Device Resources" /></Field></Section><Section SecID="439" OrdBy="1100" Name="Institute of Medicine (IOM) National Healthcare Quality Report Categories"><Field FieldID="50" OrdBy="1105" ID="440" Name="IOM Care Need" Type="picklist-many"><FieldValue Value="End of Life Care" /><FieldValue Value="Getting Better" /><FieldValue Value="Staying Healthy" /></Field><Field FieldID="51" OrdBy="1110" ID="441" Name="IOM Domain" Type="picklist-many"><FieldValue Value="Effectiveness" /><FieldValue Value="Patient-centeredness" /></Field></Section><Section SecID="442" OrdBy="1200" Name="Identifying Information and Availability"><Field FieldID="97" OrdBy="1201" ID="392" Name="Bibliographic Source(s)" Type="citation"><FieldValue Value="&lt;table&gt;&lt;tr&gt;&lt;td&gt;Smith CM, Cotter V. Age-related changes in health. In: Boltz M, Capezuti E, Fulmer T, Zwicker D, editor(s). Evidence-based geriatric nursing protocols for best practice. 4th ed. New York (NY): Springer Publishing Company; 2012. p. 23-47.&lt;/td&gt;&lt;/tr&gt;&lt;/table&gt;" /></Field><Field FieldID="124" OrdBy="1205" ID="443" Name="Adaptation" Type="text"><FieldValue Value="&lt;div class=&quot;content_para&quot;&gt;&lt;p&gt;Not applicable: The guideline was not adapted from another source.&lt;/p&gt;&lt;/div&gt;" /></Field><Field FieldID="128" OrdBy="1215" ID="445" Name="Date Released" Type="text"><FieldValue Value="2008 (revised 2012)" /></Field><Field FieldID="158" OrdBy="1225" ID="447" Name="Guideline Developer(s)" Type="orglist-p"><FieldValue Value="Hartford Institute for Geriatric Nursing - Academic Institution" /></Field><Field FieldID="123" OrdBy="1230" ID="448" Name="Guideline Developer Comment" Type="text"><FieldValue Value="&lt;div class=&quot;content_para&quot;&gt;&lt;p&gt;The guidelines were developed by a group of nursing experts from across the country as part of the Nurses Improving Care for Health System Elders (NICHE) project, under sponsorship of the Hartford Institute for Geriatric Nursing, New York University College of Nursing.&lt;/p&gt;&lt;/div&gt;" /></Field><Field FieldID="125" OrdBy="1235" ID="449" Name="Source(s) of Funding" Type="text"><FieldValue Value="&lt;div class=&quot;content_para&quot;&gt;&lt;p&gt;Hartford Institute for Geriatric Nursing&lt;/p&gt;&lt;/div&gt;" /></Field><Field FieldID="126" OrdBy="1240" ID="450" Name="Guideline Committee" Type="text"><FieldValue Value="&lt;div class=&quot;content_para&quot;&gt;&lt;p&gt;Not stated&lt;/p&gt;&lt;/div&gt;" /></Field><Field FieldID="127" OrdBy="1245" ID="451" Name="Composition of Group That Authored the Guideline" Type="text"><FieldValue Value="&lt;div class=&quot;content_para&quot;&gt;&lt;p&gt;&lt;em&gt;Primary Authors&lt;/em&gt;: Constance M. Smith, PhD, RN Wilmington, DE; Valerie Cotter, DrNP, CRNP, FAANP, Advanced Senior Lecturer, University of Pennsylvania&lt;/p&gt;&lt;/div&gt;" /></Field><Field FieldID="147" OrdBy="1250" ID="452" Name="Financial Disclosures/Conflicts of Interest" Type="text"><FieldValue Value="&lt;div class=&quot;content_para&quot;&gt;&lt;p&gt;Not stated&lt;/p&gt;&lt;/div&gt;" /></Field><Field FieldID="120" OrdBy="1256" ID="393" Name="Guideline Status" Type="text"><FieldValue Value="&lt;div class=&quot;content_para&quot;&gt;&lt;p&gt;This is the current release of the guideline.&lt;/p&gt;&#xD;&#xA;&lt;p&gt;This guideline updates a previous version: Smith CM, Cotter V. Age-related changes in health. In: Capezuti E, Zwicker D, Mezey M, Fulmer T, editor(s). Evidence-based geriatric nursing protocols for best practice. 3rd ed. New York (NY): Springer Publishing Company; 2008. p. 431-58.&lt;/p&gt;&lt;/div&gt;" /></Field><Field FieldID="118" OrdBy="1260" ID="454" Name="Guideline Availability" Type="text"><FieldValue Value="&lt;div class=&quot;content_para&quot;&gt;&lt;p&gt;Electronic copies: Available from the &lt;a href=&quot;http://www.consultgerirn.org/topics/normal_aging_changes/want_to_know_more&quot; title=&quot;Hartford Institute for Geriatric Nursing Web site&quot;&gt;Hartford Institute for Geriatric Nursing Web site&lt;/a&gt;.&lt;/p&gt;&#xD;&#xA;&lt;p&gt;Copies of the book &lt;em&gt;Evidence-Based Geriatric Nursing Protocols for Best Practice&lt;/em&gt;, 4th edition: Available from Springer Publishing Company, 536 Broadway, New York, NY 10012; Phone: (212) 431-4370; Fax: (212) 941-7842; Web: &lt;a href=&quot;http://www.springerpub.com&quot; title=&quot;Springer Publishing Web site&quot;&gt;www.springerpub.com&lt;/a&gt;.&lt;/p&gt;&lt;/div&gt;" /></Field><Field FieldID="119" OrdBy="1265" ID="455" Name="Availability of Companion Documents" Type="text"><FieldValue Value="&lt;div class=&quot;content_para&quot;&gt;&lt;p&gt;The ConsultGeriRN app for mobile devices is available from the &lt;a href=&quot;http://consultgerirn.org/resources/apps/&quot; title=&quot;Hartford Institute for Geriatric Nursing Web site&quot;&gt;Hartford Institute for Geriatric Nursing Web site&lt;/a&gt;.&lt;/p&gt;&lt;/div&gt;" /></Field><Field FieldID="143" OrdBy="1275" ID="457" Name="Patient Resources" Type="text"><FieldValue Value="&lt;div class=&quot;content_para&quot;&gt;&lt;p&gt;None available&lt;/p&gt;&lt;/div&gt;" /></Field><Field FieldID="142" OrdBy="1280" ID="458" Name="NGC Status" Type="text"><FieldValue Value="&lt;div class=&quot;content_para&quot;&gt;&lt;p&gt;This NGC summary was completed by ECRI Institute on June 11, 2008. The information was verified by the guideline developer on August 4, 2008. This NGC summary was updated by ECRI Institute on June 24, 2013. The updated information was verified by the guideline developer on August 6, 2013.&lt;/p&gt;&lt;/div&gt;" /></Field><Field FieldID="141" OrdBy="1290" ID="460" Name="Copyright Statement" Type="text"><FieldValue Value="&lt;div class=&quot;content_para&quot;&gt;&lt;p&gt;This NGC summary is based on the original guideline, which is subject to the guideline developer's copyright restrictions.&lt;/p&gt;&lt;/div&gt;" /></Field></Section><Section SecID="99999" OrdBy="99999" Name="Disclaimer"><Field FieldID="99999" OrdBy="99999" ID="99999" Name="NGC Disclaimer" Type="text"><FieldValue Value="&lt;p&gt;The National Guideline Clearinghouse™ (NGC) does not develop, produce, approve, or endorse the guidelines represented on this site.&lt;/p&gt; &#xD;&#xA;&lt;p&gt;All guidelines summarized by NGC and hosted on our site are produced under the auspices of medical specialty societies, relevant professional associations, public or private organizations, other government agencies, health care organizations or plans, and similar entities.&lt;/p&gt; &#xD;&#xA;&lt;p&gt;Guidelines represented on the NGC Web site are submitted by guideline developers, and are screened solely to determine that they meet the NGC Inclusion Criteria which may be found at &lt;a href=&quot;/about/inclusion-criteria.aspx&quot;&gt;http://www.guideline.gov/about/inclusion-criteria.aspx&lt;/a&gt;.&lt;/p&gt; &#xD;&#xA;&lt;p&gt;NGC, AHRQ, and its contractor ECRI Institute make no warranties concerning the content or clinical efficacy or effectiveness of the clinical practice guidelines and related materials represented on this site. Moreover, the views and opinions of developers or authors of guidelines represented on this site do not necessarily state or reflect those of NGC, AHRQ, or its contractor ECRI Institute, and inclusion or hosting of guidelines in NGC may not be used for advertising or commercial endorsement purposes.&lt;/p&gt; &#xD;&#xA;&lt;p&gt;Readers with questions regarding guideline content are directed to contact the guideline developer.&lt;/p&gt;" /></Field></Section></Version>
