<Version><xmlsource>This XML content was developed by AHRQ's contractor ECRI Institute for the National Guideline Clearinghouse (NGC).</xmlsource><Section SecID="390" OrdBy="100" Name="General"><Field FieldID="161" OrdBy="105" ID="391" Name="Guideline Title" Type="text"><FieldValue Value="&lt;div class=&quot;content_title&quot;&gt;Implantable cardioverter defibrillators and cardiac resynchronisation therapy for arrhythmias and heart failure (review of TA95 and TA120).&lt;/div&gt;" /></Field><Field FieldID="97" OrdBy="110" ID="392" Name="Bibliographic Source(s)" Type="citation"><FieldValue Value="&lt;table&gt;&lt;tr&gt;&lt;td&gt;National Institute for Health and Care Excellence (NICE). Implantable cardioverter defibrillators and cardiac resynchronization therapy for arrhythmias and heart failure (review of TA95 and TA120).  London (UK): National Institute for Health and Care Excellence (NICE); 2014 Jun. 71 p.&amp;nbsp;(Technology appraisal guidance; no. 314).&amp;nbsp;&lt;/td&gt;&lt;/tr&gt;&lt;/table&gt;" /></Field><Field FieldID="120" OrdBy="115" ID="393" Name="Guideline Status" Type="text"><FieldValue Value="&lt;div class=&quot;content_para&quot;&gt;&lt;p&gt;This is the current release of the guideline.&lt;/p&gt;&#xA;&lt;p&gt;This guideline updates previous versions: National Institute for Health and Clinical Excellence (NICE). Cardiac resynchronisation therapy for the treatment of heart failure. London (UK): National Institute for Health and Clinical Excellence (NICE); 2007 May. 28 p. (Technology appraisal guidance; no. 120).&lt;/p&gt;&#xA;&lt;p&gt;National Institute for Health and Clinical Excellence (NICE). Implantable cardioverter defibrillators for arrhythmias. London (UK): National Institute for Health and Clinical Excellence (NICE); 2006 Jan 1. 33 p. (Technology Appraisal; no. 95).&lt;/p&gt;&#xA;&lt;p&gt;This guideline meets NGC's 2013 (revised) inclusion criteria.&lt;/p&gt;&lt;/div&gt;" /></Field><Field Name ="UMLS Concepts"><FieldValue Value="ICD9CM: Cardiac dysrhythmia, unspecified  (427.9); Heart failure, unspecified  (428.9); Hypertrophic obstructive cardiomyopathy  (425.11); Long QT syndrome  (426.82)"/><FieldValue Value="MSH: Arrhythmias, Cardiac ; Arrhythmogenic Right Ventricular Dysplasia ; Brugada Syndrome ; Cardiac Pacing, Artificial ; Cardiac Resynchronization Therapy ; Cardiac Resynchronization Therapy Devices ; Cardiomyopathy, Hypertrophic ; Defibrillators, Implantable ; Electric Countershock ; Heart Failure ; Long QT Syndrome ; Pacemaker, Artificial "/><FieldValue Value="MTH: Artificial cardiac pacemaker ; Brugada Syndrome (disorder) ; Cardiac Arrhythmia ; Electric Countershock ; Heart failure ; Hypertrophic Cardiomyopathy ; Implantable defibrillator ; Long QT Syndrome ; Ventricular arrhythmia "/><FieldValue Value="SNOMEDCT_US: Arrhythmogenic right ventricular dysplasia  (253528005); Arrhythmogenic right ventricular dysplasia  (281170005); Brugada syndrome  (418818005); Cardiac arrhythmia  (698247007); Cardiac pacemaker  (14106009); Cardioversion  (250980009); Heart failure  (84114007); Hypertrophic cardiomyopathy  (233873004); Hypertrophic cardiomyopathy  (45227007); Implantable defibrillator  (72506001); Long QT syndrome  (9651007); Ventricular arrhythmia  (44103008)"/><FieldValue Value="UMD: Defibrillator/Cardioverter/Pacemakers, Implantable, Resynchronization  (20-376); Defibrillators, Implantable  (16-652); Defibrillators, Implantable  (18-503); Pacemakers, Cardiac  (12-911); Pacemakers, Cardiac, Implantable, Resynchronization  (20-375)"/></Field></Section><Section SecID="396" OrdBy="300" Name="Scope"><Field FieldID="140" OrdBy="305" ID="397" Name="Disease/Condition(s)" Type="text"><FieldValue Value="&lt;ul style=&quot;list-style-type: disc;&quot;&gt;&#xA;    &lt;li&gt;Ventricular arrhythmia &lt;/li&gt;&#xA;    &lt;li&gt;Heart failure &lt;/li&gt;&#xA;    &lt;li&gt;Cardiac conditions with a high risk of sudden death, such as long QT syndrome, hypertrophic cardiomyopathy, Brugada syndrome or arrhythmogenic right ventricular dysplasia &lt;/li&gt;&#xA;&lt;/ul&gt;" /></Field><Field FieldID="103" OrdBy="310" ID="398" Name="Guideline Category" Type="picklist-many"><FieldValue Value="Prevention" /><FieldValue Value="Technology Assessment" /><FieldValue Value="Treatment" /></Field><Field FieldID="113" OrdBy="315" ID="399" Name="Clinical Specialty" Type="picklist-many"><FieldValue Value="Cardiology" /><FieldValue Value="Internal Medicine" /></Field><Field FieldID="114" OrdBy="320" ID="400" Name="Intended Users" Type="picklist-many"><FieldValue Value="Advanced Practice Nurses" /><FieldValue Value="Nurses" /><FieldValue Value="Physician Assistants" /><FieldValue Value="Physicians" /></Field><Field FieldID="129" OrdBy="325" ID="401" Name="Guideline Objective(s)" Type="text"><FieldValue Value="&lt;div class=&quot;content_para&quot;&gt;&lt;p&gt;To appraise the clinical- and cost-effectiveness of implantable cardioverter defibrillators (ICDs) in the treatment of arrhythmias and biventricular pacing (cardiac resynchronisation) to restore synchronous cardiac contraction in patients with advanced heart failure&lt;/p&gt;&lt;/div&gt;" /></Field><Field FieldID="132" OrdBy="330" ID="402" Name="Target Population" Type="text"><FieldValue Value="&lt;ul style=&quot;list-style-type: disc;&quot;&gt;&#xA;    &lt;li&gt;People at increased risk of sudden cardiac death as a result of ventricular arrhythmias despite optimal pharmacological treatment &lt;/li&gt;&#xA;    &lt;li&gt;People with heart failure as a result of left ventricular systolic dysfunction and cardiac dyssynchrony despite optimal pharmacological treatment &lt;/li&gt;&#xA;    &lt;li&gt;People with both conditions described above &lt;/li&gt;&#xA;&lt;/ul&gt;&#xA;&lt;p class=&quot;Note&quot;&gt;&lt;strong&gt;Note&lt;/strong&gt;: In practice these are not distinct populations and there is considerable overlap between the groups, such that people with heart failure due to left ventricular systolic dysfunction are at risk of sudden cardiac death from ventricular arrhythmia.&lt;/p&gt;" /></Field><Field FieldID="133" OrdBy="335" ID="403" Name="Interventions and Practices Considered" Type="text"><FieldValue Value="&lt;ol style=&quot;list-style-type: decimal;&quot; start=&quot;1&quot;&gt;&#xA;    &lt;li&gt;Implantable cardioverter defibrillators (ICDs) &lt;/li&gt;&#xA;    &lt;li&gt;Cardiac resynchronisation therapy (cardiac resynchronisation with pacing [CRT-P] or cardiac resynchronisation with defibrillator [CRT-D]) &lt;/li&gt;&#xA;&lt;/ol&gt;" /></Field><Field FieldID="134" OrdBy="340" ID="404" Name="Major Outcomes Considered" Type="text"><FieldValue Value="&lt;ul style=&quot;list-style-type: disc;&quot;&gt;&#xD;&#xA;    &lt;li&gt;Clinical effectiveness&#xD;&#xA;    &lt;ul style=&quot;list-style-type: disc;&quot;&gt;&#xD;&#xA;        &lt;li&gt;Mortality (including progressive heart failure mortality, non-heart failure mortality, all-cause mortality and sudden cardiac death) &lt;/li&gt;&#xD;&#xA;        &lt;li&gt;Adverse effects of treatment &lt;/li&gt;&#xD;&#xA;        &lt;li&gt;Health related quality of life (HRQoL) &lt;/li&gt;&#xD;&#xA;        &lt;li&gt;Symptoms and complications related to tachyarrhythmias and/or heart failure &lt;/li&gt;&#xD;&#xA;        &lt;li&gt;Heart failure hospitalisations &lt;/li&gt;&#xD;&#xA;        &lt;li&gt;Change in New York Heart Association (NYHA) class &lt;/li&gt;&#xD;&#xA;        &lt;li&gt;Change in left ventricular ejection fraction (LVEF) &lt;/li&gt;&#xD;&#xA;    &lt;/ul&gt;&#xD;&#xA;    &lt;/li&gt;&#xD;&#xA;    &lt;li&gt;Cost-effectiveness &lt;/li&gt;&#xD;&#xA;&lt;/ul&gt;" /></Field></Section><Section SecID="405" OrdBy="400" Name="Methodology"><Field FieldID="109" OrdBy="405" ID="406" Name="Methods Used to Collect/Select the Evidence" Type="picklist-many"><FieldValue Value="Hand-searches of Published Literature (Primary Sources)" /><FieldValue Value="Hand-searches of Published Literature (Secondary Sources)" /><FieldValue Value="Searches of Electronic Databases" /><FieldValue Value="Searches of Unpublished Data" /></Field><Field FieldID="135" OrdBy="410" ID="407" Name="Description of Methods Used to Collect/Select the Evidence" Type="text"><FieldValue Value="&lt;div class=&quot;content_para&quot;&gt;&lt;p&gt;&lt;strong&gt;Note from the National Guideline Clearinghouse (NGC)&lt;/strong&gt;: The National Institute for Health and Care Excellence (NICE) commissioned an independent academic centre to perform a systematic literature review on the technology considered in this appraisal and prepare an assessment report. The assessment report for this technology appraisal was prepared by the Southampton Health Technology Assessments Centre (SHTAC) (see the &quot;Availability of Companion Documents&quot; field).&lt;/p&gt;&#xA;&lt;p&gt;&lt;strong&gt;Identification of Studies&lt;/strong&gt;&lt;/p&gt;&#xA;&lt;p&gt;A search strategy was developed, tested and refined by an experienced information scientist. The strategy identified clinical-effectiveness studies of implantable cardioverter defibrillators (ICDs) for arrhythmias and cardiac resynchronisation therapy (CRT) for the treatment of heart failure. Additional search strategies identified studies reporting on the cost-effectiveness of ICDs and CRT, and studies reporting on the epidemiology and natural history of arrhythmias and heart failure. Searches to inform cost-effectiveness modeling were also conducted. Sources of information and search terms are provided in Appendix 3 in the Assessment Report. The most recent search was carried out in November 2012.&lt;/p&gt;&#xA;&lt;p&gt;The following electronic databases were searched: The Cochrane Library including the Cochrane Database of Systematic Reviews (CDSR), the Cochrane Central Register of Controlled Trials, CRD (University of York) Database of Abstracts of Reviews of Effectiveness (DARE), the National Health Service Economic Evaluation Database (NHS EED) and the Health Technology Assessment (HTA) database; Medline (Ovid); EMBASE (Ovid); Medline In-Process and Other Non-Indexed Citations (Ovid); Web of Science with Conference Proceedings: Science Citation Index Expanded (SCIE) and Conference Proceedings Citation Index - Science (CPCI) (ISI Web of Knowledge); Biosis Previews (ISI Web of Knowledge); Zetoc (Mimas); NIHR-Clinical Research Network Portfolio; Clinical Trials.gov and Current Controlled Trials. Searches were carried out from database inception to the present for studies in the English language. Searches were limited to randomised controlled trials (RCTs) for the assessment of clinical effectiveness and to full economic evaluations for the assessment of cost effectiveness. Bibliographies of retrieved papers and the manufacturers' submission to NICE were assessed for relevant studies that met the inclusion criteria, and the expert advisory group were contacted to identify additional published and unpublished evidence.&lt;/p&gt;&#xA;&lt;p&gt;&lt;strong&gt;Inclusion and Exclusion Criteria&lt;/strong&gt;&lt;/p&gt;&#xA;&lt;p&gt;The inclusion criteria for population, interventions and comparators are summarised below.&lt;/p&gt;&#xA;&lt;p&gt;&lt;strong&gt;Summary of Inclusion Criteria&lt;/strong&gt;&lt;/p&gt;&#xA;&lt;table border=&quot;1&quot; cellspacing=&quot;1&quot; cellpadding=&quot;1&quot; summary=&quot;Table: Summary of Inclusion Criteria&quot;&gt;&#xA;    &lt;tbody&gt;&#xA;        &lt;tr&gt;&#xA;            &lt;th valign=&quot;top&quot;&gt;Population&lt;/th&gt;&#xA;            &lt;td valign=&quot;top&quot;&gt;People at increased risk of sudden cardiac death as a result of ventricular arrhythmias despite OPT&lt;/td&gt;&#xA;            &lt;td valign=&quot;top&quot;&gt;People with heart failure as a result of left ventricular systolic dysfunction and cardiac dyssynchrony despite OPT&lt;/td&gt;&#xA;            &lt;td valign=&quot;top&quot;&gt;People with both conditions described to the left&lt;/td&gt;&#xA;        &lt;/tr&gt;&#xA;        &lt;tr&gt;&#xA;            &lt;th valign=&quot;top&quot;&gt;Interventions&lt;/th&gt;&#xA;            &lt;td valign=&quot;top&quot;&gt;&lt;strong&gt;ICD&lt;/strong&gt; in addition to OPT&lt;/td&gt;&#xA;            &lt;td valign=&quot;top&quot;&gt;&lt;strong&gt;CRT-P or CRT-D&lt;/strong&gt; in addition to OPT&lt;/td&gt;&#xA;            &lt;td valign=&quot;top&quot;&gt;&lt;strong&gt;CRT-D&lt;/strong&gt; in addition to OPT&lt;/td&gt;&#xA;        &lt;/tr&gt;&#xA;        &lt;tr&gt;&#xA;            &lt;th valign=&quot;top&quot;&gt;Comparators&lt;/th&gt;&#xA;            &lt;td valign=&quot;top&quot;&gt;Standard care (OPT without ICD)&lt;/td&gt;&#xA;            &lt;td valign=&quot;top&quot;&gt;CRT-P vs CRT-D&lt;br /&gt;&#xA;            Standard care (OPT without CRT)&lt;/td&gt;&#xA;            &lt;td valign=&quot;top&quot;&gt;ICD&lt;br /&gt;&#xA;            CRT-P&lt;br /&gt;&#xA;            Standard care (OPT alone)&lt;/td&gt;&#xA;        &lt;/tr&gt;&#xA;    &lt;/tbody&gt;&#xA;&lt;/table&gt;&#xA;&lt;p class=&quot;Note&quot;&gt;CRT, cardiac resynchronisation therapy; CRT-D, cardiac resynchronisation therapy with defibrillator; CRT-P, cardiac resynchronisation therapy with pacing; ICD, implantable cardioverter defibrillator; OPT, optimal pharmacological therapy&lt;/p&gt;&#xA;&lt;p&gt;When screening studies for inclusion it became apparent that the pharmacological therapy in some of the older studies may not be considered optimal by current standards. After consultation with NICE and clinical experts, it was decided that trials in which the pharmacological therapy in either the intervention or comparator arm was not optimal (i.e., current best practice based on clinical opinion) would be included in the systematic review.&lt;/p&gt;&#xA;&lt;p&gt;&lt;strong&gt;Study Design&lt;/strong&gt;&lt;/p&gt;&#xA;&lt;ul style=&quot;list-style-type: disc;&quot;&gt;&#xA;    &lt;li&gt;For the systematic review of clinical effectiveness, only RCTs were eligible. &lt;/li&gt;&#xA;    &lt;li&gt;Studies published as abstracts or conference presentations from 2010 onwards were only included if sufficient details were presented to allow an appraisal of the methodology and the assessment of results to be undertaken. &lt;/li&gt;&#xA;    &lt;li&gt;Systematic reviews of the clinical-effectiveness of ICDs and CRT were used as a source of references. &lt;/li&gt;&#xA;    &lt;li&gt;For the systematic review of cost-effectiveness, studies were only included if they reported the results of full economic evaluations (cost-effectiveness analyses [reporting cost per life year gained], cost-utility analyses or cost-benefit analyses). &lt;/li&gt;&#xA;    &lt;li&gt;For the systematic review of quality of life, primary studies or quality-of-life (QoL) collected as part of a trial using European Quality of Life Questionnaire &amp;ndash; 5 Dimensions (EQ-5D) (not visual analogue scale [VAS]), specified by New York Heart Association (NYHA) class for people with heart failure, were included. &lt;/li&gt;&#xA;    &lt;li&gt;Non-English language studies were excluded. &lt;/li&gt;&#xA;&lt;/ul&gt;&#xA;&lt;p&gt;&lt;strong&gt;Screening Process&lt;/strong&gt;&lt;/p&gt;&#xA;&lt;p&gt;Studies were selected for inclusion in the systematic review of clinical effectiveness through a two-stage process using the criteria defined above. The titles and abstracts of studies identified by the search strategy were screened by two reviewers to identify all citations that potentially met the inclusion criteria. Full papers of relevant studies were retrieved and assessed by two independent reviewers using a standardised eligibility form. Full papers or abstracts describing the same study were linked together, with the article reporting key outcomes designated as the primary publication.&lt;/p&gt;&#xA;&lt;p&gt;Titles and abstracts identified by the search strategies for the systematic reviews of cost-effectiveness and quality of life were assessed for potential eligibility by two health economists using predetermined inclusion criteria. Full papers were assessed for inclusion by two reviewers.&lt;/p&gt;&#xA;&lt;p&gt;&lt;strong&gt;Summary of SHTAC Peer Review of Clinical Effectiveness in the ABHI Joint Submission&lt;/strong&gt;&lt;/p&gt;&#xA;&lt;p&gt;A joint report on behalf of Biotronik UK, Boston Scientific, Medtronic UK, Sorin Group and St Jude Medical was submitted by the Association of British Healthcare Industries (ABHI) to NICE. The clinical effectiveness evidence presented in this manufacturers' submission (MS) has been briefly appraised (see Appendix 11 in the Assessment Report). The MS also presented individual patient level data (IPD) network meta-analysis (NMA) and an economic model.&lt;/p&gt;&#xA;&lt;p&gt;A systematic review of clinical effectiveness was undertaken in the MS. Details of the searches were reported and the search strategies were supplied. Details and results of studies included in the systematic review were tabulated. Risk of bias was assessed, although no narrative discussion of risk of bias was provided. The inclusion criteria for the MS systematic review differed from the NICE scope, and the results were not presented according to the population groups defined in the NICE scope. As a result of this, the MS and SHTAC systematic reviews differ in the evidence included (see Appendix 11 in the Assessment Report).&lt;/p&gt;&lt;/div&gt;" /></Field><Field FieldID="136" OrdBy="415" ID="408" Name="Number of Source Documents" Type="text"><FieldValue Value="&lt;div class=&quot;content_para&quot;&gt;&lt;p&gt;&lt;strong&gt;Clinical Effectiveness&lt;/strong&gt;&lt;/p&gt;&#xA;&lt;ul style=&quot;list-style-type: disc;&quot;&gt;&#xA;    &lt;li&gt;Searches identified a total of 4556 references after de-duplication, and full texts of 222 references were retrieved after screening titles and abstracts. The number of references excluded at each stage of the systematic review is shown in Figure 3 in the Assessment Report (see the &quot;Availability of Companion Documents&quot; field). Selected references which were retrieved but later excluded are listed in Appendix 5 in the Assessment Report with reasons for exclusion. Papers were often excluded for more than one reason; the most common reason being study design (70 papers), followed by comparator (40 papers) and outcomes (32 papers). Although not formally assessed, the level of agreement between reviewers for screening was considered good. &lt;/li&gt;&#xA;    &lt;li&gt;Searches identified five relevant trials in progress, a summary of which can be seen in Appendix 6 in the Assessment Report (see the &quot;Availability of Companion Documents&quot; field). &lt;/li&gt;&#xA;    &lt;li&gt;Twenty-six eligible randomised controlled trials (RCTs) were identified (references listed in Table 6 of the Assessment Report), many of these trials were reported in several publications (a total of 78 papers). Thirteen RCTs were considered to involve people at increased risk of sudden cardiac death as a result of ventricular arrhythmias, four trials were considered to involve people with heart failure as a result of left ventricular systolic dysfunction and cardiac dyssynchrony and nine RCTs were considered to involve people with both of these conditions. &lt;/li&gt;&#xA;&lt;/ul&gt;&#xA;&lt;p&gt;&lt;strong&gt;Cost-effectiveness&lt;/strong&gt;&lt;/p&gt;&#xA;&lt;ul style=&quot;list-style-type: disc;&quot;&gt;&#xA;    &lt;li&gt;The searches conducted identified 1410 studies that potentially met the inclusion criteria. From screening titles and abstracts, 1334 publications were excluded and 76 retrieved for full screening. Twenty-two retrieved studies did not meet the inclusion criteria. &lt;/li&gt;&#xA;    &lt;li&gt;A list of relevant excluded studies can be seen in Appendix 12 in the Assessment Report. Fifty-four papers met the inclusion criteria. Three studies were each reported in two publications. Thus, 51 separate economic evaluations were included in this review. A flow chart of the identification of the included studies is given in Figure 31 in the Assessment Report (see the &quot;Availability of Companion Documents&quot; field). &lt;/li&gt;&#xA;&lt;/ul&gt;&#xA;&lt;p&gt;&lt;strong&gt;Health-Related Quality of Life&lt;/strong&gt;&lt;/p&gt;&#xA;&lt;p&gt;The search strategy identified 6696 references which after filtering for European Quality of Life Questionnaire &amp;ndash; 5 Dimensions (EQ-5D) resulted in 218 papers that were potentially relevant. Titles and abstracts were screened and the full text of 22 papers was retrieved for further inspection. After examining the retrieved papers, six studies met the inclusion criteria. A summary of the selection process and the reasons for exclusion are presented in Figure 32 of the Assessment Report. Most studies were excluded because they did not use the EQ-5D or did not report it in the required format. A list of the excluded studies is shown in Appendix 14 in the Assessment Report (see the &quot;Availability of Companion Documents&quot; field).&lt;/p&gt;&lt;/div&gt;" /></Field><Field FieldID="115" OrdBy="420" ID="409" Name="Methods Used to Assess the Quality and Strength of the Evidence" Type="picklist-choice"><FieldValue Value="Expert Consensus" /></Field><Field FieldID="149" OrdBy="425" ID="410" Name="Rating Scheme for the Strength of the Evidence" Type="text"><FieldValue Value="&lt;div class=&quot;content_para&quot;&gt;&lt;p&gt;Not applicable&lt;/p&gt;&lt;/div&gt;" /></Field><Field FieldID="116" OrdBy="430" ID="411" Name="Methods Used to Analyze the Evidence" Type="picklist-many"><FieldValue Value="Meta-Analysis of Randomized Controlled Trials" /><FieldValue Value="Systematic Review with Evidence Tables" /></Field><Field FieldID="150" OrdBy="435" ID="412" Name="Description of the Methods Used to Analyze the Evidence" Type="text"><FieldValue Value="&lt;div class=&quot;content_para&quot;&gt;&lt;p&gt;&lt;strong&gt;Note from the National Guideline Clearinghouse (NGC)&lt;/strong&gt;: The National Institute for Health and Care Excellence (NICE) commissioned an independent academic centre to perform a systematic literature review on the technology considered in this appraisal and prepare an assessment report. The assessment report for this technology appraisal was prepared by the Southampton Health Technology Assessments Centre (SHTAC) (see the &quot;Availability of Companion Documents&quot; field).&lt;/p&gt;&#xA;&lt;p&gt;&lt;strong&gt;&lt;span style=&quot;text-decoration: underline;&quot;&gt;Clinical Effectiveness&lt;/span&gt;&lt;/strong&gt;&lt;/p&gt;&#xA;&lt;p&gt;&lt;strong&gt;Data Extraction Process&lt;/strong&gt;&lt;/p&gt;&#xA;&lt;p&gt;Data from included studies were extracted by one reviewer using a standardised data extraction form and checked by a second reviewer. At each stage, any disagreements were resolved by discussion, with the involvement of a third reviewer where necessary.&lt;/p&gt;&#xA;&lt;p&gt;&lt;strong&gt;Critical Appraisal&lt;/strong&gt;&lt;/p&gt;&#xA;&lt;p&gt;The risk of bias of the clinical-effectiveness studies was assessed according to criteria devised by the Cochrane Collaboration. Criteria were applied by one reviewer and checked by a second reviewer, with differences in opinion resolved by consensus and by consultation with a third reviewer if necessary. Economic evaluations were appraised using criteria based on those recommended by Drummond and colleagues, the requirements of the NICE reference case and the suggested guideline for good practice in decision analytic modelling by Philips and colleagues (see Appendix 4 in the Assessment Report [see the &quot;Availability of Companion Documents&quot; field]). Published studies carried out from the UK National Health Service (NHS) and Personal Social Services (PSS) perspective were examined in more detail.&lt;/p&gt;&#xA;&lt;p&gt;&lt;strong&gt;Method of Data Synthesis&lt;/strong&gt;&lt;/p&gt;&#xA;&lt;p&gt;Clinical-effectiveness data were synthesised through a narrative review with tabulation of the results of included studies. Where data were of sufficient quality and homogeneity, meta-analysis of the clinical-effectiveness studies was performed to estimate the risk ratio and 95% confidence intervals for relevant outcomes. The random effects method was used. Meta-analysis was performed by using Cochrane Review Manager 5 (RevMan). Statistical heterogeneity was assessed using Chi&lt;sup&gt;2&lt;/sup&gt; and degrees of freedom (df), and I&lt;sup&gt;2&lt;/sup&gt; statistic. Where standard deviations were not presented in the published papers, these were calculated from the available statistics (confidence intervals, standard errors or p values). A minority of papers reported median values with 95% confidence intervals; in these cases rather than omitting the trial from a meta-analysis, it was assumed that the data were symmetrical (and so the median would be similar to the mean value) and the median was used directly in the meta-analysis.&lt;/p&gt;&#xA;&lt;p&gt;The Assessment Report contains reference to confidential information provided as part of the NICE appraisal process. This information has been removed from the report and the results, discussions and conclusions of the report do not include the confidential information. These sections are clearly marked in the report.&lt;/p&gt;&#xA;&lt;p&gt;&lt;span style=&quot;text-decoration: underline;&quot;&gt;&lt;strong&gt;Economic Analysis&lt;/strong&gt;&lt;/span&gt;&lt;/p&gt;&#xA;&lt;p&gt;&lt;strong&gt;Systematic Review of Existing Cost-effectiveness Evidence&lt;/strong&gt;&lt;/p&gt;&#xA;&lt;p&gt;The economic analysis comprises:&lt;/p&gt;&#xA;&lt;ul style=&quot;list-style-type: disc;&quot;&gt;&#xA;    &lt;li&gt;A systematic review of the literature on the cost-effectiveness of implantable cardioverter defibrillators (ICDs) for people at risk of sudden cardiac death (SCD) and cardiac resynchronisation therapy (CRT) for people with heart failure &lt;/li&gt;&#xA;    &lt;li&gt;A systematic review of studies of the health related quality of life (HRQoL) of people at risk of SCD or with heart failure &lt;/li&gt;&#xA;    &lt;li&gt;A review of the manufacturers' submission to NICE &lt;/li&gt;&#xA;    &lt;li&gt;An independent economic model and cost-effectiveness evaluation (the SHTAC model). &lt;/li&gt;&#xA;&lt;/ul&gt;&#xA;&lt;p&gt;Given the volume of studies meeting the inclusion criteria, data extraction was undertaken as follows: for studies included in previous assessments, data extraction was derived from these reports and checked against original publications; for newly identified evidence, data extraction was undertaken in the normal manner directly from original publications.&lt;/p&gt;&#xA;&lt;p&gt;Refer to section 5 in the Assessment Report for further details of the economic analysis (see the &quot;Availability of Companion Documents&quot; field).&lt;/p&gt;&lt;/div&gt;" /></Field><Field FieldID="112" OrdBy="440" ID="413" Name="Methods Used to Formulate the Recommendations" Type="picklist-choice"><FieldValue Value="Expert Consensus" /></Field><Field FieldID="145" OrdBy="445" ID="414" Name="Description of Methods Used to Formulate the Recommendations" Type="text"><FieldValue Value="&lt;div class=&quot;content_para&quot;&gt;&lt;p&gt;&lt;strong&gt;Considerations&lt;/strong&gt;&lt;/p&gt;&#xA;&lt;p&gt;Technology appraisal recommendations are based on a review of clinical and economic evidence.&lt;/p&gt;&#xA;&lt;p&gt;&lt;strong&gt;Technology Appraisal Process&lt;/strong&gt;&lt;/p&gt;&#xA;&lt;p&gt;The National Institute for Health and Care Excellence (NICE) invites 'consultee' and 'commentator' organisations to take part in the appraisal process. Consultee organisations include national groups representing patients and carers, the bodies representing health professionals, and the manufacturers of the technology under review. Consultees are invited to submit evidence during the appraisal and to comment on the appraisal documents.&lt;/p&gt;&#xA;&lt;p&gt;Commentator organisations include manufacturers of the products with which the technology is being compared, the National Health Service (NHS) Quality Improvement Scotland and research groups working in the area. They can comment on the evidence and other documents but are not asked to submit evidence themselves.&lt;/p&gt;&#xA;&lt;p&gt;NICE then commissions an independent academic centre to review published evidence on the technology and prepare an 'assessment report'. Consultees and commentators are invited to comment on the report. The assessment report and the comments on it are then drawn together in a document called the evaluation report.&lt;/p&gt;&#xA;&lt;p&gt;An independent Appraisal Committee then considers the evaluation report. It holds a meeting where it hears direct, spoken evidence from nominated clinical experts, patients and carers. The Committee uses all the evidence to make its first recommendations, in a document called the 'appraisal consultation document' (ACD). NICE sends all the consultees and commentators a copy of this document and posts it on the NICE Web site. Further comments are invited from everyone taking part.&lt;/p&gt;&#xA;&lt;p&gt;When the Committee meets again it considers any comments submitted on the ACD; then it prepares its final recommendations in a document called the 'final appraisal determination' (FAD). This is submitted to NICE for approval.&lt;/p&gt;&#xA;&lt;p&gt;Consultees have a chance to appeal against the final recommendations in the FAD. If there are no appeals, the final recommendations become the basis of the guidance that NICE issues.&lt;/p&gt;&#xA;&lt;p&gt;&lt;strong&gt;Who Is on the Appraisal Committee?&lt;/strong&gt;&lt;/p&gt;&#xA;&lt;p&gt;NICE technology appraisal recommendations are prepared by an independent committee. This includes health professionals working in the NHS and people who are familiar with the issues affecting patients and carers. Although the Appraisal Committee seeks the views of organisations representing health professionals, patients, carers, manufacturers and government, its advice is independent of any vested interests.&lt;/p&gt;&lt;/div&gt;" /></Field><Field FieldID="146" OrdBy="450" ID="415" Name="Rating Scheme for the Strength of the Recommendations" Type="text"><FieldValue Value="&lt;div class=&quot;content_para&quot;&gt;&lt;p&gt;Not applicable&lt;/p&gt;&lt;/div&gt;" /></Field><Field FieldID="148" OrdBy="460" ID="417" Name="Cost Analysis" Type="text"><FieldValue Value="&lt;div class=&quot;content_para&quot;&gt;&lt;p&gt;&lt;strong&gt;&lt;span style=&quot;text-decoration: underline;&quot;&gt;Summary of Appraisal Committee's Key Conclusions on the Evidence for Cost-effectiveness&lt;/span&gt;&lt;/strong&gt;&lt;/p&gt;&#xA;&lt;p&gt;&lt;strong&gt;Availability and Nature of Evidence&lt;/strong&gt;&lt;/p&gt;&#xA;&lt;p&gt;The Committee presented cost-effectiveness results for each of the 3 populations outlined in the scope, whereas the manufacturers modelled the individual patient data for 12,638 patients, splitting them into subgroups according to New York Heart Association (NYHA) class, QRS duration, left bundle branch block (LBBB) status and aetiology of heart disease, and reported cost-effectiveness results for each subgroup.&lt;/p&gt;&#xA;&lt;p&gt;The Committee noted that the approach taken by the manufacturers allows consideration of population groups based on clinical characteristics that are considered important by clinicians in making decisions about device implantation.&lt;/p&gt;&#xA;&lt;p&gt;&lt;strong&gt;Uncertainties Around and Plausibility of Assumptions and Inputs in the Economic Model&lt;/strong&gt;&lt;/p&gt;&#xA;&lt;p&gt;The Committee agreed that the duration of constant mortality benefit of 7.5 years was too optimistic because average duration across the trials was 2.54 years. The Committee noted the discrepancy between the modelling of device effectiveness in terms of all-cause mortality and health-related quality of life, in that a constant health-related quality of life benefit was applied for 5 years before tapering.&lt;/p&gt;&#xA;&lt;p&gt;The Committee noted that the base-case incremental cost-effectiveness ratios (ICERs) were not particularly sensitive to alterations in most cost parameters, including counselling costs. The Committee was concerned that the combined effect of uncertainty had not been explored in a probabilistic sensitivity analysis and concluded that the absence of probabilistic sensitivity analyses made it more difficult to allow for uncertainty when reaching decisions about the cost-effectiveness of the technologies.&lt;/p&gt;&#xA;&lt;p&gt;&lt;strong&gt;Incorporation of Health-Related Quality-of-Life Benefits and Utility Values&lt;/strong&gt;&lt;/p&gt;&#xA;&lt;p&gt;The manufacturers' model assumed that the health-related quality of life benefit from a device would be maintained for 5 years and thereafter would decrease in a linear manner so that there would be no additional benefit after 10 years.&lt;/p&gt;&#xA;&lt;p&gt;&lt;strong&gt;Have Any Potential Significant and Substantial Health-related Benefits Been Identified That Were Not Included in the Economic Model, and How Have They Been Considered?&lt;/strong&gt;&lt;/p&gt;&#xA;&lt;p&gt;No.&lt;/p&gt;&#xA;&lt;p&gt;&lt;strong&gt;Are There Specific Groups of People for Whom the Technology Is Particularly Cost Effective?&lt;/strong&gt;&lt;/p&gt;&#xA;&lt;p&gt;The base case deterministic results were presented for 20 subgroups defined by NYHA class, QRS duration and LBBB status, highlighting the most cost-effective treatment strategy at a maximum acceptable ICER of &amp;pound;30,000, &amp;pound;25,000 and &amp;pound;20,000 per quality-adjusted life-year (QALY) gained for each subgroup.&lt;/p&gt;&#xA;&lt;p&gt;&lt;strong&gt;What Are the Key Drivers of Cost-effectiveness?&lt;/strong&gt;&lt;/p&gt;&#xA;&lt;p&gt;The manufacturers' base-case ICERs for the devices were most sensitive to changes to the assumptions regarding the magnitude of treatment effect on mortality, duration of constant effect and the duration for which the tapering effect was applied.&lt;/p&gt;&#xA;&lt;p&gt;&lt;strong&gt;Most Likely Cost-effectiveness Estimate (Given as an ICER)&lt;/strong&gt;&lt;/p&gt;&#xA;&lt;p&gt;The Committee discussed the results of the manufacturers' analyses for 20 subgroups after combining the ischaemic and non-ischaemic subgroups, based on its preferred assumption of constant mortality benefit being maintained for 5 years followed by tapering up to 20 years.&lt;/p&gt;&#xA;&lt;p&gt;The most likely ICERs for the Committee's preferred assumptions are presented in Table 2 in the original guideline document, in the evidence section. The most plausible ICERs for the respective recommended devices in the subgroups were between &amp;pound;11,000 and &amp;pound;31,000 per QALY gained.&lt;/p&gt;&lt;/div&gt;" /></Field><Field FieldID="104" OrdBy="465" ID="418" Name="Method of Guideline Validation" Type="picklist-choice"><FieldValue Value="External Peer Review" /></Field><Field FieldID="130" OrdBy="470" ID="419" Name="Description of Method of Guideline Validation" Type="text"><FieldValue Value="&lt;div class=&quot;content_para&quot;&gt;&lt;p&gt;Consultee organisations from the following groups were invited to comment on the draft scope, Assessment Report and the Appraisal Consultation Document (ACD) and were provided with the opportunity to appeal against the Final Appraisal Determination.&lt;/p&gt;&#xA;&lt;ul style=&quot;list-style-type: disc;&quot;&gt;&#xA;    &lt;li&gt;Manufacturer/sponsors &lt;/li&gt;&#xA;    &lt;li&gt;Professional/specialist and patient/carer groups &lt;/li&gt;&#xA;    &lt;li&gt;Commentator organisations (without the right of appeal) &lt;/li&gt;&#xA;&lt;/ul&gt;&#xA;&lt;p&gt;In addition, individuals selected from clinical expert and patient advocate nominations from the professional/specialist and patient/carer groups were also invited to comment on the ACD.&lt;/p&gt;&lt;/div&gt;" /></Field></Section><Section SecID="420" OrdBy="500" Name="Recommendations"><Field FieldID="151" OrdBy="505" ID="421" Name="Major Recommendations" Type="text"><FieldValue Value="&lt;div class=&quot;content_para&quot;&gt;&lt;p&gt;Implantable cardioverter defibrillators (ICDs) are recommended as options for:&lt;/p&gt;&#xA;&lt;ul style=&quot;list-style-type: disc;&quot;&gt;&#xA;    &lt;li&gt;Treating people with previous serious ventricular arrhythmia, that is, people who, without a treatable cause:&#xA;    &lt;ul style=&quot;list-style-type: disc;&quot;&gt;&#xA;        &lt;li&gt;Have survived a cardiac arrest caused by either ventricular tachycardia (VT) or ventricular fibrillation &lt;strong&gt;or&lt;/strong&gt; &lt;/li&gt;&#xA;        &lt;li&gt;Have spontaneous sustained VT causing syncope or significant haemodynamic compromise &lt;strong&gt;or&lt;/strong&gt; &lt;/li&gt;&#xA;        &lt;li&gt;Have sustained VT without syncope or cardiac arrest, and also have an associated reduction in left ventricular ejection fraction (LVEF) of 35% or less but their symptoms are no worse than class III of the New York Heart Association (NYHA) functional classification of heart failure. &lt;/li&gt;&#xA;    &lt;/ul&gt;&#xA;    &lt;/li&gt;&#xA;    &lt;li&gt;Treating people who:&#xA;    &lt;ul style=&quot;list-style-type: disc;&quot;&gt;&#xA;        &lt;li&gt;Have a familial cardiac condition with a high risk of sudden death, such as long QT syndrome, hypertrophic cardiomyopathy, Brugada syndrome or arrhythmogenic right ventricular dysplasia &lt;strong&gt;or&lt;/strong&gt; &lt;/li&gt;&#xA;        &lt;li&gt;Have undergone surgical repair of congenital heart disease. &lt;/li&gt;&#xA;    &lt;/ul&gt;&#xA;    &lt;/li&gt;&#xA;&lt;/ul&gt;&#xA;&lt;p&gt;ICDs, cardiac resynchronisation therapy (CRT) with defibrillator (CRT-D) or CRT with pacing (CRT-P) are recommended as treatment options for people with heart failure who have left ventricular dysfunction with a LVEF of 35% or less as specified in Table 1.&lt;/p&gt;&#xA;&lt;p&gt;&lt;strong&gt;Table 1. Treatment Options with ICD or CRT for People with Heart Failure Who Have Left Ventricular Dysfunction with an LVEF of 35% or Less (According to NYHA Class, QRS Duration and Presence of LBBB)&lt;/strong&gt;&lt;/p&gt;&#xA;&lt;table border=&quot;1&quot; cellspacing=&quot;1&quot; cellpadding=&quot;3&quot; summary=&quot;Table 1. Treatment Options with ICD or CRT for People with Heart Failure Who Have Left Ventricular Dysfunction with an LVEF of 35% or Less (According to NYHA Class, QRS Duration and Presence of Left Bundle Branch Block [LBBB])&quot;&gt;&#xA;    &lt;thead&gt;&#xA;        &lt;tr&gt;&#xA;            &lt;td valign=&quot;top&quot;&gt;&amp;nbsp;&lt;/td&gt;&#xA;            &lt;th valign=&quot;top&quot; colspan=&quot;4&quot;&gt;NYHA Class&lt;/th&gt;&#xA;        &lt;/tr&gt;&#xA;        &lt;tr&gt;&#xA;            &lt;th valign=&quot;top&quot;&gt;QRS Interval&lt;/th&gt;&#xA;            &lt;th valign=&quot;top&quot;&gt;I&lt;/th&gt;&#xA;            &lt;th valign=&quot;top&quot;&gt;II&lt;/th&gt;&#xA;            &lt;th valign=&quot;top&quot;&gt;III&lt;/th&gt;&#xA;            &lt;th valign=&quot;top&quot;&gt;IV&lt;/th&gt;&#xA;        &lt;/tr&gt;&#xA;    &lt;/thead&gt;&#xA;    &lt;tbody&gt;&#xA;        &lt;tr&gt;&#xA;            &lt;td valign=&quot;top&quot;&gt;&amp;lt;120 milliseconds&lt;/td&gt;&#xA;            &lt;th valign=&quot;top&quot; colspan=&quot;3&quot;&gt;ICD if there is a high risk of sudden cardiac death&lt;/th&gt;&#xA;            &lt;th valign=&quot;top&quot;&gt;ICD and CRT not clinically indicated&lt;/th&gt;&#xA;        &lt;/tr&gt;&#xA;        &lt;tr&gt;&#xA;            &lt;td valign=&quot;top&quot;&gt;120&amp;ndash;149 milliseconds without LBBB&lt;/td&gt;&#xA;            &lt;td valign=&quot;top&quot;&gt;ICD&lt;/td&gt;&#xA;            &lt;td valign=&quot;top&quot;&gt;ICD&lt;/td&gt;&#xA;            &lt;td valign=&quot;top&quot;&gt;ICD&lt;/td&gt;&#xA;            &lt;td valign=&quot;top&quot;&gt;CRT-P&lt;/td&gt;&#xA;        &lt;/tr&gt;&#xA;        &lt;tr&gt;&#xA;            &lt;td valign=&quot;top&quot;&gt;120&amp;ndash;149 milliseconds with LBBB&lt;/td&gt;&#xA;            &lt;td valign=&quot;top&quot;&gt;ICD&lt;/td&gt;&#xA;            &lt;td valign=&quot;top&quot;&gt;CRT-D&lt;/td&gt;&#xA;            &lt;td valign=&quot;top&quot;&gt;CRT-P or CRT-D&lt;/td&gt;&#xA;            &lt;td valign=&quot;top&quot;&gt;CRT-P&lt;/td&gt;&#xA;        &lt;/tr&gt;&#xA;        &lt;tr&gt;&#xA;            &lt;td valign=&quot;top&quot;&gt;&amp;ge;150 milliseconds with or without LBBB&lt;/td&gt;&#xA;            &lt;td valign=&quot;top&quot;&gt;CRT-D&lt;/td&gt;&#xA;            &lt;td valign=&quot;top&quot;&gt;CRT-D&lt;/td&gt;&#xA;            &lt;td valign=&quot;top&quot;&gt;CRT-P or CRT-D&lt;/td&gt;&#xA;            &lt;td valign=&quot;top&quot;&gt;CRT-P&lt;/td&gt;&#xA;        &lt;/tr&gt;&#xA;    &lt;/tbody&gt;&#xA;&lt;/table&gt;&#xA;&lt;p class=&quot;Note&quot;&gt;CRT, cardiac resynchronisation therapy; CRT-D, cardiac resynchronisation therapy with defibrillator; CRT-P, cardiac resynchronisation therapy with pacing; ICD, implantable cardioverter-defibrillator; LBBB, left bundle branch block; NYHA, New York Heart Association&lt;/p&gt;&lt;/div&gt;" /></Field><Field FieldID="138" OrdBy="515" ID="423" Name="Clinical Algorithm(s)" Type="text"><FieldValue Value="&lt;div class=&quot;content_para&quot;&gt;&lt;p&gt;None provided&lt;/p&gt;&lt;/div&gt;" /></Field></Section><Section SecID="424" OrdBy="600" Name="Evidence Supporting the Recommendations"><Field FieldID="139" OrdBy="610" ID="426" Name="Type of Evidence Supporting the Recommendations" Type="text"><FieldValue Value="&lt;div class=&quot;content_para&quot;&gt;&lt;p&gt;The type of evidence supporting the recommendations is not specifically stated.&lt;/p&gt;&#xA;&lt;p&gt;The Appraisal Committee considered clinical and cost-effectiveness evidence submitted by the Association of British Healthcare Industries on behalf of the 5 device manufacturers relevant to this appraisal and a review of this submission by the Evidence Review Group (ERG) as well as a systematic review by the ERG.&lt;/p&gt;&lt;/div&gt;" /></Field></Section><Section SecID="427" OrdBy="700" Name="Benefits/Harms of Implementing the Guideline Recommendations"><Field FieldID="152" OrdBy="705" ID="428" Name="Potential Benefits" Type="text"><FieldValue Value="&lt;div class=&quot;content_para&quot;&gt;&lt;p&gt;Appropriate use of implantable cardioverter defibrillators (ICDs) and cardiac resynchronisation therapy (CRT) for arrhythmias and heart failure&lt;/p&gt;&lt;/div&gt;" /></Field><Field FieldID="153" OrdBy="710" ID="429" Name="Potential Harms" Type="text"><FieldValue Value="&lt;ul style=&quot;list-style-type: disc;&quot;&gt;&#xA;    &lt;li&gt;Adverse events from implantable devices are mostly related to implantation-related complications and include coronary vein dissection, coronary vein perforation, lead dislodgement, infection and death. Patients with defibrillator devices (implantable cardioverter defibrillator [ICD] and cardiac resynchronisation therapy with a defibrillator [CRT-D]) who experience defibrillator shocks may have adverse psychological symptoms (notably anxiety). &lt;/li&gt;&#xA;    &lt;li&gt;The most frequently reported adverse events in randomised controlled trials with ICDs included defibrillation discharges caused by supraventricular tachycardia or sinus tachycardia (19%, DEBUT); T-wave oversensing (8%, DEBUT); device-related discomfort (7.6%, CIDS); ICDs permanently or temporarily explanted because of infection, heart transplantation or patient preference (5%, CIDS); device dysfunction (5%, CASH); pocket erosion requiring removal of ICD (3%, DEBUT); dislodgement or migration of system leads (3%, CASH); ICD dislodgement/fracture (2.4%, CIDS); bleeding requiring reoperation or transfusion (1.2%, AVID); and unsuccessful first attempt at ICD implantation without thoracotomy (1.0%, AVID). &lt;/li&gt;&#xA;&lt;/ul&gt;" /></Field></Section><Section SecID="432" OrdBy="900" Name="Qualifying Statements"><Field FieldID="137" OrdBy="905" ID="433" Name="Qualifying Statements" Type="text"><FieldValue Value="&lt;ul style=&quot;list-style-type: disc;&quot;&gt;&#xA;    &lt;li&gt;This guidance represents the views of the National Institute for Health and Care Excellence (NICE) and was arrived at after careful consideration of the evidence available. Healthcare professionals are expected to take it fully into account when exercising their clinical judgement. However, the guidance does not override the individual responsibility of healthcare professionals to make decisions appropriate to the circumstances of the individual patient, in consultation with the patient and/or guardian or carer. &lt;/li&gt;&#xA;    &lt;li&gt;Implementation of this guidance is the responsibility of local commissioners and/or providers. Commissioners and providers are reminded that it is their responsibility to implement the guidance, in their local context, in light of their duties to have due regard to the need to eliminate unlawful discrimination, advance equality of opportunity and foster good relations. Nothing in this guidance should be interpreted in a way that would be inconsistent with compliance with those duties. &lt;/li&gt;&#xA;&lt;/ul&gt;" /></Field></Section><Section SecID="434" OrdBy="1000" Name="Implementation of the Guideline"><Field FieldID="131" OrdBy="1010" ID="436" Name="Description of Implementation Strategy" Type="text"><FieldValue Value="&lt;ul style=&quot;list-style-type: disc;&quot;&gt;&#xA;    &lt;li&gt;Section 7(6) of the National Institute for Health and Care Excellence (NICE) (Constitution and Functions) and the Health and Social Care Information Centre (Functions) Regulations 2013 requires clinical commissioning groups, National Health Service (NHS) England and, with respect to their public health functions, local authorities to comply with the recommendations in this appraisal within 3 months of its date of publication. &lt;/li&gt;&#xA;    &lt;li&gt;When NICE recommends a treatment 'as an option', the NHS must make sure it is available within the period set out in the paragraph above. This means that, if a patient has increased risk of ventricular arrhythmias and/or heart failure and the doctor responsible for their care thinks that implantable cardioverter therapy or cardiac resynchronisation therapy is the right treatment, it should be available for use, in line with NICE's recommendations. &lt;/li&gt;&#xA;    &lt;li&gt;NICE has developed &lt;a href=&quot;http://www.nice.org.uk/Guidance/TA314/Costing&quot; title=&quot;NICE Web site&quot;&gt;tools&lt;/a&gt; (see also the &quot;Availability of Companion Documents&quot; field) to help organisations put this guidance into practice (listed below).&#xA;    &lt;ul style=&quot;list-style-type: disc;&quot;&gt;&#xA;        &lt;li&gt;Costing template and report to estimate the national and local savings and costs associated with implementation &lt;/li&gt;&#xA;        &lt;li&gt;A costing statement explaining the resource impact of this guidance &lt;/li&gt;&#xA;        &lt;li&gt;Audit support for monitoring local practice &lt;/li&gt;&#xA;    &lt;/ul&gt;&#xA;    &lt;/li&gt;&#xA;&lt;/ul&gt;" /></Field><Field FieldID="117" OrdBy="1015" ID="437" Name="Implementation Tools" Type="picklist-many"><FieldValue Value="Audit Criteria/Indicators" /><FieldValue Value="Mobile Device Resources" /><FieldValue Value="Patient Resources" /><FieldValue Value="Resources" /></Field></Section><Section SecID="439" OrdBy="1100" Name="Institute of Medicine (IOM) National Healthcare Quality Report Categories"><Field FieldID="50" OrdBy="1105" ID="440" Name="IOM Care Need" Type="picklist-many"><FieldValue Value="Living with Illness" /></Field><Field FieldID="51" OrdBy="1110" ID="441" Name="IOM Domain" Type="picklist-many"><FieldValue Value="Effectiveness" /><FieldValue Value="Patient-centeredness" /></Field></Section><Section SecID="442" OrdBy="1200" Name="Identifying Information and Availability"><Field FieldID="97" OrdBy="1201" ID="392" Name="Bibliographic Source(s)" Type="citation"><FieldValue Value="&lt;table&gt;&lt;tr&gt;&lt;td&gt;National Institute for Health and Care Excellence (NICE). Implantable cardioverter defibrillators and cardiac resynchronization therapy for arrhythmias and heart failure (review of TA95 and TA120).  London (UK): National Institute for Health and Care Excellence (NICE); 2014 Jun. 71 p.&amp;nbsp;(Technology appraisal guidance; no. 314).&amp;nbsp;&lt;/td&gt;&lt;/tr&gt;&lt;/table&gt;" /></Field><Field FieldID="124" OrdBy="1205" ID="443" Name="Adaptation" Type="text"><FieldValue Value="&lt;div class=&quot;content_para&quot;&gt;&lt;p&gt;Not applicable: The guideline was not adapted from another source.&lt;/p&gt;&lt;/div&gt;" /></Field><Field FieldID="128" OrdBy="1215" ID="445" Name="Date Released" Type="text"><FieldValue Value="2000 Sep (revised 2014 Jun)" /></Field><Field FieldID="158" OrdBy="1225" ID="447" Name="Guideline Developer(s)" Type="orglist-p"><FieldValue Value="National Institute for Health and Care Excellence (NICE) - National Government Agency [Non-U.S.]" /></Field><Field FieldID="125" OrdBy="1235" ID="449" Name="Source(s) of Funding" Type="text"><FieldValue Value="&lt;div class=&quot;content_para&quot;&gt;&lt;p&gt;National Institute for Health and Care Excellence (NICE)&lt;/p&gt;&lt;/div&gt;" /></Field><Field FieldID="126" OrdBy="1240" ID="450" Name="Guideline Committee" Type="text"><FieldValue Value="&lt;div class=&quot;content_para&quot;&gt;&lt;p&gt;Appraisal Committee&lt;/p&gt;&lt;/div&gt;" /></Field><Field FieldID="127" OrdBy="1245" ID="451" Name="Composition of Group That Authored the Guideline" Type="text"><FieldValue Value="&lt;div class=&quot;content_para&quot;&gt;&lt;p&gt;&lt;em&gt;Committee Members&lt;/em&gt;: Dr Amanda Adler (&lt;em&gt;Chair&lt;/em&gt;), Consultant Physician, Addenbrooke's Hospital; Professor Ken Stein (&lt;em&gt;Vice Chair&lt;/em&gt;), Professor of Public Health, University of Exeter Medical School; Dr Ray Armstrong, Consultant Rheumatologist, Southampton General Hospital; Dr Jeff Aronson, Reader in Clinical Pharmacology, University Department of Primary Health Care, University of Oxford; Professor John Cairns, Professor of Health Economics Public Health and Policy, London School of Hygiene and Tropical Medicine; Matthew Campbell-Hill, Lay Member; Dr Lisa Cooper, Echocardiographer, Stockport NHS Foundation Trust; Dr Maria Dyban, General Practitioner; Professor Fergus Gleeson, Consultant Radiologist, Churchill Hospital, Oxford; Robert Hinchliffe, HEFCE Clinical Senior Lecturer in Vascular Surgery and Honorary Consultant Vascular Surgeon, St George's Vascular Institute; Dr Neil Iosson, General Practitioner; Anne Joshua, Associate Director of Pharmacy, NHS Direct; Dr Rebecca Kearney, Clinical Lecturer, University of Warwick; Terence Lewis, Lay Member; Dr Miriam McCarthy, Consultant, Public Health, Public Health Agency; Professor Ruairidh Milne, Director of Strategy and Development and Director for Public Health Research at the National Institute for Health Research (NIHR) Evaluation, Trials and Studies Coordinating Centre at the University of Southampton; Dr Peter Norrie, Principal Lecturer in Nursing, DeMontfort University; Christopher O'Regan, Head of Health Technology Assessment and Outcomes Research, Merck Sharp and Dohme; Professor Stephen Palmer, Professor of Health Economics, Centre for Health Economics, University of York; Dr Sanjeev Patel, Consultant Physician and Senior Lecturer in Rheumatology, St Helier University Hospital; Dr John Pounsford, Consultant Physician, Frenchay Hospital, Bristol; Dr Danielle Preedy, Lay Member; Dr John Rodriguez, Assistant Director of Public Health, NHS Eastern and Coastal Kent; Alun Roebuck, Consultant Nurse in Critical and Acute Care, United Lincolnshire NHS Trust; Cliff Snelling, Lay Member; Dr Nerys Woolacott, Senior Research Fellow, Centre for Health Economics, University of York; Dr Nicky Welton, Senior Lecturer in Biostatistics/Health Technology Assessment, University of Bristol&lt;/p&gt;&lt;/div&gt;" /></Field><Field FieldID="147" OrdBy="1250" ID="452" Name="Financial Disclosures/Conflicts of Interest" Type="text"><FieldValue Value="&lt;div class=&quot;content_para&quot;&gt;&lt;p&gt;Committee members are asked to declare any interests in the technology to be appraised. If it is considered there is a conflict of interest, the member is excluded from participating further in that appraisal.&lt;/p&gt;&lt;/div&gt;" /></Field><Field FieldID="120" OrdBy="1256" ID="393" Name="Guideline Status" Type="text"><FieldValue Value="&lt;div class=&quot;content_para&quot;&gt;&lt;p&gt;This is the current release of the guideline.&lt;/p&gt;&#xA;&lt;p&gt;This guideline updates previous versions: National Institute for Health and Clinical Excellence (NICE). Cardiac resynchronisation therapy for the treatment of heart failure. London (UK): National Institute for Health and Clinical Excellence (NICE); 2007 May. 28 p. (Technology appraisal guidance; no. 120).&lt;/p&gt;&#xA;&lt;p&gt;National Institute for Health and Clinical Excellence (NICE). Implantable cardioverter defibrillators for arrhythmias. London (UK): National Institute for Health and Clinical Excellence (NICE); 2006 Jan 1. 33 p. (Technology Appraisal; no. 95).&lt;/p&gt;&#xA;&lt;p&gt;This guideline meets NGC's 2013 (revised) inclusion criteria.&lt;/p&gt;&lt;/div&gt;" /></Field><Field FieldID="118" OrdBy="1260" ID="454" Name="Guideline Availability" Type="text"><FieldValue Value="&lt;div class=&quot;content_para&quot;&gt;&lt;p&gt;Electronic copies: Available from the &lt;a href=&quot;http://www.nice.org.uk/Guidance/ta314&quot;&gt;National Institute for Health and Care Excellence (NICE) Web site&lt;/a&gt;.&lt;/p&gt;&lt;/div&gt;" /></Field><Field FieldID="119" OrdBy="1265" ID="455" Name="Availability of Companion Documents" Type="text"><FieldValue Value="&lt;div class=&quot;content_para&quot;&gt;&lt;p&gt;The following are available:&lt;/p&gt;&#xD;&#xA;&lt;ul style=&quot;list-style-type: disc;&quot;&gt;&#xD;&#xA;    &lt;li&gt;Implantable cardioverter defibrillators and cardiac resynchronisation therapy for arrhythmias and heart failure (review of TA95 and TA120). Clinical audit tool. London (UK): National Institute for Health and Care Excellence (NICE); 2014 Jun. Various p. (Technology appraisal guidance; no. 314). Electronic copies: Available from the &lt;a href=&quot;http://www.nice.org.uk/guidance/ta314/resources/ta314-arrhythmias-icds-heart-failure-cardiac-resynchronisation-clinical-audit-tool&quot; title=&quot;NICE Web site&quot;&gt;National Institute for Health and Care Excellence (NICE) Web site&lt;/a&gt;. &lt;/li&gt;&#xD;&#xA;    &lt;li&gt;Implantable cardioverter defibrillators and cardiac resynchronisation therapy for arrhythmias and heart failure (review of TA95 and TA120). Costing statement. London (UK): National Institute for Health and Care Excellence (NICE); 2014 Jun. 1 p. (Technology appraisal guidance; no. 314). Electronic copies: Available from the &lt;a href=&quot;http://www.nice.org.uk/guidance/ta314/resources/ta314-arrhythmias-icds-heart-failure-cardiac-resynchronisation-costing-statement&quot; title=&quot;NICE Web site&quot;&gt;NICE Web site&lt;/a&gt;. &lt;/li&gt;&#xD;&#xA;    &lt;li&gt;Colquitt JI, Mendes D, Clegg AJ, Harris P, Cooper K, Picot J, Bryant J. Implantable cardioverter defibrillators for the treatment of arrhythmias and cardiac resynchronisation therapy for the treatment of heart failure: systematic review and economic evaluation. Southampton (UK): Southampton Health Technology Assessments Centre; 2014 Jan. 664 p. Electronic copies: Available from the &lt;a href=&quot;http://www.nice.org.uk/Guidance/TA314/Evidence&quot; title=&quot;NICE Web site&quot;&gt;NICE Web site&lt;/a&gt;. &lt;/li&gt;&#xD;&#xA;&lt;/ul&gt;&lt;/div&gt;" /></Field><Field FieldID="143" OrdBy="1275" ID="457" Name="Patient Resources" Type="text"><FieldValue Value="&lt;div class=&quot;content_para&quot;&gt;&lt;p&gt;The following is available:&lt;/p&gt;&#xA;&lt;ul style=&quot;list-style-type: disc;&quot;&gt;&#xA;    &lt;li&gt;Implantable cardioverter defibrillators and cardiac resynchronisation therapy for arrhythmias and heart failure (review of TA95 and TA120). Information for the public. London (UK): National Institute for Health and Care Excellence (NICE); 2014 Jun. 4 p. (Technology appraisal guidance; no. 314). Electronic copies: Available from the &lt;a href=&quot;http://www.nice.org.uk/guidance/TA314/InformationForPublic&quot; title=&quot;NICE Web site&quot;&gt;National Institute for Health and Care Excellence (NICE) Web site&lt;/a&gt;. Also available for download as a Kindle or EPUB ebook from the &lt;a href=&quot;http://www.nice.org.uk/guidance/ta314/InformationForPublic&quot; title=&quot;NICE Web site&quot;&gt;NICE Web site&lt;/a&gt;. &lt;/li&gt;&#xA;&lt;/ul&gt;&#xA;&lt;p class=&quot;Disclaimer&quot;&gt;Please note: This patient information is intended to provide health professionals with information to share with their patients to help them better understand their health and their diagnosed disorders. By providing access to this patient information, it is not the intention of NGC to provide specific medical advice for particular patients. Rather we urge patients and their representatives to review this material and then to consult with a licensed health professional for evaluation of treatment options suitable for them as well as for diagnosis and answers to their personal medical questions. This patient information has been derived and prepared from a guideline for health care professionals included on NGC by the authors or publishers of that original guideline. The patient information is not reviewed by NGC to establish whether or not it accurately reflects the original guideline's content.&lt;/p&gt;&lt;/div&gt;" /></Field><Field FieldID="142" OrdBy="1280" ID="458" Name="NGC Status" Type="text"><FieldValue Value="&lt;div class=&quot;content_para&quot;&gt;&lt;p&gt;This NGC summary was completed by ECRI Institute on March 22, 2007. This NGC summary was updated by ECRI Institute on September 10, 2014.&lt;/p&gt;&#xA;&lt;p&gt;The National Institute for Health and Care Excellence (NICE) has granted the National Guideline Clearinghouse (NGC) permission to include summaries of their Technology Appraisal guidance with the intention of disseminating and facilitating the implementation of that guidance. NICE has not verified this content to confirm that it accurately reflects the original NICE guidance and therefore no guarantees are given by NICE in this regard. All NICE technology appraisal guidance is prepared in relation to the National Health Service in England and Wales. NICE has not been involved in the development or adaptation of NICE guidance for use in any other country. The full versions of all NICE guidance can be found at &lt;a href=&quot;http://www.nice.org.uk/&quot; title=&quot;NICE Web site&quot;&gt;www.nice.org.uk&lt;/a&gt;.&lt;/p&gt;&lt;/div&gt;" /></Field><Field FieldID="141" OrdBy="1290" ID="460" Name="Copyright Statement" Type="text"><FieldValue Value="&lt;div class=&quot;content_para&quot;&gt;&lt;p&gt;This NGC summary is based on the original guideline, which is subject to the guideline developer's copyright restrictions.&lt;/p&gt;&lt;/div&gt;" /></Field></Section><Section SecID="99999" OrdBy="99999" Name="Disclaimer"><Field FieldID="99999" OrdBy="99999" ID="99999" Name="NGC Disclaimer" Type="text"><FieldValue Value="&lt;p&gt;The National Guideline Clearinghouse™ (NGC) does not develop, produce, approve, or endorse the guidelines represented on this site.&lt;/p&gt; &#xD;&#xA;&lt;p&gt;All guidelines summarized by NGC and hosted on our site are produced under the auspices of medical specialty societies, relevant professional associations, public or private organizations, other government agencies, health care organizations or plans, and similar entities.&lt;/p&gt; &#xD;&#xA;&lt;p&gt;Guidelines represented on the NGC Web site are submitted by guideline developers, and are screened solely to determine that they meet the NGC Inclusion Criteria which may be found at &lt;a href=&quot;/about/inclusion-criteria.aspx&quot;&gt;http://www.guideline.gov/about/inclusion-criteria.aspx&lt;/a&gt;.&lt;/p&gt; &#xD;&#xA;&lt;p&gt;NGC, AHRQ, and its contractor ECRI Institute make no warranties concerning the content or clinical efficacy or effectiveness of the clinical practice guidelines and related materials represented on this site. Moreover, the views and opinions of developers or authors of guidelines represented on this site do not necessarily state or reflect those of NGC, AHRQ, or its contractor ECRI Institute, and inclusion or hosting of guidelines in NGC may not be used for advertising or commercial endorsement purposes.&lt;/p&gt; &#xD;&#xA;&lt;p&gt;Readers with questions regarding guideline content are directed to contact the guideline developer.&lt;/p&gt;" /></Field></Section></Version>
