<Version><xmlsource>This XML content was developed by AHRQ's contractor ECRI Institute for the National Guideline Clearinghouse (NGC).</xmlsource><Section SecID="390" OrdBy="100" Name="General"><Field FieldID="161" OrdBy="105" ID="391" Name="Guideline Title" Type="text"><FieldValue Value="&lt;div class=&quot;content_title&quot;&gt;Percutaneous vertebroplasty and percutaneous balloon kyphoplasty for treating osteoporotic vertebral compression fractures.&lt;/div&gt;" /></Field><Field FieldID="97" OrdBy="110" ID="392" Name="Bibliographic Source(s)" Type="citation"><FieldValue Value="&lt;table&gt;&lt;tr&gt;&lt;td&gt;National Institute for Health and Care Excellence (NICE). Percutaneous vertebroplasty and percutaneous balloon kyphoplasty for treating osteoporotic vertebral compression fractures. London (UK): National Institute for Health and Care Excellence (NICE); 2013 Apr. 55 p.&amp;nbsp;(Technology appraisal guidance; no. 279).&amp;nbsp;&lt;/td&gt;&lt;/tr&gt;&lt;/table&gt;" /></Field><Field FieldID="120" OrdBy="115" ID="393" Name="Guideline Status" Type="text"><FieldValue Value="&lt;div class=&quot;content_para&quot;&gt;&lt;p&gt;This is the current release of the guideline.&lt;/p&gt;&lt;/div&gt;" /></Field><Field Name ="UMLS Concepts"><FieldValue Value="ICD9CM: Fracture, cause unspecified  (E887); Osteoporosis, unspecified  (733.00); Pathologic fracture, unspecified site  (733.10); Pathologic fracture, unspecified site  (V13.51); Percutaneous vertebroplasty  (81.65)"/><FieldValue Value="MSH: Fractures, Bone ; Fractures, Compression ; Fractures, Spontaneous ; Kyphoplasty ; Osteoporosis ; Osteoporotic Fractures ; Spinal Fractures ; Vertebroplasty "/><FieldValue Value="MTH: Fracture ; Osteoporosis ; Pathological fracture ; Spinal Fractures "/><FieldValue Value="PDQ: kyphoplasty ; osteoporosis ; vertebroplasty "/><FieldValue Value="SNOMEDCT_US: Balloon kyphoplasty of fracture of spine  (426243004); Compression fracture  (21947006); Compression fracture  (443395009); Fracture  (125605004); Fracture  (72704001); Fracture of vertebral column  (50448004); Osteoporosis  (64859006); Osteoporotic fracture  (46675001); Pathological fracture  (22640007); Pathological fracture  (268029009); Vertebroplasty  (401226007)"/></Field></Section><Section SecID="396" OrdBy="300" Name="Scope"><Field FieldID="140" OrdBy="305" ID="397" Name="Disease/Condition(s)" Type="text"><FieldValue Value="&lt;div class=&quot;content_para&quot;&gt;&lt;p&gt;Osteoporotic vertebral compression fractures&lt;/p&gt;&lt;/div&gt;" /></Field><Field FieldID="103" OrdBy="310" ID="398" Name="Guideline Category" Type="picklist-many"><FieldValue Value="Assessment of Therapeutic Effectiveness" /><FieldValue Value="Treatment" /></Field><Field FieldID="113" OrdBy="315" ID="399" Name="Clinical Specialty" Type="picklist-many"><FieldValue Value="Family Practice" /><FieldValue Value="Geriatrics" /><FieldValue Value="Internal Medicine" /><FieldValue Value="Neurological Surgery" /><FieldValue Value="Neurology" /><FieldValue Value="Orthopedic Surgery" /><FieldValue Value="Rheumatology" /><FieldValue Value="Surgery" /></Field><Field FieldID="114" OrdBy="320" ID="400" Name="Intended Users" Type="picklist-many"><FieldValue Value="Advanced Practice Nurses" /><FieldValue Value="Nurses" /><FieldValue Value="Physician Assistants" /><FieldValue Value="Physicians" /></Field><Field FieldID="129" OrdBy="325" ID="401" Name="Guideline Objective(s)" Type="text"><FieldValue Value="&lt;div class=&quot;content_para&quot;&gt;&lt;p&gt;To determine the clinical effectiveness and cost-effectiveness of percutaneous vertebroplasty and percutaneous balloon kyphoplasty for treating osteoporotic vertebral compression fractures&lt;/p&gt;&lt;/div&gt;" /></Field><Field FieldID="132" OrdBy="330" ID="402" Name="Target Population" Type="text"><FieldValue Value="&lt;div class=&quot;content_para&quot;&gt;&lt;p&gt;People with osteoporotic vertebral compression fractures&lt;/p&gt;&lt;/div&gt;" /></Field><Field FieldID="133" OrdBy="335" ID="403" Name="Interventions and Practices Considered" Type="text"><FieldValue Value="&lt;ol style=&quot;list-style-type: decimal;&quot; start=&quot;1&quot;&gt;&#xD;&#xA;    &lt;li&gt;Percutaneous vertebroplasty &lt;/li&gt;&#xD;&#xA;    &lt;li&gt;Percutaneous balloon kyphoplasty &lt;/li&gt;&#xD;&#xA;&lt;/ol&gt;" /></Field><Field FieldID="134" OrdBy="340" ID="404" Name="Major Outcomes Considered" Type="text"><FieldValue Value="&lt;ul style=&quot;list-style-type: disc;&quot;&gt;&#xD;&#xA;    &lt;li&gt;Clinical effectiveness&#xD;&#xA;    &lt;ul style=&quot;list-style-type: disc;&quot;&gt;&#xD;&#xA;        &lt;li&gt;Health-related quality of life &lt;/li&gt;&#xD;&#xA;        &lt;li&gt;Back-specific functional status/mobility &lt;/li&gt;&#xD;&#xA;        &lt;li&gt;Pain/analgesic use &lt;/li&gt;&#xD;&#xA;        &lt;li&gt;Vertebral body height and angular deformity &lt;/li&gt;&#xD;&#xA;        &lt;li&gt;Progression of treated fracture &lt;/li&gt;&#xD;&#xA;        &lt;li&gt;Incidence of new vertebral fractures &lt;/li&gt;&#xD;&#xA;        &lt;li&gt;All-cause mortality &lt;/li&gt;&#xD;&#xA;        &lt;li&gt;Symptomatic and asymptomatic leakage of cement (e.g., into adjacent intervertebral discs) &lt;/li&gt;&#xD;&#xA;        &lt;li&gt;Periprocedural balloon rupture &lt;/li&gt;&#xD;&#xA;        &lt;li&gt;Post-operative complications (including infection) &lt;/li&gt;&#xD;&#xA;        &lt;li&gt;Other adverse events &lt;/li&gt;&#xD;&#xA;        &lt;li&gt;Resource utilisation &lt;/li&gt;&#xD;&#xA;    &lt;/ul&gt;&#xD;&#xA;    &lt;/li&gt;&#xD;&#xA;    &lt;li&gt;Cost-effectiveness &lt;/li&gt;&#xD;&#xA;&lt;/ul&gt;" /></Field></Section><Section SecID="405" OrdBy="400" Name="Methodology"><Field FieldID="109" OrdBy="405" ID="406" Name="Methods Used to Collect/Select the Evidence" Type="picklist-many"><FieldValue Value="Hand-searches of Published Literature (Primary Sources)" /><FieldValue Value="Hand-searches of Published Literature (Secondary Sources)" /><FieldValue Value="Searches of Electronic Databases" /></Field><Field FieldID="135" OrdBy="410" ID="407" Name="Description of Methods Used to Collect/Select the Evidence" Type="text"><FieldValue Value="&lt;div class=&quot;content_para&quot;&gt;&lt;p&gt;&lt;strong&gt;Note from the National Guideline Clearinghouse (NGC)&lt;/strong&gt;: The National Institute for Health and Care Excellence (NICE) commissioned an independent academic centre to perform a systematic literature review on the technology considered in this appraisal and prepare an assessment report. The assessment report for this technology appraisal was prepared by the School of Health and Related Research (ScHARR), the University of Sheffield (see the &quot;Availability of Companion Documents&quot; field).&lt;/p&gt;&#xD;&#xA;&lt;p&gt;&lt;strong&gt;&lt;span style=&quot;text-decoration: underline;&quot;&gt;Methods for Reviewing Clinical Effectiveness and Safety&lt;/span&gt;&lt;/strong&gt;&lt;/p&gt;&#xD;&#xA;&lt;p&gt;A systematic review was undertaken according to the recommendations of the Preferred Reporting Items for Systematic Reviews and Meta-Analyses (PRISMA) statement.&lt;/p&gt;&#xD;&#xA;&lt;p&gt;&lt;strong&gt;Identification of Studies&lt;/strong&gt;&lt;/p&gt;&#xD;&#xA;&lt;p&gt;Extensive searches were undertaken with the aim of comprehensive retrieval of studies of clinical and cost-effectiveness relating to the research question.&lt;/p&gt;&#xD;&#xA;&lt;p&gt;The search strategy comprised the following main elements:&lt;/p&gt;&#xD;&#xA;&lt;ul style=&quot;list-style-type: disc;&quot;&gt;&#xD;&#xA;    &lt;li&gt;Searching of electronic databases listed below &lt;/li&gt;&#xD;&#xA;    &lt;li&gt;Scrutiny of bibliographies of retrieved papers and previous systematic reviews &lt;/li&gt;&#xD;&#xA;    &lt;li&gt;Contact with experts in the field. &lt;/li&gt;&#xD;&#xA;&lt;/ul&gt;&#xD;&#xA;&lt;p&gt;&lt;em&gt;Electronic Searches&lt;/em&gt;&lt;/p&gt;&#xD;&#xA;&lt;p&gt;The searches aimed to systematically identify all literature relating to the clinical and cost-effectiveness of percutaneous vertebroplasty and percutaneous balloon kyphoplasty as treatments for osteoporotic compression fractures in men and women of all ages. A comprehensive database of relevant published and unpublished articles was constructed using Reference Manager&amp;copy; software.&lt;/p&gt;&#xD;&#xA;&lt;p&gt;&lt;span style=&quot;text-decoration: underline;&quot;&gt;Sources Searched&lt;/span&gt;&lt;/p&gt;&#xD;&#xA;&lt;p&gt;The following electronic databases were searched from inception: Medline (Ovid); Medline in Process; CINAHL; EMBASE; EconLit; the Cochrane Library including the Cochrane Database of Systematic Reviews, Cochrane Controlled Trials Register (CCTR), Database of Abstracts of Reviews of Effects (DARE), National Health Service Economic Evaluation Database (NHS EED), and Health Technology Assessment Database (HTA) databases; Science Citation Index (SCI). The searches were conducted in November 2011.&lt;/p&gt;&#xD;&#xA;&lt;p&gt;&lt;span style=&quot;text-decoration: underline;&quot;&gt;Search Terms&lt;/span&gt;&lt;/p&gt;&#xD;&#xA;&lt;p&gt;The search strategy was developed in collaboration with the information specialist. Search terms included 'vertebroplasty', 'kyphoplasty', and a broad variety of related clinical terms (e.g., 'bone void fill', 'vertebral augmentation') in order to obtain a wide scope. No bibliographic filters were used. Vocabulary around vertebroplasty/kyphoplasty is limited, therefore few synonyms where available. The searches were simple with an emphasis on sensitivity, utilising both keywords and MeSH/thesaurus terms where available. The Medline search strategy is provided in Appendix 1 of the Assessment Report. Search strategies for the other databases are available on request.&lt;/p&gt;&#xD;&#xA;&lt;p&gt;&lt;span style=&quot;text-decoration: underline;&quot;&gt;Search Restrictions&lt;/span&gt;&lt;/p&gt;&#xD;&#xA;&lt;p&gt;Searches were not restricted by language, publication date, or publication type (with exception of removing letters, news, editorials etc.). Furthermore, they were not restricted by study design, because studies which did not meet the inclusion criteria for the review of clinical effectiveness might provide relevant information relating to adverse events or be important in identifying further relevant papers and current research.&lt;/p&gt;&#xD;&#xA;&lt;p&gt;&lt;em&gt;Scrutiny of Bibliographies of Retrieved Papers and Previous Systematic Reviews&lt;/em&gt;&lt;/p&gt;&#xD;&#xA;&lt;p&gt;The bibliographies of retrieved papers and the manuscripts were scrutinised to identify relevant evidence.&lt;/p&gt;&#xD;&#xA;&lt;p&gt;&lt;em&gt;Contact with Experts in the Field&lt;/em&gt;&lt;/p&gt;&#xD;&#xA;&lt;p&gt;The clinical expert in the field was also consulted on whether the search had missed any relevant studies. The expert believed that all the relevant randomised controlled trials (RCTs) had been successfully identified.&lt;/p&gt;&#xD;&#xA;&lt;p&gt;&lt;em&gt;Inclusion and Exclusion Criteria&lt;/em&gt;&lt;/p&gt;&#xD;&#xA;&lt;p&gt;&lt;span style=&quot;text-decoration: underline;&quot;&gt;Inclusion Criteria&lt;/span&gt;&lt;/p&gt;&#xD;&#xA;&lt;p&gt;Population&lt;/p&gt;&#xD;&#xA;&lt;p&gt;The population comprised people of any age and either gender with painful osteoporotic vertebral compression fractures. Studies which also included participants with non-osteoporotic vertebral fractures of other aetiologies (e.g., fractures associated with trauma, myeloma, or metastatic cancer) were included if data relating to participants with osteoporotic fractures could be extracted separately, or if the proportion of participants with non-osteoporotic fractures was extremely small.&lt;/p&gt;&#xD;&#xA;&lt;p&gt;Intervention(s)&lt;/p&gt;&#xD;&#xA;&lt;p&gt;Percutaneous vertebroplasty (PVP); percutaneous balloon kyphoplasty (BKP) with or without vertebral body stenting.&lt;/p&gt;&#xD;&#xA;&lt;p&gt;Comparator(s)&lt;/p&gt;&#xD;&#xA;&lt;p&gt;The interventions themselves, non-invasive management, operative placebo with local anaesthesia (OPLA), or no treatment.&lt;/p&gt;&#xD;&#xA;&lt;p&gt;Outcomes&lt;/p&gt;&#xD;&#xA;&lt;p&gt;See the &quot;Major Outcomes Considered&quot; field for the primary and secondary outcomes of interest for this appraisal.&lt;/p&gt;&#xD;&#xA;&lt;p&gt;Only studies which reported data relating to at least one of the primary outcomes&amp;nbsp;in relation to the population of interest were eligible for inclusion in the review of clinical effectiveness. This criterion was relaxed for consideration of adverse events, to allow the inclusion of studies which reported data relating to any of the secondary outcomes in the population of interest. However, adverse event data were included only if they related to patients with osteoporotic vertebral compression fracture (VCFs) because of the possibility that patients with fractures of different aetiology (e.g., malignancy) might be susceptible to more, or different, adverse events.&lt;/p&gt;&#xD;&#xA;&lt;p&gt;To facilitate comparison, outcomes measured at or before three weeks are grouped together as short-term outcomes, those measured between one and six months as medium-term outcomes, and those measured at 12 months or later as long-term outcomes.&lt;/p&gt;&#xD;&#xA;&lt;p&gt;Study Design&lt;/p&gt;&#xD;&#xA;&lt;p&gt;According to the accepted hierarchy of evidence, the review of clinical effectiveness was limited to RCTs, as they provide the most authoritative form of evidence. It was planned that non-randomised studies would be considered if insufficient data were available from RCTs, but this was not necessary.&lt;/p&gt;&#xD;&#xA;&lt;p&gt;In reviews of interventions for which beneficial effects are uncertain or contentious, with some possibility of harm, an accompanying review of adverse events (AEs) can be of substantial importance when deciding whether to use the intervention. It is widely recognised that RCTs do not form a good source of evidence for adverse events: they are generally not powered to reliably detect rare adverse effects, nor is their follow-up period long enough to permit the detection of adverse effects widely separated in time from the original intervention. In addition, their populations are often not wholly typical of the target population: they may be younger and have fewer comorbidities than the general population of patients with the condition of interest. Moreover, RCTs do not always measure all potential side-effects. Hence, it was decided to review the literature on AEs in PVP and BKP to provide additional support for clinical decision making. AEs were addressed using two broad research questions, namely, &quot;what AEs are associated with PVP or BKP in the treatment of osteoporotic VCFs?&quot; and &quot;what is the approximate incidence of AEs associated with PVP or BKP in the treatment of osteoporotic VCFs?&quot; Although this broad approach risked an overload of heterogeneous data which could not be easily pooled, it had a two-fold advantage: first, it could identify new or previously unrecognised complications, and second, it could provide a more comprehensive overview of potential complications.&lt;/p&gt;&#xD;&#xA;&lt;p&gt;Two types of evidence were included in the review of safety:&lt;/p&gt;&#xD;&#xA;&lt;ul style=&quot;list-style-type: disc;&quot;&gt;&#xD;&#xA;    &lt;li&gt;Large observational studies (&amp;ge;200 patients), which would allow exploration of the range and incidence of adverse events associated with PVP and BKP. The decision to include only large observational studies was based on a desire to exclude small case series which might display particularly high adverse event rates associated with limited experience of the relevant techniques on the part of the clinician or institution. The decision to set the threshold for inclusion at 200 patients was taken &lt;em&gt;a priori&lt;/em&gt;. &lt;/li&gt;&#xD;&#xA;    &lt;li&gt;Individual case reports were used to supplement the RCTs and large observational studies to provide as full a picture as possible of the range of adverse events associated with PVP and BKP. They were therefore used as a source of evidence relating only to adverse events which were not reported in the RCTs or large observational studies. By their nature, individual case reports cannot provide any indication of the incidence of such adverse events. &lt;/li&gt;&#xD;&#xA;&lt;/ul&gt;&#xD;&#xA;&lt;p&gt;As with the review of clinical effectiveness, studies which included participants with non-osteoporotic vertebral fractures of other aetiologies (e.g., fractures associated with trauma, myeloma, or metastatic cancer) as well as those with osteoporotic VCFs were excluded unless data relating to participants with osteoporotic fractures could be extracted separately. This was because there is some evidence that the type and incidence of AEs may differ in vertebral fractures of non-osteoporotic origin (e.g., metastatic, traumatic).&lt;/p&gt;&#xD;&#xA;&lt;p&gt;&lt;span style=&quot;text-decoration: underline;&quot;&gt;Exclusion Criteria&lt;/span&gt;&lt;/p&gt;&#xD;&#xA;&lt;p&gt;Systematic reviews were excluded from the review of clinical effectiveness and safety, but were retained for discussion and identification of additional relevant primary research studies. Studies which were considered methodologically unsound were excluded from the review, as were the following publication types:&lt;/p&gt;&#xD;&#xA;&lt;ul style=&quot;list-style-type: disc;&quot;&gt;&#xD;&#xA;    &lt;li&gt;Animal models &lt;/li&gt;&#xD;&#xA;    &lt;li&gt;Preclinical and biological studies &lt;/li&gt;&#xD;&#xA;    &lt;li&gt;Narrative reviews, editorials, and opinions &lt;/li&gt;&#xD;&#xA;    &lt;li&gt;Non-randomised studies (except for adverse effects) &lt;/li&gt;&#xD;&#xA;    &lt;li&gt;Studies published as meeting abstracts only, which reported insufficient methodological details to allow critical appraisal of study quality &lt;/li&gt;&#xD;&#xA;&lt;/ul&gt;&#xD;&#xA;&lt;p&gt;In addition, potentially relevant publications were excluded if they had been superseded by later publications and did not contain any additional useful data: this applied to several conference abstracts.&lt;/p&gt;&#xD;&#xA;&lt;p&gt;Study Selection&lt;/p&gt;&#xD;&#xA;&lt;p&gt;Retrieved studies were selected for inclusion through a two-stage process according to the above inclusion/exclusion criteria. The references identified by the literature searches were assessed for relevance first by title/abstract, and then by full text, excluding at each step studies which did not satisfy those criteria; abstract-only publications were retained for full-text review. One reviewer examined titles and abstracts for inclusion, and screening was checked by a second reviewer on ten per cent of citations. For studies of clinical effectiveness, the kappa coefficient (range 0 to 1) calculated to measure inter-rater reliability was excellent, at 1.0, indicating no discrepancies.&lt;/p&gt;&lt;/div&gt;" /></Field><Field FieldID="136" OrdBy="415" ID="408" Name="Number of Source Documents" Type="text"><FieldValue Value="&lt;ul style=&quot;list-style-type: disc;&quot;&gt;&#xD;&#xA;    &lt;li&gt;28 articles, related to 9 randomised controlled trials were included in narrative synthesis. &lt;/li&gt;&#xD;&#xA;    &lt;li&gt;Nine randomised controlled trials were eligible for inclusion in quantitative synthesis (meta-analysis). &lt;/li&gt;&#xD;&#xA;&lt;/ul&gt;" /></Field><Field FieldID="115" OrdBy="420" ID="409" Name="Methods Used to Assess the Quality and Strength of the Evidence" Type="picklist-choice"><FieldValue Value="Expert Consensus" /></Field><Field FieldID="149" OrdBy="425" ID="410" Name="Rating Scheme for the Strength of the Evidence" Type="text"><FieldValue Value="&lt;div class=&quot;content_para&quot;&gt;&lt;p&gt;Not applicable&lt;/p&gt;&lt;/div&gt;" /></Field><Field FieldID="116" OrdBy="430" ID="411" Name="Methods Used to Analyze the Evidence" Type="picklist-many"><FieldValue Value="Meta-Analysis" /><FieldValue Value="Review of Published Meta-Analyses" /><FieldValue Value="Systematic Review with Evidence Tables" /></Field><Field FieldID="150" OrdBy="435" ID="412" Name="Description of the Methods Used to Analyze the Evidence" Type="text"><FieldValue Value="&lt;div class=&quot;content_para&quot;&gt;&lt;p&gt;&lt;strong&gt;Note from the National Guideline Clearinghouse (NGC)&lt;/strong&gt;: The National Institute for Health and Care Excellence (NICE) commissioned an independent academic centre to perform a systematic literature review on the technology considered in this appraisal and prepare an assessment report. The assessment report for this technology appraisal was prepared by the School of Health and Related Research (ScHARR), the University of Sheffield (see the &quot;Availability of Companion Documents&quot; field).&lt;/p&gt;&#xD;&#xA;&lt;p&gt;&lt;strong&gt;&lt;span style=&quot;text-decoration: underline;&quot;&gt;Methods for Reviewing Clinical Effectiveness and Safety&lt;/span&gt;&lt;/strong&gt;&lt;/p&gt;&#xD;&#xA;&lt;p&gt;&lt;strong&gt;Data Extraction Strategy&lt;/strong&gt;&lt;/p&gt;&#xD;&#xA;&lt;p&gt;Data were extracted independently by two reviewers using a standardised data extraction form (see Appendix 2 of the Assessment Report); discrepancies were resolved by discussion and did not require input from a third reviewer. Where multiple publications relating to the same study were identified, data were extracted and reported as a single study.&lt;/p&gt;&#xD;&#xA;&lt;p&gt;Data obtained from the submissions made by the manufacturers have been appraised and commented on where deemed relevant.&lt;/p&gt;&#xD;&#xA;&lt;p&gt;&lt;strong&gt;Critical Appraisal Strategy&lt;/strong&gt;&lt;/p&gt;&#xD;&#xA;&lt;p&gt;The methodological quality of each study which met the inclusion criteria for the review of clinical effectiveness was assessed independently by two reviewers, and any discrepancies were resolved by discussion. Where a study was reported in more than one publication, its quality was assessed on the basis of the combined data from all relevant publications.&lt;/p&gt;&#xD;&#xA;&lt;p&gt;It was stated in the protocol that quality would be assessed according to criteria based on those proposed by Ploeg et al.&lt;sup&gt;1&lt;/sup&gt; for the assessment of studies of percutaneous vertebroplasty (see Appendix 3 of the Assessment Report). These criteria were initially adopted because they could be applied to both randomised and non-randomised studies. However, in the event, because sufficient RCTs were identified, it was not necessary to include non-randomised studies, and it was found that the criteria proposed by Ploeg et al.&lt;sup&gt;1&lt;/sup&gt; did not discriminate sufficiently between the included RCTs. A new set of criteria was therefore developed: this was based on the criteria proposed by the Center for Reviews and Dissemination (CRD) and the Cochrane Collaboration for assessing the risk of bias in randomised trials, but also incorporated criteria proposed by Ploeg et al.&lt;sup&gt;1&lt;/sup&gt; and Furlan et al.&lt;sup&gt;2&lt;/sup&gt; which had particular relevance to the interventions under review. These criteria relate to internal validity, and also to external validity, and precision (for details, see Appendix 4 of the Assessment Report). The criterion relating to the blinding of care providers was excluded as such blinding was not possible given the nature of the interventions under review.&lt;/p&gt;&#xD;&#xA;&lt;p&gt;The revised quality assessment tool included some questions which led to subsidiary questions to which the answer could be &quot;not applicable&quot;. These subsidiary questions have not been included in the risk of bias tables presented in Section 5.2.2 of the Assessment Report.&lt;/p&gt;&#xD;&#xA;&lt;p&gt;&lt;strong&gt;Methods of Data Synthesis&lt;/strong&gt;&lt;/p&gt;&#xD;&#xA;&lt;p&gt;Due to the potential impact of baseline imbalances in the degree of pain and disability reported by patients with osteoporotic VCFs, it is crucial that outcomes which are reported as continuous data (e.g., pain, disability, and health-related quality of life) are assessed in terms of the difference between the mean changes from baseline in the intervention and control groups, and not in terms of the differences between mean scores at any given point in time. Where the original study investigators presented relevant measures of effect in terms of mean changes from baseline, these have been included in the data tables not least because in some cases they also adjusted for stratification variables (e.g., treatment centre). Where adjusted data were not reported, mean between-group differences in change from baseline for continuous outcomes were calculated adjusting for the variance of the within treatment change from baseline, where this was made possible by the data. This method generated confidence intervals but not probability (p) values. For dichotomous outcomes, relative risks, with confidence intervals and p values, were calculated using the Cochrane Collaboration Review Manager&amp;copy; Software (version 5.1) if such data were not reported by the study investigators.&lt;/p&gt;&#xD;&#xA;&lt;p&gt;Studies which met the review's entry criteria were eligible for inclusion in meta-analyses to estimate summary measures of effect if such meta-analysis was appropriate (i.e., if the study populations, intervention, and outcomes were comparable). Meta-analysis was carried out using random effects models, using Review Manager&amp;copy; Software (version 5.1). Heterogeneity in the meta-analyses was explored through consideration of the study populations, methods, and interventions, by visualisation of results and, in statistical terms, by the &amp;chi;&lt;sup&gt;2&lt;/sup&gt; test for homogeneity and the I&lt;sup&gt;2&lt;/sup&gt; statistic. However, such meta-analysis was limited to dichotomous outcomes.&lt;/p&gt;&#xD;&#xA;&lt;p&gt;The review team did not undertake meta-analyses of data relating to continuous or quasi-continuous outcomes. Such meta-analysis was considered inappropriate because of the existence of a published meta-analysis of data from the only two double-blind studies of vertebral augmentation. As this meta-analysis used individual patient data, it was of a higher quality than could be achieved using published data. There was considered to be too much heterogeneity to justify combining data from all the studies of PVP in a meta-analysis together with published data from the existing meta-analysis&amp;nbsp;studies.&lt;/p&gt;&#xD;&#xA;&lt;p&gt;&lt;strong&gt;&lt;span style=&quot;text-decoration: underline;&quot;&gt;Cost-Effectiveness&lt;/span&gt;&lt;/strong&gt;&lt;/p&gt;&#xD;&#xA;&lt;p&gt;&lt;strong&gt;Systematic Review of Existing Cost-Effectiveness Evidence&lt;/strong&gt;&lt;/p&gt;&#xD;&#xA;&lt;p&gt;&lt;em&gt;Previously Published Economic Models of Percutaneous Vertebroplasty (PVP) and Balloon Kyphoplasty (BKP)&lt;/em&gt;&lt;/p&gt;&#xD;&#xA;&lt;p&gt;From the literature review, only one mathematical model assessing the cost-effectiveness of BKP or PVP in the defined population was found. This concurred with the conclusions presented by the model submitted by Medtronic.&lt;/p&gt;&#xD;&#xA;&lt;p&gt;&lt;em&gt;The Models Submitted by the Manufacturers&lt;/em&gt;&lt;/p&gt;&#xD;&#xA;&lt;p&gt;&lt;span style=&quot;text-decoration: underline;&quot;&gt;The Johnson and Johnson Model&lt;/span&gt;&lt;/p&gt;&#xD;&#xA;&lt;p&gt;Johnson and Johnson submitted a &lt;em&gt;de novo&lt;/em&gt; cost-effectiveness model to determine the cost-effectiveness of PVP, BKP, operative placebo with local anaesthesia (OPLA) (denoted as 'invasive control procedure' and also as 'sham'), and optimal pain management (termed 'non-invasive management'). The perspective of the analysis was that of direct National Health Service (NHS) and personal and social services costs. In the base case the time horizon was that of one year, with discounting of both costs and benefits at 3.5% per annum in sensitivity analyses extending beyond a one-year time horizon.&lt;/p&gt;&#xD;&#xA;&lt;p&gt;&lt;span style=&quot;text-decoration: underline;&quot;&gt;The Medtronic Model&lt;/span&gt;&lt;/p&gt;&#xD;&#xA;&lt;p&gt;Medtronic submitted a Markov tunnel model adapted from the Strom model to determine the cost- effectiveness of kyphoplasty, vertebroplasty, and optimal pain management in patients hospitalised with vertebral compression fractures.&lt;/p&gt;&#xD;&#xA;&lt;p&gt;The tunnel approach allows the time in a health state to be reflected in model parameters such as transition probabilities, costs and utilities.&lt;/p&gt;&#xD;&#xA;&lt;p&gt;&lt;em&gt;The Assessment Group Model: The Conceptual Model&lt;/em&gt;&lt;/p&gt;&#xD;&#xA;&lt;p&gt;The conceptual model was constructed to account for two main factors. Firstly the potential difference in EuroQol- 5 dimensions scale (EQ-5D) (mapped from visual analogue scale [VAS] or taken directly from the trial) within the short term due to the intervention and secondly the need to model differential mortality rates which are dependent on the intervention. As there were potentially different mortality rates it was deemed prudent to also model expensive events related to the osteoporotic VCF to take into consideration the fact that patients who live longer may have other disease related events. Thus, the risks of subsequent hip and vertebral fractures were also modelled.&lt;/p&gt;&#xD;&#xA;&lt;p&gt;See Section 6 of the Assessment Report and Section 4.2 of the original guideline document for additional information on cost-effectiveness methodology.&lt;/p&gt;&#xD;&#xA;&lt;p class=&quot;Note&quot;&gt;&lt;sup&gt;1&lt;/sup&gt;Ploeg, W.T., Veldhuizen, A.G., The, B., Sietsma, M.S. Percutaneous vertebroplasty as a treatment for osteoporotic vertebral compression fractures: a systematic review. European Spine Journal 2006; 15(12):1749-1758.&lt;/p&gt;&#xD;&#xA;&lt;p class=&quot;Note&quot;&gt;&lt;sup&gt;2&lt;/sup&gt;Furlan, A.D., Pennick, V., Bombardier, C., van Tulder, M. 2009 updated method guidelines for systematic reviews in the Cochrane Back Review Group. Spine 2009; 34(18):1929-1941.&lt;/p&gt;&lt;/div&gt;" /></Field><Field FieldID="112" OrdBy="440" ID="413" Name="Methods Used to Formulate the Recommendations" Type="picklist-choice"><FieldValue Value="Expert Consensus" /></Field><Field FieldID="145" OrdBy="445" ID="414" Name="Description of Methods Used to Formulate the Recommendations" Type="text"><FieldValue Value="&lt;div class=&quot;content_para&quot;&gt;&lt;p&gt;&lt;strong&gt;Considerations&lt;/strong&gt;&lt;/p&gt;&#xD;&#xA;&lt;p&gt;Technology appraisal recommendations are based on a review of clinical and economic evidence.&lt;/p&gt;&#xD;&#xA;&lt;p&gt;&lt;strong&gt;Technology Appraisal Process&lt;/strong&gt;&lt;/p&gt;&#xD;&#xA;&lt;p&gt;The National Institute for Health and Care Excellence (NICE) invites 'consultee' and 'commentator' organisations to take part in the appraisal process. Consultee organisations include national groups representing patients and carers, the bodies representing health professionals, and the manufacturers of the technology under review. Consultees are invited to submit evidence during the appraisal and to comment on the appraisal documents.&lt;/p&gt;&#xD;&#xA;&lt;p&gt;Commentator organisations include manufacturers of the products with which the technology is being compared, the National Health Service (NHS) Quality Improvement Scotland and research groups working in the area. They can comment on the evidence and other documents but are not asked to submit evidence themselves.&lt;/p&gt;&#xD;&#xA;&lt;p&gt;NICE then commissions an independent academic centre to review published evidence on the technology and prepare an 'assessment report'. Consultees and commentators are invited to comment on the report. The assessment report and the comments on it are then drawn together in a document called the evaluation report.&lt;/p&gt;&#xD;&#xA;&lt;p&gt;An independent Appraisal Committee then considers the evaluation report. It holds a meeting where it hears direct, spoken evidence from nominated clinical experts, patients and carers. The Committee uses all the evidence to make its first recommendations, in a document called the 'appraisal consultation document' (ACD). NICE sends all the consultees and commentators a copy of this document and posts it on the NICE Web site. Further comments are invited from everyone taking part.&lt;/p&gt;&#xD;&#xA;&lt;p&gt;When the Committee meets again it considers any comments submitted on the ACD; then it prepares its final recommendations in a document called the 'final appraisal determination' (FAD). This is submitted to NICE for approval.&lt;/p&gt;&#xD;&#xA;&lt;p&gt;Consultees have a chance to appeal against the final recommendations in the FAD. If there are no appeals, the final recommendations become the basis of the guidance that NICE issues.&lt;/p&gt;&#xD;&#xA;&lt;p&gt;&lt;strong&gt;Who Is on the Appraisal Committee?&lt;/strong&gt;&lt;/p&gt;&#xD;&#xA;&lt;p&gt;NICE technology appraisal recommendations are prepared by an independent committee. This includes health professionals working in the NHS and people who are familiar with the issues affecting patients, and carers. Although the Appraisal Committee seeks the views of organisations representing health professionals, patients, carers, manufacturers and government, its advice is independent of any vested interests.&lt;/p&gt;&lt;/div&gt;" /></Field><Field FieldID="146" OrdBy="450" ID="415" Name="Rating Scheme for the Strength of the Recommendations" Type="text"><FieldValue Value="&lt;div class=&quot;content_para&quot;&gt;&lt;p&gt;Not applicable&lt;/p&gt;&lt;/div&gt;" /></Field><Field FieldID="148" OrdBy="460" ID="417" Name="Cost Analysis" Type="text"><FieldValue Value="&lt;div class=&quot;content_para&quot;&gt;&lt;p&gt;&lt;strong&gt;Summary of Appraisal Committee's Key Conclusions&lt;/strong&gt;&lt;/p&gt;&#xD;&#xA;&lt;p&gt;&lt;em&gt;Availability and Nature of Evidence&lt;/em&gt;&lt;/p&gt;&#xD;&#xA;&lt;p&gt;Medtronic submitted a Markov tunnel model adapted from the Strom model to determine the cost- effectiveness of kyphoplasty, vertebroplasty, and optimal pain management in patients hospitalised with vertebral compression fractures.&lt;/p&gt;&#xD;&#xA;&lt;p&gt;Johnson and Johnson developed a 1-year treatment-state model aiming to determine the cost-effectiveness of vertebroplasty, kyphoplasty, optimal pain management, and operative placebo with local anaesthesia using a scenario analysis.&lt;/p&gt;&#xD;&#xA;&lt;p&gt;The Assessment Group's model was designed to determine the cost-effectiveness of vertebroplasty, kyphoplasty, optimal pain management, and operative placebo with local anaesthesia.&lt;/p&gt;&#xD;&#xA;&lt;p&gt;&lt;em&gt;Uncertainties Around and Plausibility of Assumptions and Inputs in the Economic Model&lt;/em&gt;&lt;/p&gt;&#xD;&#xA;&lt;p&gt;The Assessment Group presented 6 scenarios rather than a base case. Given the uncertainty around whether vertebroplasty or kyphoplasty prolonged life, it organised results into 3 categories based on whether:&lt;/p&gt;&#xD;&#xA;&lt;ul style=&quot;list-style-type: disc;&quot;&gt;&#xD;&#xA;    &lt;li&gt;Kyphoplasty prolongs life more than vertebroplasty, which prolongs life more than optimal pain management &lt;/li&gt;&#xD;&#xA;    &lt;li&gt;Vertebroplasty and kyphoplasty prolong life more than optimal pain management and &lt;/li&gt;&#xD;&#xA;    &lt;li&gt;Vertebroplasty and kyphoplasty do not prolong life more than optimal pain management &lt;/li&gt;&#xD;&#xA;&lt;/ul&gt;&#xD;&#xA;&lt;p&gt;The Assessment Group presented results that differed based on whether it took EuroQol- 5 dimensions scale (EQ-5D) directly from the trials or mapped stable visual analogue scale (VAS) scores to EQ-5D. The Committee considered the scenario in which kyphoplasty was assumed to prolong life more than vertebroplasty, while also considering the scenario in which kyphoplasty and vertebroplasty prolong life equally, using EQ-5D data included directly from trials and assuming a later convergence of pain scores.&lt;/p&gt;&#xD;&#xA;&lt;p&gt;The Assessment Group had calculated the cost of vertebroplasty in the model assuming that low-viscosity cements would be used in most procedures; this significantly reduced the cost of 85% of procedures in the model. Although high-viscosity cements are being used increasingly in clinical practice because of concerns around cement leakage with low-viscosity cements, the Committee considered it unlikely that high-viscosity cements would be used in most vertebroplasty procedures. The Committee therefore based its recommendation on the Assessment Group's assumption that clinicians would use low-viscosity cement in most procedures.&lt;/p&gt;&#xD;&#xA;&lt;p&gt;&lt;em&gt;Incorporation of Health-Related Quality-of-Life Benefits and Utility Values&lt;/em&gt;&lt;/p&gt;&#xD;&#xA;&lt;p&gt;The Committee concluded that including EQ-5D data directly from the trials was appropriate.&lt;/p&gt;&#xD;&#xA;&lt;p&gt;&lt;em&gt;Have Any Potential Significant and Substantial Health-Related Benefits Been Identified That Were Not Included in the Economic Model, and How Have They Been Considered?&lt;/em&gt;&lt;/p&gt;&#xD;&#xA;&lt;p&gt;The Committee identified no health-related benefits that were excluded from the economic model.&lt;/p&gt;&#xD;&#xA;&lt;p&gt;&lt;em&gt;Are There Specific Groups of People for Whom the Technology Is Particularly Cost-Effective?&lt;/em&gt;&lt;/p&gt;&#xD;&#xA;&lt;p&gt;See section on subgroups under Evidence and Interpretation in the original guideline document.&lt;/p&gt;&#xD;&#xA;&lt;p&gt;&lt;em&gt;What Are the Key Drivers of Cost-Effectiveness?&lt;/em&gt;&lt;/p&gt;&#xD;&#xA;&lt;p&gt;Assumptions about mortality benefits associated with vertebroplasty and kyphoplasty.&lt;/p&gt;&#xD;&#xA;&lt;p&gt;&lt;em&gt;Most Likely Cost-Effectiveness Estimate (Given as an Incremental Cost-Effectiveness Ratio [ICER])&lt;/em&gt;&lt;/p&gt;&#xD;&#xA;&lt;p&gt;The Committee acknowledged that the results were extremely sensitive to the mortality benefit assumptions. The Committee concluded that the ICERs established for both kyphoplasty and vertebroplasty were generally at the lower end of what is usually considered to be cost-effective.&lt;/p&gt;&lt;/div&gt;" /></Field><Field FieldID="104" OrdBy="465" ID="418" Name="Method of Guideline Validation" Type="picklist-choice"><FieldValue Value="External Peer Review" /></Field><Field FieldID="130" OrdBy="470" ID="419" Name="Description of Method of Guideline Validation" Type="text"><FieldValue Value="&lt;div class=&quot;content_para&quot;&gt;&lt;p&gt;Consultee organisations from the following groups were invited to comment on the draft scope, Assessment Report and the Appraisal Consultation Document (ACD) and were provided with the opportunity to appeal against the Final Appraisal Determination.&lt;/p&gt;&#xD;&#xA;&lt;ul style=&quot;list-style-type: disc;&quot;&gt;&#xD;&#xA;    &lt;li&gt;Manufacturer/sponsors &lt;/li&gt;&#xD;&#xA;    &lt;li&gt;Professional/specialist and patient/carer groups &lt;/li&gt;&#xD;&#xA;    &lt;li&gt;Commentator organisations (without the right of appeal) &lt;/li&gt;&#xD;&#xA;&lt;/ul&gt;&#xD;&#xA;&lt;p&gt;In addition, individuals selected from clinical expert and patient advocate nominations from the professional/specialist and patient/carer groups were also invited to comment on the ACD.&lt;/p&gt;&lt;/div&gt;" /></Field></Section><Section SecID="420" OrdBy="500" Name="Recommendations"><Field FieldID="151" OrdBy="505" ID="421" Name="Major Recommendations" Type="text"><FieldValue Value="&lt;div class=&quot;content_para&quot;&gt;&lt;p&gt;Percutaneous vertebroplasty, and percutaneous balloon kyphoplasty without stenting, are recommended as options for treating osteoporotic vertebral compression fractures only in people:&lt;/p&gt;&#xD;&#xA;&lt;ul style=&quot;list-style-type: disc;&quot;&gt;&#xD;&#xA;    &lt;li&gt;Who have severe ongoing pain after a recent, unhealed vertebral fracture despite optimal pain management &lt;strong&gt;and&lt;/strong&gt; &lt;/li&gt;&#xD;&#xA;    &lt;li&gt;In whom the pain has been confirmed to be at the level of the fracture by physical examination and imaging. &lt;/li&gt;&#xD;&#xA;&lt;/ul&gt;&lt;/div&gt;" /></Field><Field FieldID="138" OrdBy="515" ID="423" Name="Clinical Algorithm(s)" Type="text"><FieldValue Value="&lt;div class=&quot;content_para&quot;&gt;&lt;p&gt;A National Institute for Health and Care Excellence (NICE) pathway for osteoporosis is available on the &lt;a href=&quot;http://pathways.nice.org.uk/pathways/osteoporosis&quot; title=&quot;NICE Web site&quot;&gt;NICE Web site&lt;/a&gt;.&lt;/p&gt;&lt;/div&gt;" /></Field></Section><Section SecID="424" OrdBy="600" Name="Evidence Supporting the Recommendations"><Field FieldID="139" OrdBy="610" ID="426" Name="Type of Evidence Supporting the Recommendations" Type="text"><FieldValue Value="&lt;div class=&quot;content_para&quot;&gt;&lt;p&gt;The type of evidence supporting the recommendations is not specifically stated.&lt;/p&gt;&#xD;&#xA;&lt;p&gt;The Appraisal Committee considered clinical and cost-effectiveness evidence and a review of this evidence by the Assessment Group. For clinical effectiveness, randomised controlled trials were the main source of evidence. For cost-effectiveness, the manufacturers' and the Assessment Group's economic models were considered.&lt;/p&gt;&lt;/div&gt;" /></Field></Section><Section SecID="427" OrdBy="700" Name="Benefits/Harms of Implementing the Guideline Recommendations"><Field FieldID="152" OrdBy="705" ID="428" Name="Potential Benefits" Type="text"><FieldValue Value="&lt;div class=&quot;content_para&quot;&gt;&lt;p&gt;Appropriate use of percutaneous vertebroplasty and percutaneous balloon kyphoplasty for treating osteoporotic vertebral compression fractures&lt;/p&gt;&lt;/div&gt;" /></Field><Field FieldID="153" OrdBy="710" ID="429" Name="Potential Harms" Type="text"><FieldValue Value="&lt;div class=&quot;content_para&quot;&gt;&lt;p&gt;For both vertebroplasty and kyphoplasty, adverse reactions can be caused by: needle insertion (such as local or systemic infection, bleeding, and damage to neural or other structures); leakage of bone cement; displacement of bone marrow and other material by the cement; systemic reactions to the cement (such as hypotension and death); and complications related to anaesthesia and patient positioning (such as additional fractures of a rib or the sternum). In addition, there is a small risk that the balloon can rupture in kyphoplasty, which can result in the retention of balloon fragments within the vertebral body.&lt;/p&gt;&lt;/div&gt;" /></Field></Section><Section SecID="432" OrdBy="900" Name="Qualifying Statements"><Field FieldID="137" OrdBy="905" ID="433" Name="Qualifying Statements" Type="text"><FieldValue Value="&lt;ul style=&quot;list-style-type: disc;&quot;&gt;&#xD;&#xA;    &lt;li&gt;This guidance represents the views of the National Institute for Health and Care Excellence (NICE) and was arrived at after careful consideration of the evidence available. Healthcare professionals are expected to take it fully into account when exercising their clinical judgement. However, the guidance does not override the individual responsibility of healthcare professionals to make decisions appropriate to the circumstances of the individual patient, in consultation with the patient and/or guardian or carer. &lt;/li&gt;&#xD;&#xA;    &lt;li&gt;Implementation of this guidance is the responsibility of local commissioners and/or providers. Commissioners and providers are reminded that it is their responsibility to implement the guidance, in their local context, in light of their duties to have due regard to the need to eliminate unlawful discrimination, advance equality of opportunity and foster good relations. Nothing in this guidance should be interpreted in a way that would be inconsistent with compliance with those duties. &lt;/li&gt;&#xD;&#xA;&lt;/ul&gt;" /></Field></Section><Section SecID="434" OrdBy="1000" Name="Implementation of the Guideline"><Field FieldID="131" OrdBy="1010" ID="436" Name="Description of Implementation Strategy" Type="text"><FieldValue Value="&lt;ul style=&quot;list-style-type: disc;&quot;&gt;&#xD;&#xA;    &lt;li&gt;Section 7(6) of the National Institute for Health and Care Excellence (NICE) (Constitution and Functions) and the Health and Social Care Information Centre (Functions) Regulations 2013 requires clinical commissioning groups, National Health Service (NHS) England and, with respect to their public health functions, local authorities to comply with the recommendations in this appraisal within 3 months of its date of publication. &lt;/li&gt;&#xD;&#xA;    &lt;li&gt;When NICE recommends a treatment 'as an option', the NHS must make sure it is available within the period set out in the paragraph above. This means that, if a patient has osteoporotic vertebral compression fractures and the doctor responsible for their care thinks that percutaneous vertebroplasty, or percutaneous balloon kyphoplasty without stenting, is the right treatment, it should be available for use, in line with NICE's recommendations. &lt;/li&gt;&#xD;&#xA;    &lt;li&gt;NICE has developed a tool to help organisations put this guidance into practice (listed below). This tool is available on the &lt;a href=&quot;http://guidance.nice.org.uk/TA279&quot; title=&quot;NICE Web site&quot;&gt;NICE Web site&lt;/a&gt;.&#xD;&#xA;    &lt;ul style=&quot;list-style-type: disc;&quot;&gt;&#xD;&#xA;        &lt;li&gt;A costing statement explaining the resource impact of this guidance &lt;/li&gt;&#xD;&#xA;    &lt;/ul&gt;&#xD;&#xA;    &lt;/li&gt;&#xD;&#xA;&lt;/ul&gt;" /></Field><Field FieldID="117" OrdBy="1015" ID="437" Name="Implementation Tools" Type="picklist-many"><FieldValue Value="Clinical Algorithm" /><FieldValue Value="Patient Resources" /><FieldValue Value="Resources" /></Field></Section><Section SecID="439" OrdBy="1100" Name="Institute of Medicine (IOM) National Healthcare Quality Report Categories"><Field FieldID="50" OrdBy="1105" ID="440" Name="IOM Care Need" Type="picklist-many"><FieldValue Value="Getting Better" /></Field><Field FieldID="51" OrdBy="1110" ID="441" Name="IOM Domain" Type="picklist-many"><FieldValue Value="Effectiveness" /><FieldValue Value="Patient-centeredness" /></Field></Section><Section SecID="442" OrdBy="1200" Name="Identifying Information and Availability"><Field FieldID="97" OrdBy="1201" ID="392" Name="Bibliographic Source(s)" Type="citation"><FieldValue Value="&lt;table&gt;&lt;tr&gt;&lt;td&gt;National Institute for Health and Care Excellence (NICE). Percutaneous vertebroplasty and percutaneous balloon kyphoplasty for treating osteoporotic vertebral compression fractures. London (UK): National Institute for Health and Care Excellence (NICE); 2013 Apr. 55 p.&amp;nbsp;(Technology appraisal guidance; no. 279).&amp;nbsp;&lt;/td&gt;&lt;/tr&gt;&lt;/table&gt;" /></Field><Field FieldID="124" OrdBy="1205" ID="443" Name="Adaptation" Type="text"><FieldValue Value="&lt;div class=&quot;content_para&quot;&gt;&lt;p&gt;Not applicable: The guideline was not adapted from another source.&lt;/p&gt;&lt;/div&gt;" /></Field><Field FieldID="128" OrdBy="1215" ID="445" Name="Date Released" Type="text"><FieldValue Value="2013 April" /></Field><Field FieldID="158" OrdBy="1225" ID="447" Name="Guideline Developer(s)" Type="orglist-p"><FieldValue Value="National Institute for Health and Care Excellence (NICE) - National Government Agency [Non-U.S.]" /></Field><Field FieldID="125" OrdBy="1235" ID="449" Name="Source(s) of Funding" Type="text"><FieldValue Value="&lt;div class=&quot;content_para&quot;&gt;&lt;p&gt;National Institute for Health and Care Excellence (NICE)&lt;/p&gt;&lt;/div&gt;" /></Field><Field FieldID="126" OrdBy="1240" ID="450" Name="Guideline Committee" Type="text"><FieldValue Value="&lt;div class=&quot;content_para&quot;&gt;&lt;p&gt;Appraisal Committee&lt;/p&gt;&lt;/div&gt;" /></Field><Field FieldID="127" OrdBy="1245" ID="451" Name="Composition of Group That Authored the Guideline" Type="text"><FieldValue Value="&lt;div class=&quot;content_para&quot;&gt;&lt;p&gt;&lt;em&gt;Committee Members&lt;/em&gt;: Dr Amanda Adler (&lt;em&gt;Chair&lt;/em&gt;), Consultant Physician, Addenbrooke's Hospital; Professor Keith Abrams, Professor of Medical Statistics, University of Leicester; Dr Ray Armstrong, Consultant Rheumatologist, Southampton General Hospital; Dr Jeff Aronson, Reader in Clinical Pharmacology, University Department of Primary Health Care, University of Oxford; Professor John Cairns, Professor of Health Economics Public Health and Policy, London School of Hygiene and Tropical Medicine; Professor Fergus Gleeson, Consultant Radiologist, Churchill Hospital, Oxford; Professor Jonathan Grigg, Professor of Paediatric Respiratory and Environmental Medicine, Barts and the London School of Medicine and Dentistry, Queen Mary University London; Professor Daniel Hochhauser, Consultant in Medical Oncology; Dr Neil Iosson, General Practitioner; Anne Joshua, Associate Director of Pharmacy, NHS Direct; Terence Lewis, Lay Member; Dr Rubin Minhas, General Practitioner and Clinical Director, BMJ Evidence Centre; Dr Peter Norrie, Principal Lecturer in Nursing, DeMontfort University; Professor Stephen Palmer, Professor of Health Economics, Centre for Health Economics, University of York; Dr Sanjeev Patel, Consultant Physician and Senior Lecturer in Rheumatology, St Helier University Hospital; Dr John Pounsford, Consultant Physician, Frenchay Hospital, Bristol; Dr Danielle Preedy, Lay Member; Dr John Rodriguez, Assistant Director of Public Health, NHS Eastern and Coastal Kent; Alun Roebuck, Consultant Nurse in Critical and Acute Care, United Lincolnshire NHS Trust; Roderick Smith, Finance Director, West Kent Primary Care Trust; Cliff Snelling, Lay Member; Marta Soares, Research Fellow, Centre for Health Economics, University of York; Professor Andrew Stevens, Professor of Public Health, Department of Public Health and Epidemiology, University of Birmingham; David Thomson, Lay Member; Dr Nerys Woolacott Senior Research Fellow, Centre for Health Economics, University of York&lt;/p&gt;&lt;/div&gt;" /></Field><Field FieldID="147" OrdBy="1250" ID="452" Name="Financial Disclosures/Conflicts of Interest" Type="text"><FieldValue Value="&lt;div class=&quot;content_para&quot;&gt;&lt;p&gt;Committee members are asked to declare any interests in the technology to be appraised. If it is considered there is a conflict of interest, the member is excluded from participating further in that appraisal.&lt;/p&gt;&lt;/div&gt;" /></Field><Field FieldID="120" OrdBy="1256" ID="393" Name="Guideline Status" Type="text"><FieldValue Value="&lt;div class=&quot;content_para&quot;&gt;&lt;p&gt;This is the current release of the guideline.&lt;/p&gt;&lt;/div&gt;" /></Field><Field FieldID="118" OrdBy="1260" ID="454" Name="Guideline Availability" Type="text"><FieldValue Value="&lt;div class=&quot;content_para&quot;&gt;&lt;p&gt;Electronic copies: Available from the &lt;a href=&quot;http://guidance.nice.org.uk/TA279&quot; title=&quot;NICE Web site&quot;&gt;National Institute for Health and Care Excellence (NICE) Web site&lt;/a&gt;.&lt;/p&gt;&lt;/div&gt;" /></Field><Field FieldID="119" OrdBy="1265" ID="455" Name="Availability of Companion Documents" Type="text"><FieldValue Value="&lt;div class=&quot;content_para&quot;&gt;&lt;p&gt;The following are available:&lt;/p&gt;&#xD;&#xA;&lt;ul style=&quot;list-style-type: disc;&quot;&gt;&#xD;&#xA;    &lt;li&gt;Percutaneous vertebroplasty and percutaneous balloon kyphoplasty for treating osteoporotic vertebral compression fractures. Costing statement. London (UK): National Institute for Health and Care Excellence (NICE); 2013 Apr. 5 p. (Technology appraisal 279). Electronic copies: Available in Portable Document Format (PDF) from the &lt;a href=&quot;http://guidance.nice.org.uk/TA279/CostingStatement/pdf/English&quot; title=&quot;NICE Web site&quot;&gt;National Institute for Health and Care Excellence (NICE) Web site&lt;/a&gt;. &lt;/li&gt;&#xD;&#xA;    &lt;li&gt;Percutaneous vertebroplasty and percutaneous balloon kyphoplasty for the treatment of osteoporotic vertebral fractures: a systematic review and cost-effectiveness analysis. Technology Assessment Report. School of Health and Related Research (ScHARR), the University of Sheffield; 2012 Aug. 416 p. Electronic copies: Available in PDF from the &lt;a href=&quot;http://guidance.nice.org.uk/TA/Wave22/18/Consultation/EvaluationReport/AssessmentReport/pdf/English&quot; title=&quot;NICE Web site&quot;&gt;NICE Web site&lt;/a&gt;. &lt;/li&gt;&#xD;&#xA;    &lt;li&gt;Osteoporosis overview. NICE pathway. London (UK): National Institute for Health and Care Excellence (NICE); 2013 Apr. (Technology appraisal; no. 279). Electronic copies: Available from the &lt;a href=&quot;http://pathways.nice.org.uk/pathways/osteoporosis&quot; title=&quot;NICE Web site&quot;&gt;NICE Web site&lt;/a&gt;. &lt;/li&gt;&#xD;&#xA;&lt;/ul&gt;&lt;/div&gt;" /></Field><Field FieldID="143" OrdBy="1275" ID="457" Name="Patient Resources" Type="text"><FieldValue Value="&lt;div class=&quot;content_para&quot;&gt;&lt;p&gt;The following is available:&lt;/p&gt;&#xD;&#xA;&lt;ul style=&quot;list-style-type: disc;&quot;&gt;&#xD;&#xA;    &lt;li&gt;Vertebroplasty and kyphoplasty for spinal compression fractures caused by osteoporosis. Information for the public. London (UK): National Institute for Health and Care Excellence (NICE); 2013 Apr. 6p. Electronic copies: Available in Portable Document Format (PDF) from the &lt;a href=&quot;http://guidance.nice.org.uk/TA279/PublicInfo/pdf/English&quot; title=&quot;NICE Web site&quot;&gt;National Institute for Health and Care Excellence (NICE) Web site&lt;/a&gt;. &lt;/li&gt;&#xD;&#xA;&lt;/ul&gt;&#xD;&#xA;&lt;p class=&quot;Disclaimer&quot;&gt;Please note: This patient information is intended to provide health professionals with information to share with their patients to help them better understand their health and their diagnosed disorders. By providing access to this patient information, it is not the intention of NGC to provide specific medical advice for particular patients. Rather we urge patients and their representatives to review this material and then to consult with a licensed health professional for evaluation of treatment options suitable for them as well as for diagnosis and answers to their personal medical questions. This patient information has been derived and prepared from a guideline for health care professionals included on NGC by the authors or publishers of that original guideline. The patient information is not reviewed by NGC to establish whether or not it accurately reflects the original guideline's content.&lt;/p&gt;&lt;/div&gt;" /></Field><Field FieldID="142" OrdBy="1280" ID="458" Name="NGC Status" Type="text"><FieldValue Value="&lt;div class=&quot;content_para&quot;&gt;&lt;p&gt;This NGC summary was completed by ECRI Institute on June 17, 2013.&lt;/p&gt;&#xD;&#xA;&lt;p&gt;The National Institute for Health and Care Excellence (NICE) has granted the National Guideline Clearinghouse (NGC) permission to include summaries of their Technology Appraisal guidance with the intention of disseminating and facilitating the implementation of that guidance. NICE has not verified this content to confirm that it accurately reflects the original NICE guidance and therefore no guarantees are given by NICE in this regard. All NICE technology appraisal guidance is prepared in relation to the National Health Service in England and Wales. NICE has not been involved in the development or adaptation of NICE guidance for use in any other country. The full versions of all NICE guidance can be found at &lt;a href=&quot;http://www.nice.org.uk&quot; title=&quot;NICE Web site&quot;&gt;www.nice.org.uk&lt;/a&gt;.&lt;/p&gt;&lt;/div&gt;" /></Field><Field FieldID="141" OrdBy="1290" ID="460" Name="Copyright Statement" Type="text"><FieldValue Value="&lt;div class=&quot;content_para&quot;&gt;&lt;p&gt;This NGC summary is based on the original guideline, which is subject to the guideline developer's copyright restrictions.&lt;/p&gt;&lt;/div&gt;" /></Field></Section><Section SecID="99999" OrdBy="99999" Name="Disclaimer"><Field FieldID="99999" OrdBy="99999" ID="99999" Name="NGC Disclaimer" Type="text"><FieldValue Value="&lt;p&gt;The National Guideline Clearinghouse™ (NGC) does not develop, produce, approve, or endorse the guidelines represented on this site.&lt;/p&gt; &#xD;&#xA;&lt;p&gt;All guidelines summarized by NGC and hosted on our site are produced under the auspices of medical specialty societies, relevant professional associations, public or private organizations, other government agencies, health care organizations or plans, and similar entities.&lt;/p&gt; &#xD;&#xA;&lt;p&gt;Guidelines represented on the NGC Web site are submitted by guideline developers, and are screened solely to determine that they meet the NGC Inclusion Criteria which may be found at &lt;a href=&quot;/about/inclusion-criteria.aspx&quot;&gt;http://www.guideline.gov/about/inclusion-criteria.aspx&lt;/a&gt;.&lt;/p&gt; &#xD;&#xA;&lt;p&gt;NGC, AHRQ, and its contractor ECRI Institute make no warranties concerning the content or clinical efficacy or effectiveness of the clinical practice guidelines and related materials represented on this site. Moreover, the views and opinions of developers or authors of guidelines represented on this site do not necessarily state or reflect those of NGC, AHRQ, or its contractor ECRI Institute, and inclusion or hosting of guidelines in NGC may not be used for advertising or commercial endorsement purposes.&lt;/p&gt; &#xD;&#xA;&lt;p&gt;Readers with questions regarding guideline content are directed to contact the guideline developer.&lt;/p&gt;" /></Field></Section></Version>
