<Version><xmlsource>This XML content was developed by AHRQ's contractor ECRI Institute for the National Guideline Clearinghouse (NGC).</xmlsource><Section SecID="390" OrdBy="100" Name="General"><Field FieldID="161" OrdBy="105" ID="391" Name="Guideline Title" Type="text"><FieldValue Value="&lt;div class=&quot;content_title&quot;&gt;NIH Consensus Development Conference statement on preventing Alzheimer's disease and cognitive decline.&lt;/div&gt;" /></Field><Field FieldID="97" OrdBy="110" ID="392" Name="Bibliographic Source(s)" Type="citation"><FieldValue Value="&lt;table&gt;&lt;tr&gt;&lt;td&gt;Daviglus ML, Bell CC, Berrettini W, Bowen PE, Connolly ES, Cox NJ, Dunbar-Jacob JM, Granieri EC, Hunt G, McGarry K, Patel D, Potosky AL, Sanders-Bush E, Silberberg D, Trevisan M. NIH state-of-the-science conference statement: preventing Alzheimer's disease and cognitive decline. NIH Consens State Sci Statements. 2010 Apr 28;27(4):1-30. &lt;a href=&quot;http://www.ncbi.nlm.nih.gov/entrez/query.fcgi?cmd=Retrieve&amp;db=pubmed&amp;dopt=Abstract&amp;list_uids=20445638&quot; target=&quot;_blank&quot;&gt;PubMed&lt;/a&gt;&lt;/td&gt;&lt;/tr&gt;&lt;/table&gt;" /></Field><Field FieldID="120" OrdBy="115" ID="393" Name="Guideline Status" Type="text"><FieldValue Value="&lt;div class=&quot;content_para&quot;&gt;&lt;p&gt;This is the current release of the guideline.&lt;/p&gt;&lt;/div&gt;" /></Field><Field Name ="UMLS Concepts"><FieldValue Value="ICD9CM: Alzheimer's disease  (331.0); Mild cognitive impairment, so stated  (331.83)"/><FieldValue Value="MSH: Alzheimer Disease ; Behavior ; Cognition Disorders ; Drug Therapy ; Genetic Predisposition to Disease ; Nutrition Assessment ; Preventive Health Services ; Risk Assessment ; Risk Factors ; Socioeconomic Factors "/><FieldValue Value="MTH: Alzheimer's Disease ; Behavior ; Behavior assessment ; Cognition Disorders ; Environmental risk factor ; Impaired cognition ; Nutrition Assessment ; Pharmacotherapy ; Risk Assessment ; risk factors ; Socioeconomic Factors "/><FieldValue Value="SNOMEDCT_US: Alzheimer's disease  (26929004); Assessment of nutritional status  (1759002); Assessment of nutritional status  (310243009); Behavior assessment  (165309004); Behavior assessment  (225385005); Behavior assessment  (396068002); Behavior finding  (844005); Cognitive disorder  (443265004); Drug therapy  (416608005); Environmental risk factor  (102487004); Genetic predisposition  (47708004); Impaired cognition  (386806002); Risk assessment  (225338004); Risk factor  (80943009)"/></Field></Section><Section SecID="396" OrdBy="300" Name="Scope"><Field FieldID="140" OrdBy="305" ID="397" Name="Disease/Condition(s)" Type="text"><FieldValue Value="&lt;ul style=&quot;list-style-type: disc;&quot;&gt;&#xD;&#xA;    &lt;li&gt;Alzheimer's disease &lt;/li&gt;&#xD;&#xA;    &lt;li&gt;Cognitive decline &lt;/li&gt;&#xD;&#xA;&lt;/ul&gt;" /></Field><Field FieldID="103" OrdBy="310" ID="398" Name="Guideline Category" Type="picklist-many"><FieldValue Value="Prevention" /><FieldValue Value="Risk Assessment" /></Field><Field FieldID="113" OrdBy="315" ID="399" Name="Clinical Specialty" Type="picklist-many"><FieldValue Value="Family Practice" /><FieldValue Value="Geriatrics" /><FieldValue Value="Internal Medicine" /><FieldValue Value="Neurology" /><FieldValue Value="Preventive Medicine" /><FieldValue Value="Psychiatry" /></Field><Field FieldID="114" OrdBy="320" ID="400" Name="Intended Users" Type="picklist-many"><FieldValue Value="Advanced Practice Nurses" /><FieldValue Value="Allied Health Personnel" /><FieldValue Value="Health Care Providers" /><FieldValue Value="Health Plans" /><FieldValue Value="Nurses" /><FieldValue Value="Physician Assistants" /><FieldValue Value="Physicians" /></Field><Field FieldID="129" OrdBy="325" ID="401" Name="Guideline Objective(s)" Type="text"><FieldValue Value="&lt;div class=&quot;content_para&quot;&gt;&lt;p&gt;To provide healthcare providers, patients, and the general public with a responsible assessment of currently available data on the prevention of Alzheimer's disease and cognitive decline&lt;/p&gt;&lt;/div&gt;" /></Field><Field FieldID="132" OrdBy="330" ID="402" Name="Target Population" Type="text"><FieldValue Value="&lt;div class=&quot;content_para&quot;&gt;&lt;p&gt;United States population age 50 and older&lt;/p&gt;&lt;/div&gt;" /></Field><Field FieldID="133" OrdBy="335" ID="403" Name="Interventions and Practices Considered" Type="text"><FieldValue Value="&lt;div class=&quot;content_para&quot;&gt;&lt;p&gt;Identification of modifiable risk factors and interventions for prevention of Alzheimer's disease and cognitive decline, including:&lt;/p&gt;&#xD;&#xA;&lt;ul style=&quot;list-style-type: disc;&quot;&gt;&#xD;&#xA;    &lt;li&gt;Nutritional factors &lt;/li&gt;&#xD;&#xA;    &lt;li&gt;Medical conditions &lt;/li&gt;&#xD;&#xA;    &lt;li&gt;Prescription and non-prescription medications &lt;/li&gt;&#xD;&#xA;    &lt;li&gt;Social/economic/behavioral factors &lt;/li&gt;&#xD;&#xA;    &lt;li&gt;Toxic environmental factors &lt;/li&gt;&#xD;&#xA;    &lt;li&gt;Genetic factors &lt;/li&gt;&#xD;&#xA;&lt;/ul&gt;&#xD;&#xA;&lt;p class=&quot;Note&quot;&gt;&lt;strong&gt;Note&lt;/strong&gt;: No specific interventions were recommended.&lt;/p&gt;&lt;/div&gt;" /></Field><Field FieldID="134" OrdBy="340" ID="404" Name="Major Outcomes Considered" Type="text"><FieldValue Value="&lt;ul style=&quot;list-style-type: disc;&quot;&gt;&#xD;&#xA;    &lt;li&gt;Development of Alzheimer's disease or cognitive decline &lt;/li&gt;&#xD;&#xA;    &lt;li&gt;Cognitive function &lt;/li&gt;&#xD;&#xA;&lt;/ul&gt;" /></Field></Section><Section SecID="405" OrdBy="400" Name="Methodology"><Field FieldID="109" OrdBy="405" ID="406" Name="Methods Used to Collect/Select the Evidence" Type="picklist-many"><FieldValue Value="Hand-searches of Published Literature (Primary Sources)" /><FieldValue Value="Hand-searches of Published Literature (Secondary Sources)" /><FieldValue Value="Searches of Electronic Databases" /></Field><Field FieldID="135" OrdBy="410" ID="407" Name="Description of Methods Used to Collect/Select the Evidence" Type="text"><FieldValue Value="&lt;div class=&quot;content_para&quot;&gt;&lt;p&gt;&lt;strong&gt;Note from the National Guideline Clearinghouse (NGC)&lt;/strong&gt;: A systematic review of the literature was prepared by the Duke Evidence-based Practice Center (EPC) for the Agency for Healthcare Research and Quality (AHRQ) for use by the National Institutes of Health (see the &quot;Availability of Companion Documents&quot; field).&lt;/p&gt;&#xD;&#xA;&lt;p&gt;&lt;strong&gt;Inclusion/Exclusion Criteria&lt;/strong&gt;&lt;/p&gt;&#xD;&#xA;&lt;p&gt;After discussion with the technical expert panel (TEP), the ECP staff generated a list of article inclusion and exclusion criteria (see Table 2 in the Evidence Report; see also the &quot;Availability of Companion Documents&quot; field) for the Key Questions. Because of the large number of factors and interventions to review, the ECP staff searched initially for good quality systematic reviews. They included primary literature to update eligible reviews or when good quality reviews were unavailable. They limited the primary literature to comparative studies published in English that enrolled adults age 50 years or older at the time of final cognitive assessment, drawn from general populations in economically developed countries. General populations were defined as those drawn primarily from noninstitutionalized community settings or general medical populations. With three exceptions, observational studies were limited to longitudinal designs where the risk factor or intervention was measured prior to the outcome. Exceptions were made for traumatic brain injury and toxic/environmental exposures because of the difficulties studying these factors longitudinally, and for sleep apnea, because of the absence of cohort studies. Because Alzheimer's disease (AD) is a relatively uncommon event, a sample size greater than 300 was required to focus on studies with higher statistical power. For similar reasons, at least 1 year was required between exposure and outcomes assessment for studies of cognitive decline, and at least 2 years for studies of AD.&lt;/p&gt;&#xD;&#xA;&lt;p&gt;&lt;strong&gt;Literature Search Strategies&lt;/strong&gt;&lt;/p&gt;&#xD;&#xA;&lt;p&gt;Based on the above-described inclusion/exclusion criteria, a list of Medical Subject Heading (MeSH) search terms was generated, supplemented by keyword searches, to search MEDLINE&amp;reg;. Search terms and strategies were developed in consultation with a medical librarian. The exact search strategies used are given in Appendix A at &lt;a href=&quot;http://www.ahrq.gov/downloads/pub/evidence/pdf/alzheimers/alzcog.pdf&quot; title=&quot;AHRQ Web site&quot; target=&quot;_blank&quot;&gt;http://www.ahrq.gov/downloads/pub/evidence/pdf/alzheimers/alzcog.pdf&lt;/a&gt;. In addition to MEDLINE&amp;reg;, the EPC staff searched the Cochrane Database of Systematic Reviews to identify relevant systematic reviews. For topics with a recent good quality systematic review, the search was updated by identifying relevant primary literature published from 1 year prior to the search date through October 27, 2009. The 1-year overlap is necessary because of delays between publication in journals and availability for searching in MEDLINE&amp;reg;. Relevant older literature missed or excluded in prior reviews that was relevant and met eligibility criteria was included.&lt;/p&gt;&#xD;&#xA;&lt;p&gt;When the EPC staff did not identify a relevant good quality review, they searched the primary literature to include studies from 1984 through October 27, 2009. Electronic searching was supplemented by examining the bibliographies of reviews and primary studies. Because of the large volume of literature and availability of specialized registries for genetic studies, they developed a separate search strategy for this literature. The HUGE and ALZGene databases were examined to identify relevant systematic reviews for genes identified as being of special interest in consultation with the TEP.&lt;/p&gt;&#xD;&#xA;&lt;p&gt;Using the pre-specified inclusion/exclusion criteria, titles/abstracts were examined independently by two reviewers for potential relevance to the key questions. Articles included by either reviewer underwent full-text screening. At the full-text screening stage, two independent reviewers read each article to determine if it met eligibility criteria. Disagreements were resolved by consensus. At the full-text review stage, simple agreement was 84 percent, and median chance corrected agreement was kappa = 0.63 (range 0.40 to 1.0). Articles meeting the eligibility criteria were included for data abstraction.&lt;/p&gt;&lt;/div&gt;" /></Field><Field FieldID="136" OrdBy="415" ID="408" Name="Number of Source Documents" Type="text"><FieldValue Value="&lt;ul style=&quot;list-style-type: disc;&quot;&gt;&#xD;&#xA;    &lt;li&gt;Twenty-five systematic reviews &lt;/li&gt;&#xD;&#xA;    &lt;li&gt;250 original research studies &lt;/li&gt;&#xD;&#xA;&lt;/ul&gt;" /></Field><Field FieldID="115" OrdBy="420" ID="409" Name="Methods Used to Assess the Quality and Strength of the Evidence" Type="picklist-choice"><FieldValue Value="Weighting According to a Rating Scheme (Scheme Not Given)" /></Field><Field FieldID="149" OrdBy="425" ID="410" Name="Rating Scheme for the Strength of the Evidence" Type="text"><FieldValue Value="&lt;div class=&quot;content_para&quot;&gt;&lt;p&gt;Not stated&lt;/p&gt;&lt;/div&gt;" /></Field><Field FieldID="116" OrdBy="430" ID="411" Name="Methods Used to Analyze the Evidence" Type="picklist-many"><FieldValue Value="Meta-Analysis" /><FieldValue Value="Review of Published Meta-Analyses" /><FieldValue Value="Systematic Review with Evidence Tables" /></Field><Field FieldID="150" OrdBy="435" ID="412" Name="Description of the Methods Used to Analyze the Evidence" Type="text"><FieldValue Value="&lt;div class=&quot;content_para&quot;&gt;&lt;p&gt;&lt;strong&gt;Note from the National Guideline Clearinghouse (NGC)&lt;/strong&gt;: A systematic review of the literature was prepared by the Duke Evidence-based Practice Center (EPC) for the Agency for Healthcare Research and Quality (AHRQ) for use by the National Institutes of Health (see the &quot;Availability of Companion Documents&quot; field).&lt;/p&gt;&#xD;&#xA;&lt;p&gt;&lt;strong&gt;Data Abstraction and Data Management&lt;/strong&gt;&lt;/p&gt;&#xD;&#xA;&lt;p&gt;Data from published reports were abstracted into evidence tables by one reviewer and overread by a second reviewer. Data elements abstracted included descriptors to assess applicability, quality elements, intervention/exposure details, and outcomes. Disagreements were resolved by consensus or by obtaining a third reviewer's opinion when consensus could not be reached. The final evidence tables are intended to provide sufficient information so that readers can understand the study and determine its quality. Evidence tables for all included studies are presented in Appendix B of the Evidence Report (see the &quot;Availability of Companion Documents&quot; field). Because some studies address more than one exposure or question, the evidence tables are organized alphabetically by author.&lt;/p&gt;&#xD;&#xA;&lt;p&gt;&lt;strong&gt;Assessment of Methodological Quality&lt;/strong&gt;&lt;/p&gt;&#xD;&#xA;&lt;p&gt;Separate criteria were developed for assessing the methodological quality of included systematic reviews, randomized controlled trials (RCTs), and observational studies. These criteria are given in Appendices C, D, and E of the Evidence Report, respectively (see the &quot;Availability of Companion Documents&quot; field).&lt;/p&gt;&#xD;&#xA;&lt;p&gt;Principles from the Grading of Recommendations Assessment, Development and Evaluation (GRADE) working group (&lt;a href=&quot;http://www.gradeworkinggroup.org&quot; title=&quot;GRADE Working Group Web site&quot;&gt;www.gradeworkinggroup.org&lt;/a&gt;) were used to summarize the level of evidence for each factor as low, moderate, or high. The GRADE approach was developed to evaluate the overall level of evidence for interventions, but it has been extended to factors (e.g., medical illness) that would not be considered as interventions. The approach considers the body of evidence for each outcome, assigning an initial rating of low quality to observational studies and high quality to RCTs. These initial ratings may be modified by the following factors: detailed study design, consistency, strength of association, dose-response effect, directness, precision, and if all plausible confounding would reduce a demonstrated effect. The resulting judgments about the level of evidence are presented separately in summary tables for Alzheimer's disease (AD) and cognitive decline in Chapter 5 of the Evidence Report (see the &quot;Availability of Companion Documents&quot; field). Judgments about the strength of evidence were made by at least two investigators; final ratings were reached by consensus.&lt;/p&gt;&#xD;&#xA;&lt;p&gt;&lt;strong&gt;Data Synthesis&lt;/strong&gt;&lt;/p&gt;&#xD;&#xA;&lt;p&gt;When good quality systematic reviews were identified, the EPC staff summarized the findings in narrative form in Chapter 3 of the Evidence Report (see the &quot;Availability of Companion Documents&quot; field). Any new studies identified since the systematic review was published are summarized descriptively in a table that includes the study sample, exposure classification, duration of follow-up, adjustment for confounding, and primary outcomes. The EPC staff evaluated whether the new evidence was likely to change estimates from the prior review by considering the precision and stability of estimates from the original review, the number and size of the new studies relative to studies in the original review, the quality of the new studies, and the consistency in estimates and conclusions between the new evidence and the original review. After considering these issues, prior meta-analyses were updated when substantial new evidence was available and a new summary estimate was likely to lead to different conclusions. Primary meta-analysis was performed when studies were conceptually homogeneous and the needed data were available for the summary estimate. Since meta-analysis of observational studies may give spurious precision, meta-analysis was applied to observational data only when studies were high quality and conceptually homogeneous (similar subjects, exposure, outcomes).&lt;/p&gt;&#xD;&#xA;&lt;p&gt;Refer to Chapter 2 of the Evidence Report (see the &quot;Availability of Companion Documents&quot; field) for more information.&lt;/p&gt;&lt;/div&gt;" /></Field><Field FieldID="112" OrdBy="440" ID="413" Name="Methods Used to Formulate the Recommendations" Type="picklist-choice"><FieldValue Value="Expert Consensus (Consensus Development Conference)" /></Field><Field FieldID="145" OrdBy="445" ID="414" Name="Description of Methods Used to Formulate the Recommendations" Type="text"><FieldValue Value="&lt;div class=&quot;content_para&quot;&gt;&lt;p&gt;National Institutes of Health (NIH) consensus and state-of-the-science statements are prepared by independent panels of health professionals and public representatives on the basis of 1) the results of a systematic literature review prepared under contract with the Agency for Healthcare Research and Quality (AHRQ); 2) presentations by investigators working in areas relevant to the conference questions during a 2-day public session; 3) questions and statements from conference attendees during open discussion periods that are part of the public session; and 4) closed deliberations by the panel during the remainder of the second day and morning of the third.&lt;/p&gt;&#xD;&#xA;&lt;p&gt;The National Institute on Aging and the Office of Medical Applications of Research of the National Institutes of Health convened a State-of-the-Science Conference on April 26&amp;ndash;28, 2010, to assess the available scientific evidence related to the following questions:&lt;/p&gt;&#xD;&#xA;&lt;ol style=&quot;list-style-type: decimal;&quot;&gt;&#xD;&#xA;    &lt;li&gt;What factors are associated with the reduction of risk of Alzheimer's disease? &lt;/li&gt;&#xD;&#xA;    &lt;li&gt;What factors are associated with the reduction of risk of cognitive decline in older adults? &lt;/li&gt;&#xD;&#xA;    &lt;li&gt;What are the therapeutic and adverse effects of interventions to delay the onset of Alzheimer's disease? Are there differences in outcomes among identifiable subgroups? &lt;/li&gt;&#xD;&#xA;    &lt;li&gt;What are the therapeutic and adverse effects of interventions to improve or maintain cognitive ability or function? Are there differences in outcomes among identifiable subgroups? &lt;/li&gt;&#xD;&#xA;    &lt;li&gt;What are the relationships between the factors that affect Alzheimer's disease and the factors that affect cognitive decline? &lt;/li&gt;&#xD;&#xA;    &lt;li&gt;If recommendations for interventions cannot be made currently, what studies need to be done to provide the quality and strength of evidence necessary to make such recommendations to individuals? &lt;/li&gt;&#xD;&#xA;&lt;/ol&gt;&#xD;&#xA;&lt;p&gt;A non-Department of Health and Human Services, non-advocate 15-member panel included the fields of preventive medicine, geriatrics, internal medicine, neurology, neurological surgery, psychiatry, mental health, human nutrition, pharmacology, genetic medicine, nursing, health economics, health services research, family caregiving, and a public representative. In addition, 20 experts from pertinent fields presented data to the panel and conference audience.&lt;/p&gt;&#xD;&#xA;&lt;p&gt;The panel drafted its statement based on scientific evidence presented in open forum and on published scientific literature. The draft statement was presented on the final day of the conference and circulated to the audience for comment. The panel released a revised statement later that day at &lt;a href=&quot;http://consensus.nih.gov&quot; title=&quot;NIH Consensus Web site&quot; target=&quot;_blank&quot;&gt;http://consensus.nih.gov&lt;/a&gt;.&lt;/p&gt;&lt;/div&gt;" /></Field><Field FieldID="146" OrdBy="450" ID="415" Name="Rating Scheme for the Strength of the Recommendations" Type="text"><FieldValue Value="&lt;div class=&quot;content_para&quot;&gt;&lt;p&gt;Not applicable&lt;/p&gt;&lt;/div&gt;" /></Field><Field FieldID="148" OrdBy="460" ID="417" Name="Cost Analysis" Type="text"><FieldValue Value="&lt;div class=&quot;content_para&quot;&gt;&lt;p&gt;Guideline developers reviewed published cost analyses.&lt;/p&gt;&lt;/div&gt;" /></Field><Field FieldID="104" OrdBy="465" ID="418" Name="Method of Guideline Validation" Type="picklist-choice"><FieldValue Value="External Peer Review" /><FieldValue Value="Internal Peer Review" /></Field><Field FieldID="130" OrdBy="470" ID="419" Name="Description of Method of Guideline Validation" Type="text"><FieldValue Value="&lt;div class=&quot;content_para&quot;&gt;&lt;p&gt;Among the more important activities involved in producing a credible evidence report is conducting an unbiased and broadly based peer review of the draft report. External reviewers for the evidence report included clinicians and representatives of professional societies, as well as members of the technical expert panel (TEP). The list of nominees was forwarded to Agency for Healthcare Research and Quality (AHRQ) for vetting and approval. A list of peer reviewers submitting comments on the draft is included in Appendix F of the Evidence Report (see the &quot;Availability of Companion Documents&quot; field).&lt;/p&gt;&lt;/div&gt;" /></Field></Section><Section SecID="420" OrdBy="500" Name="Recommendations"><Field FieldID="151" OrdBy="505" ID="421" Name="Major Recommendations" Type="text"><FieldValue Value="&lt;div class=&quot;content_para&quot;&gt;&lt;p&gt;Cognitive decline and Alzheimer's disease are major causes of morbidity and mortality worldwide and are substantially burdensome to the affected persons, their caregivers, and society in general. Extensive research over the past 20 years has provided important insights on the nature of Alzheimer's disease and cognitive decline and the magnitude of the problem. Nevertheless, there remain important and formidable challenges in conducting research on these diseases, particularly in the area of prevention. Currently, firm conclusions cannot be drawn about the association of any modifiable risk factor with cognitive decline or Alzheimer's disease. Highly reliable consensus-based diagnostic criteria for cognitive decline, mild cognitive impairment, and Alzheimer's disease are lacking, and available criteria have not been uniformly applied. Evidence is insufficient to support the use of pharmaceutical agents or dietary supplements to prevent cognitive decline or Alzheimer's disease. The guideline developers recognize that a large amount of promising research is under way; these efforts need to be increased and added to by new understandings and innovations (as noted in the recommendations for future research).&lt;/p&gt;&#xD;&#xA;&lt;p&gt;For example, ongoing studies including (but not limited to) studies on antihypertensive medications, omega-3 fatty acids, physical activity, and cognitive engagement may provide new insights into the prevention or delay of cognitive decline or Alzheimer's disease. This important research needs to be supplemented by further studies. Large-scale population-based studies and randomized controlled trials (RCTs) are critically needed to investigate strategies to maintain cognitive function in individuals at risk for decline, to identify factors that may delay the onset of Alzheimer's disease among persons at risk, and to identify factors that may slow the progression of Alzheimer's disease among persons in whom the condition is already diagnosed.&lt;/p&gt;&lt;/div&gt;" /></Field><Field FieldID="138" OrdBy="515" ID="423" Name="Clinical Algorithm(s)" Type="text"><FieldValue Value="&lt;div class=&quot;content_para&quot;&gt;&lt;p&gt;None provided&lt;/p&gt;&lt;/div&gt;" /></Field></Section><Section SecID="424" OrdBy="600" Name="Evidence Supporting the Recommendations"><Field FieldID="139" OrdBy="610" ID="426" Name="Type of Evidence Supporting the Recommendations" Type="text"><FieldValue Value="&lt;div class=&quot;content_para&quot;&gt;&lt;p&gt;The type of supporting evidence is not specifically stated for each recommendation.&lt;/p&gt;&lt;/div&gt;" /></Field></Section><Section SecID="427" OrdBy="700" Name="Benefits/Harms of Implementing the Guideline Recommendations"><Field FieldID="152" OrdBy="705" ID="428" Name="Potential Benefits" Type="text"><FieldValue Value="&lt;div class=&quot;content_para&quot;&gt;&lt;p&gt;Better understanding of currently available data on the prevention of Alzheimer's disease and cognitive decline&lt;/p&gt;&lt;/div&gt;" /></Field><Field FieldID="153" OrdBy="710" ID="429" Name="Potential Harms" Type="text"><FieldValue Value="&lt;div class=&quot;content_para&quot;&gt;&lt;p&gt;Not stated&lt;/p&gt;&lt;/div&gt;" /></Field></Section><Section SecID="432" OrdBy="900" Name="Qualifying Statements"><Field FieldID="137" OrdBy="905" ID="433" Name="Qualifying Statements" Type="text"><FieldValue Value="&lt;ul style=&quot;list-style-type: disc;&quot;&gt;&#xD;&#xA;    &lt;li&gt;The statement reflects the panel's assessment of medical knowledge available at the time the statement was written. Thus, it provides a &quot;snapshot in time&quot; of the state of knowledge on the conference topic. When reading the statement, keep in mind that new knowledge is inevitably accumulating through medical research, and that the information provided is not a substitute for professional medical care or advice. &lt;/li&gt;&#xD;&#xA;    &lt;li&gt;This statement is an independent report of the panel and is not a policy statement of the National Institutes of Health (NIH) or the Federal Government. &lt;/li&gt;&#xD;&#xA;&lt;/ul&gt;" /></Field></Section><Section SecID="434" OrdBy="1000" Name="Implementation of the Guideline"><Field FieldID="131" OrdBy="1010" ID="436" Name="Description of Implementation Strategy" Type="text"><FieldValue Value="&lt;div class=&quot;content_para&quot;&gt;&lt;p&gt;An implementation strategy was not provided.&lt;/p&gt;&lt;/div&gt;" /></Field><Field FieldID="117" OrdBy="1015" ID="437" Name="Implementation Tools" Type="picklist-many"><FieldValue Value="Resources" /></Field></Section><Section SecID="439" OrdBy="1100" Name="Institute of Medicine (IOM) National Healthcare Quality Report Categories"><Field FieldID="50" OrdBy="1105" ID="440" Name="IOM Care Need" Type="picklist-many"><FieldValue Value="Staying Healthy" /></Field><Field FieldID="51" OrdBy="1110" ID="441" Name="IOM Domain" Type="picklist-many"><FieldValue Value="Effectiveness" /></Field></Section><Section SecID="442" OrdBy="1200" Name="Identifying Information and Availability"><Field FieldID="97" OrdBy="1201" ID="392" Name="Bibliographic Source(s)" Type="citation"><FieldValue Value="&lt;table&gt;&lt;tr&gt;&lt;td&gt;Daviglus ML, Bell CC, Berrettini W, Bowen PE, Connolly ES, Cox NJ, Dunbar-Jacob JM, Granieri EC, Hunt G, McGarry K, Patel D, Potosky AL, Sanders-Bush E, Silberberg D, Trevisan M. NIH state-of-the-science conference statement: preventing Alzheimer's disease and cognitive decline. NIH Consens State Sci Statements. 2010 Apr 28;27(4):1-30. &lt;a href=&quot;http://www.ncbi.nlm.nih.gov/entrez/query.fcgi?cmd=Retrieve&amp;db=pubmed&amp;dopt=Abstract&amp;list_uids=20445638&quot; target=&quot;_blank&quot;&gt;PubMed&lt;/a&gt;&lt;/td&gt;&lt;/tr&gt;&lt;/table&gt;" /></Field><Field FieldID="124" OrdBy="1205" ID="443" Name="Adaptation" Type="text"><FieldValue Value="&lt;div class=&quot;content_para&quot;&gt;&lt;p&gt;Not applicable: The guideline was not adapted from another source.&lt;/p&gt;&lt;/div&gt;" /></Field><Field FieldID="128" OrdBy="1215" ID="445" Name="Date Released" Type="text"><FieldValue Value="2010 Apr" /></Field><Field FieldID="158" OrdBy="1225" ID="447" Name="Guideline Developer(s)" Type="orglist-p"><FieldValue Value="National Institutes of Health Consensus Development Conference - Independent Expert Panel" /></Field><Field FieldID="125" OrdBy="1235" ID="449" Name="Source(s) of Funding" Type="text"><FieldValue Value="&lt;div class=&quot;content_para&quot;&gt;&lt;p&gt;United States Government&lt;/p&gt;&lt;/div&gt;" /></Field><Field FieldID="126" OrdBy="1240" ID="450" Name="Guideline Committee" Type="text"><FieldValue Value="&lt;div class=&quot;content_para&quot;&gt;&lt;p&gt;National Institutes of Health (NIH) State-of-the-Science Panel&lt;/p&gt;&lt;/div&gt;" /></Field><Field FieldID="127" OrdBy="1245" ID="451" Name="Composition of Group That Authored the Guideline" Type="text"><FieldValue Value="&lt;div class=&quot;content_para&quot;&gt;&lt;p&gt;&lt;em&gt;Panel Members&lt;/em&gt;: Martha L. Daviglus, M.D., Ph.D., M.P.H. (&lt;em&gt;Panel and Conference Chairperson&lt;/em&gt;), Professor of Preventive Medicine and Medicine, Department of Preventive Medicine, Feinberg School of Medicine, Northwestern University, Chicago, Illinois; E. Sander Connolly, Jr., M.D., Bennett M. Stein Professor of Neurological Surgery, Vice Chairperson of Neurosurgery, Columbia University Medical Center, New York-Presbyterian Hospital, New York, New York; Carl C. Bell, M.D., Director, Institute for Juvenile Research, Professor, Department of Psychiatry and School of Public Health, University of Illinois at Chicago, President and Chief Executive Officer, Community Mental Health Council, Inc., Chicago, Illinois; Nancy Jean Cox, Ph.D., Professor, Genetic Medicine, The University of Chicago, Chicago, Illinois; Jacqueline M. Dunbar-Jacob, Ph.D., R.N., FAAN, Dean and Professor, School of Nursing, University of Pittsburgh, Pittsburgh, Pennsylvania; Wade Berrettini, M.D., Ph.D., Karl E. Rickels Professor of Psychiatry, Department of Psychiatry, Director, Center for Neurobiology and Behavior, The University of Pennsylvania, Philadelphia, Pennsylvania; Evelyn C. Granieri, M.D., M.P.H., M.S.Ed., Chief, Division of Geriatric Medicine and Aging, College of Physicians and Surgeons, Columbia University, New York-Presbyterian Hospital, New York, New York; Phyllis E. Bowen, Ph.D., Professor Emerita of Human Nutrition, Department of Kinesiology and Nutrition, University of Illinois at Chicago, Chicago, Illinois; Gail Hunt, President and Chief Executive Officer, National Alliance for Caregiving, Bethesda, Maryland; Kathleen McGarry, Ph.D., Professor of Economics, Department of Economics, University of California, Los Angeles, Los Angeles, California; Elaine Sanders-Bush, Ph.D., Professor of Pharmacology and Psychiatry, Vanderbilt University Medical Center, Nashville, Tennessee; Dinesh Patel, M.D., Senior Geriatrician, Charles E. Smith Life Communities, Assistant Clinical Professor of Medicine, George Washington University School of Medicine, Rockville, Maryland; Donald Silberberg, M.D., Professor, Department of Neurology, The University of Pennsylvania Medical Center, Philadelphia, Pennsylvania; Arnold L. Potosky, Ph.D., Professor of Oncology, Director of Health Services Research, Georgetown University Medical Center, Lombardi Comprehensive Cancer Center, Cancer Control Program, Washington, District of Columbia; Maurizio Trevisan, M.D., M.S., Executive Vice Chancellor and Chief Executive Officer, Health Sciences System, Nevada System of Higher Education, Professor of Medicine, University of Nevada School of Medicine, Las Vegas, Nevada&lt;/p&gt;&lt;/div&gt;" /></Field><Field FieldID="147" OrdBy="1250" ID="452" Name="Financial Disclosures/Conflicts of Interest" Type="text"><FieldValue Value="&lt;div class=&quot;content_para&quot;&gt;&lt;p&gt;All of the panelists who participated in this conference and contributed to the writing of this statement were identified as having no financial or scientific conflict of interest, and all signed forms attesting to this fact. Unlike the expert speakers who present scientific data at the conference, the individuals invited to participate on National Institutes of Health (NIH) Consensus and State-of-the-Science Panels are reviewed prior to selection to ensure that they are not proponents of an advocacy position with regard to the topic and are not identified with research that could be used to answer the conference questions.&lt;/p&gt;&#xD;&#xA;&lt;p&gt;For more information about conference procedures, please see &lt;a href=&quot;http://consensus.nih.gov/aboutcdp.htm&quot; title=&quot;NIH Consensus Web site&quot; target=&quot;_blank&quot;&gt;http://consensus.nih.gov/aboutcdp.htm&lt;/a&gt;.&lt;/p&gt;&lt;/div&gt;" /></Field><Field FieldID="120" OrdBy="1256" ID="393" Name="Guideline Status" Type="text"><FieldValue Value="&lt;div class=&quot;content_para&quot;&gt;&lt;p&gt;This is the current release of the guideline.&lt;/p&gt;&lt;/div&gt;" /></Field><Field FieldID="118" OrdBy="1260" ID="454" Name="Guideline Availability" Type="text"><FieldValue Value="&lt;div class=&quot;content_para&quot;&gt;&lt;p&gt;Electronic copies: Available in Portable Document Format (PDF) from the &lt;a href=&quot;http://consensus.nih.gov/2010/alz.htm&quot; title=&quot;NIH Consensus Web site&quot; target=&quot;_blank&quot;&gt;National Institutes of Health (NIH) Consensus Development Conference Program Web site&lt;/a&gt;.&lt;/p&gt;&#xD;&#xA;&lt;p&gt;Print copies: NIH Consensus Statements, State-of-the-Science Statements, and related materials are available by visiting &lt;a href=&quot;http://consensus.nih.gov&quot; title=&quot;NIH Consensus Web site&quot; target=&quot;_blank&quot;&gt;http://consensus.nih.gov&lt;/a&gt;; by calling toll free 888-644-2667; or by emailing &lt;a href=&quot;mailto:consensus@mail.nih.gov&quot;&gt;consensus@mail.nih.gov&lt;/a&gt;. Written requests can be mailed to the NIH Consensus Development Program Information Center, P.O. Box 2577, Kensington, MD 20891. When ordering copies of this statement, please reference item number 2010-00034-STMT.&lt;/p&gt;&lt;/div&gt;" /></Field><Field FieldID="119" OrdBy="1265" ID="455" Name="Availability of Companion Documents" Type="text"><FieldValue Value="&lt;div class=&quot;content_para&quot;&gt;&lt;p&gt;The following are available:&lt;/p&gt;&#xD;&#xA;&lt;ul style=&quot;list-style-type: disc;&quot;&gt;&#xD;&#xA;    &lt;li&gt;Preventing Alzheimer's disease and cognitive decline. Evidence report/technology assessment. AHRQ Publication No. 10-E005. Rockville (MD): Agency for Healthcare Research and Quality (AHRQ). 2010 Apr. 727 p. Electronic copies: Available in Portable Document Format (PDF) from the &lt;a href=&quot;http://www.ahrq.gov/downloads/pub/evidence/pdf/alzheimers/alzcog.pdf&quot; title=&quot;AHRQ Web site&quot; target=&quot;_blank&quot;&gt;AHRQ Web site&lt;/a&gt;. &lt;/li&gt;&#xD;&#xA;    &lt;li&gt;The National Institutes of Health (NIH) State-of-the-Science Conference: preventing Alzheimer's disease and cognitive decline. Webcast. Apr 26&amp;ndash;28, 2010. Bethesda, MD. Available from the &lt;a href=&quot;http://videocast.nih.gov/summary.asp?Live=8410&quot; title=&quot;NIH Web site&quot; target=&quot;_blank&quot;&gt;NIH Web site&lt;/a&gt;. &lt;/li&gt;&#xD;&#xA;&lt;/ul&gt;&lt;/div&gt;" /></Field><Field FieldID="143" OrdBy="1275" ID="457" Name="Patient Resources" Type="text"><FieldValue Value="&lt;div class=&quot;content_para&quot;&gt;&lt;p&gt;None available&lt;/p&gt;&lt;/div&gt;" /></Field><Field FieldID="142" OrdBy="1280" ID="458" Name="NGC Status" Type="text"><FieldValue Value="&lt;div class=&quot;content_para&quot;&gt;&lt;p&gt;This summary was completed by ECRI Institute on September 14, 2011.&lt;/p&gt;&lt;/div&gt;" /></Field><Field FieldID="141" OrdBy="1290" ID="460" Name="Copyright Statement" Type="text"><FieldValue Value="&lt;div class=&quot;content_para&quot;&gt;&lt;p&gt;No copyright restrictions apply.&lt;/p&gt;&lt;/div&gt;" /></Field></Section><Section SecID="99999" OrdBy="99999" Name="Disclaimer"><Field FieldID="99999" OrdBy="99999" ID="99999" Name="NGC Disclaimer" Type="text"><FieldValue Value="&lt;p&gt;The National Guideline Clearinghouse™ (NGC) does not develop, produce, approve, or endorse the guidelines represented on this site.&lt;/p&gt; &#xD;&#xA;&lt;p&gt;All guidelines summarized by NGC and hosted on our site are produced under the auspices of medical specialty societies, relevant professional associations, public or private organizations, other government agencies, health care organizations or plans, and similar entities.&lt;/p&gt; &#xD;&#xA;&lt;p&gt;Guidelines represented on the NGC Web site are submitted by guideline developers, and are screened solely to determine that they meet the NGC Inclusion Criteria which may be found at &lt;a href=&quot;/about/inclusion-criteria.aspx&quot;&gt;http://www.guideline.gov/about/inclusion-criteria.aspx&lt;/a&gt;.&lt;/p&gt; &#xD;&#xA;&lt;p&gt;NGC, AHRQ, and its contractor ECRI Institute make no warranties concerning the content or clinical efficacy or effectiveness of the clinical practice guidelines and related materials represented on this site. Moreover, the views and opinions of developers or authors of guidelines represented on this site do not necessarily state or reflect those of NGC, AHRQ, or its contractor ECRI Institute, and inclusion or hosting of guidelines in NGC may not be used for advertising or commercial endorsement purposes.&lt;/p&gt; &#xD;&#xA;&lt;p&gt;Readers with questions regarding guideline content are directed to contact the guideline developer.&lt;/p&gt;" /></Field></Section></Version>
