<Version><xmlsource>This XML content was developed by AHRQ's contractor ECRI Institute for the National Guideline Clearinghouse (NGC).</xmlsource><Section SecID="390" OrdBy="100" Name="General"><Field FieldID="161" OrdBy="105" ID="391" Name="Guideline Title" Type="text"><FieldValue Value="&lt;div class=&quot;content_title&quot;&gt;American Association of Clinical Endocrinologists medical guidelines for clinical practice for the diagnosis and treatment of postmenopausal osteoporosis.&lt;/div&gt;" /></Field><Field FieldID="97" OrdBy="110" ID="392" Name="Bibliographic Source(s)" Type="citation"><FieldValue Value="&lt;table&gt;&lt;tr&gt;&lt;td&gt;Watts NB, Bilezikian JP, Camacho PM, Greenspan SL, Harris ST, Hodgson SF, Kleerekoper M, Luckey MM, McClung MR, Pollack RP, Petak SM, AACE Osteoporosis Task Force. American Association of Clinical Endocrinologists medical guidelines for clinical practice for the diagnosis and treatment of postmenopausal osteoporosis. Endocr Pract. 2010 Nov-Dec;16(Suppl 3):1-37. [209 references] &lt;a href=&quot;http://www.ncbi.nlm.nih.gov/entrez/query.fcgi?cmd=Retrieve&amp;db=pubmed&amp;dopt=Abstract&amp;list_uids=21224201&quot; target=&quot;_blank&quot;&gt;PubMed&lt;/a&gt;&lt;/td&gt;&lt;/tr&gt;&lt;/table&gt;" /></Field><Field FieldID="120" OrdBy="115" ID="393" Name="Guideline Status" Type="text"><FieldValue Value="&lt;div class=&quot;content_para&quot;&gt;&lt;p&gt;This is the current release of the guideline.&lt;/p&gt;&#xD;&#xA;&lt;p&gt;This guideline updates a previous version: Hodgson SF, Watts NB, Bilezikian JP, Clarke BL, Gray TK, Harris DW, Johnston CC Jr, Kleerekoper M, Lindsay R, Luckey MM, McClung MR, Nankin HR, Petak SM, Recker RR, Anderson RJ, Bergman DA, Bloomgarden ZT, Dickey RA, Palumbo PJ, Peters AL, Rettinger HI, Rodbard HW, Rubenstein HA. American Association of Clinical Endocrinologists medical guidelines for clinical practice for the prevention and treatment of postmenopausal osteoporosis: 2001 edition, with selected updates for 2003. Endocr Pract 2003 Nov-Dec;9(6):544-64.&lt;/p&gt;&lt;/div&gt;" /></Field><Field Name ="UMLS Concepts"><FieldValue Value="HCPCS: Safety equipment, device or accessory, any type "/><FieldValue Value="ICD9CM: Bone mineral density studies  (88.98); Fracture, cause unspecified  (E887); General physical examination  (89.7); Occupational therapy  (93.83); Osteoporosis, unspecified  (733.00); Senile osteoporosis  (733.01)"/><FieldValue Value="MSH: Absorptiometry, Photon ; Alendronate ; Antibodies, Monoclonal ; Bone Density ; Bone Density Conservation Agents ; Calcitonin ; Calcium Carbonate ; Calcium Citrate ; Calcium Compounds ; Calcium, Dietary ; Dietary Proteins ; Dietary Supplements ; Diphosphonates ; Drug Therapy, Combination ; Estrogen Replacement Therapy ; Etidronic Acid ; Fractures, Bone ; Imidazoles ; Life Style ; Medical History Taking ; Medroxyprogesterone Acetate ; Occupational Therapy ; Osteoporosis ; Osteoporosis, Postmenopausal ; Osteoporotic Fractures ; Physical Examination ; Physical Therapy Modalities ; Progestins ; Protective Devices ; Raloxifene ; Referral and Consultation ; Risk Assessment ; Smoking Cessation ; Spinal Fractures ; Teriparatide ; Vitamin D "/><FieldValue Value="MTH: Bone Density ; Bone Mineral Density Test ; Calcitonin ; Calcium Compounds, Inorganic ; Calcium, Dietary ; Cessation of smoking ; Combination Drug Therapy ; denosumab ; Dietary Supplements ; Diphosphonates ; Estrogen Replacement Therapy ; Fall prevention ; Fracture ; Ibandronate ; Ibandronate sodium ; Imidazoles ; Life Style ; medroxyprogesterone acetate ; Monoclonal Antibodies ; Occupational therapy regime ; Osteoporosis ; Osteoporosis, Postmenopausal ; Osteoporosis, Senile ; physical examination ; Physical therapy ; Progestins ; Protective Devices ; Risedronate ; Risk Assessment ; Spinal Fractures ; Teriparatide ; Vitamin D ; zoledronic acid "/><FieldValue Value="PDQ: calcitonin ; calcium carbonate ; calcium citrate ; denosumab ; ibandronate ; osteoporosis ; physiotherapy ; raloxifene ; risedronate "/><FieldValue Value="SNOMEDCT_US: Alendronate  (96290008); Body mechanics behavior  (405093007); Bone density study, dual photon absorptiometry  (82066000); Calcitonin  (63730009); Calcium carbonate  (387307005); Calcium carbonate  (55217007); Calcium citrate  (52209008); Denosumab  (446321003); Denosumab  (446457007); Diphosphonate  (372907000); Diphosphonate  (96281001); Education about alcohol consumption  (281078001); Etidronic acid  (420702005); Etidronic acid  (96284009); Fall prevention  (386296001); Fall prevention behavior  (405143006); Fracture  (125605004); Fracture  (72704001); Fracture of vertebral column  (50448004); Hip protector  (705331006); Ibandronate  (96287002); Ibandronate sodium  (404839003); Ibandronate sodium  (404840001); Life style  (134436002); Life style  (60134006); Medroxyprogesterone acetate  (126112002); Medroxyprogesterone acetate  (27707001); Monoclonal antibody  (49616005); Nutritional supplement  (108961000); Nutritional supplement  (226279009); Nutritional supplement  (373453009); Occupational therapy  (84478008); Osteopenia  (312894000); Osteopenia  (78441005); Osteoporosis  (64859006); Osteoporosis - falls prevention  (391027005); Osteoporotic fracture  (46675001); Osteoporotic fracture probability score using World Health Organization fracture risk assessment tool  (446965002); Physical assessment  (302199004); Physical assessment  (5880005); Physical assessment  (81375008); Physical therapy procedure  (91251008); Postmenopausal osteoporosis  (102447009); Postmenopausal osteoporosis  (32369003); Progestogen  (116614001); Progestogen  (20249007); Protective device  (257381000); Protective device  (260888001); Protective device  (38277008); Raloxifene  (109029006); Raloxifene  (419530003); Risedronate  (387582001); Risk assessment  (225338004); Senile osteoporosis  (18040001); Teriparatide  (398823001); Teriparatide  (425438001); Vitamin D  (11563006); Vitamin D  (30178006); Zoledronic acid  (134600006); Zoledronic acid  (395926009)"/><FieldValue Value="UMD: Densitometers, Bone, Isotope, Dual-Photon Absorptiometry  (17-150); Shields, Mechanical, Hip  (18-012)"/></Field></Section><Section SecID="396" OrdBy="300" Name="Scope"><Field FieldID="140" OrdBy="305" ID="397" Name="Disease/Condition(s)" Type="text"><FieldValue Value="&lt;div class=&quot;content_para&quot;&gt;&lt;p&gt;Postmenopausal osteoporosis&lt;/p&gt;&lt;/div&gt;" /></Field><Field FieldID="103" OrdBy="310" ID="398" Name="Guideline Category" Type="picklist-many"><FieldValue Value="Diagnosis" /><FieldValue Value="Evaluation" /><FieldValue Value="Management" /><FieldValue Value="Prevention" /><FieldValue Value="Risk Assessment" /><FieldValue Value="Treatment" /></Field><Field FieldID="113" OrdBy="315" ID="399" Name="Clinical Specialty" Type="picklist-many"><FieldValue Value="Endocrinology" /><FieldValue Value="Family Practice" /><FieldValue Value="Geriatrics" /><FieldValue Value="Internal Medicine" /></Field><Field FieldID="114" OrdBy="320" ID="400" Name="Intended Users" Type="picklist-many"><FieldValue Value="Health Care Providers" /><FieldValue Value="Health Plans" /><FieldValue Value="Managed Care Organizations" /><FieldValue Value="Patients" /><FieldValue Value="Physicians" /><FieldValue Value="Public Health Departments" /></Field><Field FieldID="129" OrdBy="325" ID="401" Name="Guideline Objective(s)" Type="text"><FieldValue Value="&lt;ul style=&quot;list-style-type: disc;&quot;&gt;&#xD;&#xA;    &lt;li&gt;To reduce the risk of osteoporosis-related fractures and thereby improve the quality of life for people with osteoporosis &lt;/li&gt;&#xD;&#xA;    &lt;li&gt;To provide evidence-based information about the diagnosis, evaluation, and treatment of postmenopausal osteoporosis &lt;/li&gt;&#xD;&#xA;&lt;/ul&gt;" /></Field><Field FieldID="132" OrdBy="330" ID="402" Name="Target Population" Type="text"><FieldValue Value="&lt;div class=&quot;content_para&quot;&gt;&lt;p&gt;Postmenopausal women&lt;/p&gt;&lt;/div&gt;" /></Field><Field FieldID="133" OrdBy="335" ID="403" Name="Interventions and Practices Considered" Type="text"><FieldValue Value="&lt;div class=&quot;content_para&quot;&gt;&lt;p&gt;&lt;strong&gt;Prevention/Risk Assessment&lt;/strong&gt;&lt;/p&gt;&#xD;&#xA;&lt;ol style=&quot;list-style-type: decimal;&quot;&gt;&#xD;&#xA;    &lt;li&gt;Assessment of postmenopausal osteoporosis risk factors using the Fracture Risk Assessment (FRAX) tool &lt;/li&gt;&#xD;&#xA;    &lt;li&gt;Adequate calcium and vitamin D intake, through supplements as needed &lt;/li&gt;&#xD;&#xA;    &lt;li&gt;Limiting alcohol and caffeine intake &lt;/li&gt;&#xD;&#xA;    &lt;li&gt;Avoidance or cessation of smoking &lt;/li&gt;&#xD;&#xA;    &lt;li&gt;Maintaining an active lifestyle &lt;/li&gt;&#xD;&#xA;&lt;/ol&gt;&#xD;&#xA;&lt;p&gt;&lt;strong&gt;Diagnosis/Evaluation&lt;/strong&gt;&lt;/p&gt;&#xD;&#xA;&lt;ol style=&quot;list-style-type: decimal;&quot;&gt;&#xD;&#xA;    &lt;li&gt;Bone density measurement using dual-energy x-ray absorptiometry (DXA) &lt;/li&gt;&#xD;&#xA;    &lt;li&gt;Evaluation for secondary osteoporosis and prevalent vertebral fractures &lt;/li&gt;&#xD;&#xA;&lt;/ol&gt;&#xD;&#xA;&lt;p&gt;&lt;strong&gt;Treatment/Management&lt;/strong&gt;&lt;/p&gt;&#xD;&#xA;&lt;ol style=&quot;list-style-type: decimal;&quot;&gt;&#xD;&#xA;    &lt;li&gt;Adequate protein intake &lt;/li&gt;&#xD;&#xA;    &lt;li&gt;Use of proper body mechanics &lt;/li&gt;&#xD;&#xA;    &lt;li&gt;Use of hip protectors and protective measures to reduce risk of falling &lt;/li&gt;&#xD;&#xA;    &lt;li&gt;Referral for physical and occupational therapy &lt;/li&gt;&#xD;&#xA;    &lt;li&gt;Pharmacologic agents&#xD;&#xA;    &lt;ul style=&quot;list-style-type: disc;&quot;&gt;&#xD;&#xA;        &lt;li&gt;First-line therapy: alendronate, risedronate, zoledronic acid, denosumab &lt;/li&gt;&#xD;&#xA;        &lt;li&gt;Second-line therapy: ibandronate &lt;/li&gt;&#xD;&#xA;        &lt;li&gt;Second- and third-line therapy: raloxifene &lt;/li&gt;&#xD;&#xA;        &lt;li&gt;Last-line therapy: calcitonin &lt;/li&gt;&#xD;&#xA;        &lt;li&gt;Bisphosphonate failure or very high fracture risk: teriparatide &lt;/li&gt;&#xD;&#xA;    &lt;/ul&gt;&#xD;&#xA;    &lt;/li&gt;&#xD;&#xA;    &lt;li&gt;Monitoring of treatment with change in bone density &lt;/li&gt;&#xD;&#xA;    &lt;li&gt;Treatment holidays &lt;/li&gt;&#xD;&#xA;    &lt;li&gt;Referral to a clinical endocrinologist &lt;/li&gt;&#xD;&#xA;&lt;/ol&gt;&#xD;&#xA;&lt;p class=&quot;Note&quot;&gt;&lt;strong&gt;Note&lt;/strong&gt;: Combination pharmacologic therapy was considered but not recommended; surgical repair of spinal fractures was considered but data were insufficient for a recommendation.&lt;/p&gt;&lt;/div&gt;" /></Field><Field FieldID="134" OrdBy="340" ID="404" Name="Major Outcomes Considered" Type="text"><FieldValue Value="&lt;ul style=&quot;list-style-type: disc;&quot;&gt;&#xD;&#xA;    &lt;li&gt;Mortality due to postmenopausal osteoporosis, particularly hip fracture &lt;/li&gt;&#xD;&#xA;    &lt;li&gt;Symptoms of fractures, skeletal deformity, and physical function &lt;/li&gt;&#xD;&#xA;    &lt;li&gt;Rates of bone loss &lt;/li&gt;&#xD;&#xA;    &lt;li&gt;Risk and incidence of fractures, falls, and injury &lt;/li&gt;&#xD;&#xA;    &lt;li&gt;Changes in bone mineral density measurements or bone turnover markers &lt;/li&gt;&#xD;&#xA;    &lt;li&gt;Side effects and cost effectiveness of treatment &lt;/li&gt;&#xD;&#xA;&lt;/ul&gt;" /></Field></Section><Section SecID="405" OrdBy="400" Name="Methodology"><Field FieldID="109" OrdBy="405" ID="406" Name="Methods Used to Collect/Select the Evidence" Type="picklist-many"><FieldValue Value="Searches of Electronic Databases" /></Field><Field FieldID="135" OrdBy="410" ID="407" Name="Description of Methods Used to Collect/Select the Evidence" Type="text"><FieldValue Value="&lt;div class=&quot;content_para&quot;&gt;&lt;p&gt;PUBMED was searched and updates included papers published since the last guideline in 2003. Search terms used were: osteoporosis treatment and evaluation. Reviews and high level references were included. Opinion papers were not included.&lt;/p&gt;&lt;/div&gt;" /></Field><Field FieldID="136" OrdBy="415" ID="408" Name="Number of Source Documents" Type="text"><FieldValue Value="&lt;div class=&quot;content_para&quot;&gt;&lt;p&gt;Not stated&lt;/p&gt;&lt;/div&gt;" /></Field><Field FieldID="115" OrdBy="420" ID="409" Name="Methods Used to Assess the Quality and Strength of the Evidence" Type="picklist-choice"><FieldValue Value="Weighting According to a Rating Scheme (Scheme Given)" /></Field><Field FieldID="149" OrdBy="425" ID="410" Name="Rating Scheme for the Strength of the Evidence" Type="text"><FieldValue Value="&lt;div class=&quot;content_para&quot;&gt;&lt;p&gt;&lt;strong&gt;2010 American Association of Clinical Endocrinologists Criteria for Rating of Published Evidence*&lt;/strong&gt;&lt;/p&gt;&#xD;&#xA;&lt;table border=&quot;1&quot; cellspacing=&quot;3&quot; summary=&quot;Table: 2010 American Association of Clinical Endocrinologists Criteria for Rating of Published Evidence&quot; cellpadding=&quot;5&quot;&gt;&#xD;&#xA;    &lt;tbody&gt;&#xD;&#xA;        &lt;tr&gt;&#xD;&#xA;            &lt;th class=&quot;Center&quot; valign=&quot;top&quot;&gt;Numerical Descriptor&lt;br /&gt;&#xD;&#xA;            (evidence level)&lt;/th&gt;&#xD;&#xA;            &lt;th class=&quot;Center&quot; valign=&quot;top&quot;&gt;Semantic Descriptor&lt;br /&gt;&#xD;&#xA;            (reference methods)&lt;/th&gt;&#xD;&#xA;        &lt;/tr&gt;&#xD;&#xA;    &lt;/tbody&gt;&#xD;&#xA;    &lt;tbody&gt;&#xD;&#xA;        &lt;tr&gt;&#xD;&#xA;            &lt;td class=&quot;Center&quot; valign=&quot;top&quot;&gt;1&lt;/td&gt;&#xD;&#xA;            &lt;td valign=&quot;top&quot;&gt;Meta-analysis of randomized controlled trials&lt;/td&gt;&#xD;&#xA;        &lt;/tr&gt;&#xD;&#xA;        &lt;tr&gt;&#xD;&#xA;            &lt;td class=&quot;Center&quot; valign=&quot;top&quot;&gt;1&lt;/td&gt;&#xD;&#xA;            &lt;td valign=&quot;top&quot;&gt;Randomized controlled trial&lt;/td&gt;&#xD;&#xA;        &lt;/tr&gt;&#xD;&#xA;        &lt;tr&gt;&#xD;&#xA;            &lt;td class=&quot;Center&quot; valign=&quot;top&quot;&gt;2&lt;/td&gt;&#xD;&#xA;            &lt;td valign=&quot;top&quot;&gt;Meta-analysis of nonrandomized prospective or case-controlled trials&lt;/td&gt;&#xD;&#xA;        &lt;/tr&gt;&#xD;&#xA;        &lt;tr&gt;&#xD;&#xA;            &lt;td class=&quot;Center&quot; valign=&quot;top&quot;&gt;2&lt;/td&gt;&#xD;&#xA;            &lt;td valign=&quot;top&quot;&gt;Nonrandomized controlled trial&lt;/td&gt;&#xD;&#xA;        &lt;/tr&gt;&#xD;&#xA;        &lt;tr&gt;&#xD;&#xA;            &lt;td class=&quot;Center&quot; valign=&quot;top&quot;&gt;2&lt;/td&gt;&#xD;&#xA;            &lt;td valign=&quot;top&quot;&gt;Prospective cohort study&lt;/td&gt;&#xD;&#xA;        &lt;/tr&gt;&#xD;&#xA;        &lt;tr&gt;&#xD;&#xA;            &lt;td class=&quot;Center&quot; valign=&quot;top&quot;&gt;2&lt;/td&gt;&#xD;&#xA;            &lt;td valign=&quot;top&quot;&gt;Retrospective case-control study&lt;/td&gt;&#xD;&#xA;        &lt;/tr&gt;&#xD;&#xA;        &lt;tr&gt;&#xD;&#xA;            &lt;td class=&quot;Center&quot; valign=&quot;top&quot;&gt;3&lt;/td&gt;&#xD;&#xA;            &lt;td valign=&quot;top&quot;&gt;Cross-sectional study&lt;/td&gt;&#xD;&#xA;        &lt;/tr&gt;&#xD;&#xA;        &lt;tr&gt;&#xD;&#xA;            &lt;td class=&quot;Center&quot; valign=&quot;top&quot;&gt;3&lt;/td&gt;&#xD;&#xA;            &lt;td valign=&quot;top&quot;&gt;Surveillance study (registries, surveys, epidemiologic study)&lt;/td&gt;&#xD;&#xA;        &lt;/tr&gt;&#xD;&#xA;        &lt;tr&gt;&#xD;&#xA;            &lt;td class=&quot;Center&quot; valign=&quot;top&quot;&gt;3&lt;/td&gt;&#xD;&#xA;            &lt;td valign=&quot;top&quot;&gt;Consecutive case series&lt;/td&gt;&#xD;&#xA;        &lt;/tr&gt;&#xD;&#xA;        &lt;tr&gt;&#xD;&#xA;            &lt;td class=&quot;Center&quot; valign=&quot;top&quot;&gt;3&lt;/td&gt;&#xD;&#xA;            &lt;td valign=&quot;top&quot;&gt;Single case reports&lt;/td&gt;&#xD;&#xA;        &lt;/tr&gt;&#xD;&#xA;        &lt;tr&gt;&#xD;&#xA;            &lt;td class=&quot;Center&quot; valign=&quot;top&quot;&gt;4&lt;/td&gt;&#xD;&#xA;            &lt;td valign=&quot;top&quot;&gt;No evidence (theory, opinion, consensus, or review)&lt;/td&gt;&#xD;&#xA;        &lt;/tr&gt;&#xD;&#xA;    &lt;/tbody&gt;&#xD;&#xA;&lt;/table&gt;&#xD;&#xA;&lt;p class=&quot;Note&quot;&gt;*1 = strong evidence; 2 = intermediate evidence; 3 = weak evidence; 4 = no evidence.&lt;/p&gt;&#xD;&#xA;&lt;p class=&quot;Note&quot;&gt;From Mechanick JI, Camacho PM, Cobin RH, et al (American Association of Clinical Endocrinologists Clinical Practice Guidelines Subcommittee). American Association of Clinical Endocrinologists protocol for standardized production of clinical practice guidelines&amp;mdash;2010 update. Endocr Pract. 2010;16:270-283.&lt;/p&gt;&lt;/div&gt;" /></Field><Field FieldID="116" OrdBy="430" ID="411" Name="Methods Used to Analyze the Evidence" Type="picklist-many"><FieldValue Value="Review of Published Meta-Analyses" /><FieldValue Value="Systematic Review" /></Field><Field FieldID="150" OrdBy="435" ID="412" Name="Description of the Methods Used to Analyze the Evidence" Type="text"><FieldValue Value="&lt;div class=&quot;content_para&quot;&gt;&lt;p&gt;Expert opinion was used to evaluate the available literature and to grade references relative to evidence level (see the &quot;Rating Scheme for the Strength of the Evidence&quot; field), based on the ratings of 1 through 4 from the 2010 American Association of Clinical Endocrinologists (AACE) protocol for standardized production of clinical practice guidelines.&lt;/p&gt;&lt;/div&gt;" /></Field><Field FieldID="112" OrdBy="440" ID="413" Name="Methods Used to Formulate the Recommendations" Type="picklist-choice"><FieldValue Value="Expert Consensus" /></Field><Field FieldID="145" OrdBy="445" ID="414" Name="Description of Methods Used to Formulate the Recommendations" Type="text"><FieldValue Value="&lt;div class=&quot;content_para&quot;&gt;&lt;p&gt;The guidelines used the best evidence, taking into consideration the economic impact of the disease and the need for efficient and effective evaluation and treatment of postmenopausal women with osteoporosis.&lt;/p&gt;&#xD;&#xA;&lt;p&gt;Recommendations were graded A through D, in accordance with methods established by the American Association of Clinical Endocrinologists (AACE) in 2004 (see the &quot;Rating Scheme for the Strength of the Recommendations&quot; field). Information pertaining to cost-effectiveness was included when available.&lt;/p&gt;&lt;/div&gt;" /></Field><Field FieldID="146" OrdBy="450" ID="415" Name="Rating Scheme for the Strength of the Recommendations" Type="text"><FieldValue Value="&lt;div class=&quot;content_para&quot;&gt;&lt;p&gt;&lt;strong&gt;American Association of Clinical Endocrinologists Criteria for Grading of Recommendations&lt;/strong&gt;&lt;/p&gt;&#xD;&#xA;&lt;table border=&quot;1&quot; cellspacing=&quot;3&quot; summary=&quot;Table: American Association of Clinical Endocrinologists Criteria for Grading of Recommendations&quot; cellpadding=&quot;5&quot;&gt;&#xD;&#xA;    &lt;thead&gt;&#xD;&#xA;        &lt;tr&gt;&#xD;&#xA;            &lt;th class=&quot;Center&quot; valign=&quot;top&quot;&gt;Recommendation Grade&lt;/th&gt;&#xD;&#xA;            &lt;th class=&quot;Center&quot; valign=&quot;top&quot;&gt;Description&lt;/th&gt;&#xD;&#xA;        &lt;/tr&gt;&#xD;&#xA;    &lt;/thead&gt;&#xD;&#xA;    &lt;tbody&gt;&#xD;&#xA;        &lt;tr&gt;&#xD;&#xA;            &lt;th class=&quot;Center&quot; valign=&quot;top&quot;&gt;A&lt;/th&gt;&#xD;&#xA;            &lt;td valign=&quot;top&quot;&gt;&#xD;&#xA;            &lt;p&gt;Homogeneous evidence from multiple well-designed randomized controlled trials with sufficient statistical power&lt;/p&gt;&#xD;&#xA;            &lt;p&gt;Homogeneous evidence from multiple well-designed cohort controlled trials with sufficient statistical power&lt;/p&gt;&#xD;&#xA;            &lt;p&gt;&amp;ge;1 conclusive level 1 publications demonstrating benefit &amp;gt;&amp;gt; risk&lt;/p&gt;&#xD;&#xA;            &lt;/td&gt;&#xD;&#xA;        &lt;/tr&gt;&#xD;&#xA;        &lt;tr&gt;&#xD;&#xA;            &lt;th class=&quot;Center&quot; valign=&quot;top&quot;&gt;B&lt;/th&gt;&#xD;&#xA;            &lt;td valign=&quot;top&quot;&gt;&#xD;&#xA;            &lt;p&gt;Evidence from at least 1 large well-designed clinical trial, cohort or case-controlled analytic study, or meta-analysis&lt;/p&gt;&#xD;&#xA;            &lt;p&gt;No conclusive level 1 publication; &amp;ge;1 conclusive level 2 publications demonstrating benefit &amp;gt;&amp;gt; risk&lt;/p&gt;&#xD;&#xA;            &lt;/td&gt;&#xD;&#xA;        &lt;/tr&gt;&#xD;&#xA;        &lt;tr&gt;&#xD;&#xA;            &lt;th class=&quot;Center&quot; valign=&quot;top&quot;&gt;C&lt;/th&gt;&#xD;&#xA;            &lt;td valign=&quot;top&quot;&gt;&#xD;&#xA;            &lt;p&gt;Evidence based on clinical experience, descriptive studies, or expert consensus opinion&lt;/p&gt;&#xD;&#xA;            &lt;p&gt;No conclusive level 1 or 2 publications; &amp;ge;1 conclusive level 3 publications demonstrating benefit &amp;gt;&amp;gt; risk&lt;/p&gt;&#xD;&#xA;            &lt;p&gt;No conclusive risk at all and no conclusive benefit demonstrated by evidence&lt;/p&gt;&#xD;&#xA;            &lt;/td&gt;&#xD;&#xA;        &lt;/tr&gt;&#xD;&#xA;        &lt;tr&gt;&#xD;&#xA;            &lt;th class=&quot;Center&quot; valign=&quot;top&quot;&gt;D&lt;/th&gt;&#xD;&#xA;            &lt;td valign=&quot;top&quot;&gt;&#xD;&#xA;            &lt;p&gt;Not rated&lt;/p&gt;&#xD;&#xA;            &lt;p&gt;No conclusive level 1, 2, or 3 publication demonstrating benefit &amp;gt;&amp;gt; risk&lt;/p&gt;&#xD;&#xA;            &lt;p&gt;Conclusive level 1, 2, or 3 publication demonstrating risk &amp;gt;&amp;gt; benefit&lt;/p&gt;&#xD;&#xA;            &lt;/td&gt;&#xD;&#xA;        &lt;/tr&gt;&#xD;&#xA;    &lt;/tbody&gt;&#xD;&#xA;&lt;/table&gt;&#xD;&#xA;&lt;p class=&quot;Note&quot;&gt;From Mechanick JI, Bergman DA, Braithwaite SS, Palumbo PJ (American Association of Clinical Endocrinologists Ad Hoc Task Force for Standardized Production of Clinical Practice Guidelines). American Association of Clinical Endocrinologists protocol for standardized production of clinical practice guidelines [published correction appears in Endocr Pract. 2008;14:802-803]. Endocr Pract. 2004;10:353-361.&lt;/p&gt;&lt;/div&gt;" /></Field><Field FieldID="148" OrdBy="460" ID="417" Name="Cost Analysis" Type="text"><FieldValue Value="&lt;ul style=&quot;list-style-type: disc;&quot;&gt;&#xD;&#xA;    &lt;li&gt;The cost-effectiveness of bone mineral density (BMD) testing and its benefits to society are controversial. Clinicians, politicians, patients, industry, and third-party payers all have different perspectives on the indications for and timing of BMD measurements. The current recommendations are intended to outline reasonable use of this technology within the context of the endocrine specialty practice. Because universal BMD testing is not cost-effective, the American Association of Clinical Endocrinologists (AACE) recommendations for screening include women 65 years of age or older and younger postmenopausal women at increased risk based on fracture risk analysis. &lt;/li&gt;&#xD;&#xA;    &lt;li&gt;AACE has endorsed the 2008 National Osteoporosis Foundation &lt;em&gt;Clinician's Guide to Prevention and Treatment of Osteoporosis&lt;/em&gt;. The &lt;em&gt;Guide&lt;/em&gt; recommends pharmacologic treatment for postmenopausal women with a T-score between -1.0 and -2.5 at high 10-year risk of fracture with use of the United States-adapted fracture risk assessment (FRAX) tool provided by the World Health Organization (WHO) at &lt;a href=&quot;http://www.shef.ac.uk/FRAX&quot; title=&quot;WHO FRAX tool site&quot;&gt;www.shef.ac.uk/FRAX&lt;/a&gt;, where treatment is considered cost-effective if the 10-year risk is 3% or more for hip fracture or 20% or more for &quot;major&quot; osteoporosis-related fracture (humerus, forearm, hip, or clinical vertebral fracture). &lt;/li&gt;&#xD;&#xA;&lt;/ul&gt;" /></Field><Field FieldID="104" OrdBy="465" ID="418" Name="Method of Guideline Validation" Type="picklist-choice"><FieldValue Value="Peer Review" /></Field><Field FieldID="130" OrdBy="470" ID="419" Name="Description of Method of Guideline Validation" Type="text"><FieldValue Value="&lt;div class=&quot;content_para&quot;&gt;&lt;p&gt;Not stated&lt;/p&gt;&lt;/div&gt;" /></Field></Section><Section SecID="420" OrdBy="500" Name="Recommendations"><Field FieldID="151" OrdBy="505" ID="421" Name="Major Recommendations" Type="text"><FieldValue Value="&lt;div class=&quot;content_para&quot;&gt;&lt;p&gt;The levels of evidence (&lt;strong&gt;1&lt;/strong&gt;to &lt;strong&gt;4&lt;/strong&gt;) and the recommendation grades (&lt;strong&gt;A&lt;/strong&gt; to &lt;strong&gt;D&lt;/strong&gt;) are defined at the end of the &quot;Major Recommendations&quot; field.&lt;/p&gt;&#xD;&#xA;&lt;p&gt;&lt;strong&gt;&lt;span style=&quot;text-decoration: underline;&quot;&gt;Executive Summary of Recommendations&lt;/span&gt;&lt;/strong&gt;&lt;/p&gt;&#xD;&#xA;&lt;p&gt;The following recommendations (labeled &quot;&lt;strong&gt;R&lt;/strong&gt;&quot;) are evidence based (&lt;strong&gt;Grades A&lt;/strong&gt;, &lt;strong&gt;B&lt;/strong&gt;, and &lt;strong&gt;C&lt;/strong&gt;) or are based on expert opinion because of a lack of conclusive clinical evidence (&lt;strong&gt;Grade D&lt;/strong&gt;). The best evidence level (BEL), which corresponds to the best conclusive evidence found, accompanies the recommendation grade in this Executive Summary.&lt;/p&gt;&#xD;&#xA;&lt;p&gt;&lt;strong&gt;What Measures Can Be Taken to Prevent Bone Loss?&lt;/strong&gt;&lt;/p&gt;&#xD;&#xA;&lt;p&gt;&lt;strong&gt;R1.&lt;/strong&gt; Maintain adequate calcium intake; use calcium supplements, if needed, to meet minimal required intake (&lt;strong&gt;Grade A; BEL 1&lt;/strong&gt;).&lt;/p&gt;&#xD;&#xA;&lt;p&gt;&lt;strong&gt;R2.&lt;/strong&gt; Maintain adequate vitamin D intake; supplement vitamin D, if needed, to maintain serum levels of 25-hydroxyvitamin D [25(OH)D] between 30 and 60 ng/mL (&lt;strong&gt;Grade A; BEL 1&lt;/strong&gt;).&lt;/p&gt;&#xD;&#xA;&lt;p&gt;&lt;strong&gt;R3.&lt;/strong&gt; Limit alcohol intake to no more than 2 servings per day (&lt;strong&gt;Grade B; BEL 2&lt;/strong&gt;).&lt;/p&gt;&#xD;&#xA;&lt;p&gt;&lt;strong&gt;R4.&lt;/strong&gt; Limit caffeine intake (&lt;strong&gt;Grade C; BEL 3&lt;/strong&gt;).&lt;/p&gt;&#xD;&#xA;&lt;p&gt;&lt;strong&gt;R5.&lt;/strong&gt; Avoid or stop smoking (&lt;strong&gt;Grade B; BEL 2&lt;/strong&gt;).&lt;/p&gt;&#xD;&#xA;&lt;p&gt;&lt;strong&gt;R6.&lt;/strong&gt; Maintain an active lifestyle, including weight-bearing exercises for at least 30 minutes daily (&lt;strong&gt;Grade B; BEL 2&lt;/strong&gt;).&lt;/p&gt;&#xD;&#xA;&lt;p&gt;&lt;strong&gt;What Nonpharmacologic Measures Can Be Recommended for Treatment of Osteoporosis?&lt;/strong&gt;&lt;/p&gt;&#xD;&#xA;&lt;p&gt;All the foregoing measures plus the following:&lt;/p&gt;&#xD;&#xA;&lt;p&gt;&lt;strong&gt;R7.&lt;/strong&gt; Maintain adequate protein intake (&lt;strong&gt;Grade B; BEL 3&lt;/strong&gt;).&lt;/p&gt;&#xD;&#xA;&lt;p&gt;&lt;strong&gt;R8.&lt;/strong&gt; Use proper body mechanics (&lt;strong&gt;Grade B; BEL 1&lt;/strong&gt;).&lt;/p&gt;&#xD;&#xA;&lt;p&gt;&lt;strong&gt;R9.&lt;/strong&gt; Consider the use of hip protectors in individuals with a high risk of falling (&lt;strong&gt;Grade B; BEL 1&lt;/strong&gt;).&lt;/p&gt;&#xD;&#xA;&lt;p&gt;&lt;strong&gt;R10.&lt;/strong&gt; Take measures to reduce the risk of falling (&lt;strong&gt;Grade B; BEL 2&lt;/strong&gt;).&lt;/p&gt;&#xD;&#xA;&lt;p&gt;&lt;strong&gt;R11.&lt;/strong&gt; Consider referral for physical therapy and occupational therapy (&lt;strong&gt;Grade B; BEL 1&lt;/strong&gt;).&lt;/p&gt;&#xD;&#xA;&lt;p&gt;&lt;strong&gt;Who Needs to Be Screened for Osteoporosis?&lt;/strong&gt;&lt;/p&gt;&#xD;&#xA;&lt;p&gt;&lt;strong&gt;R12.&lt;/strong&gt; Women 65 years old or older (&lt;strong&gt;Grade B; BEL 2&lt;/strong&gt;)&lt;/p&gt;&#xD;&#xA;&lt;p&gt;&lt;strong&gt;R13&lt;/strong&gt;. Younger postmenopausal women at increased risk of fracture, based on a list of risk factors (see section 4.5 in the original guideline document) (&lt;strong&gt;Grade C; BEL 2&lt;/strong&gt;)&lt;/p&gt;&#xD;&#xA;&lt;p&gt;&lt;strong&gt;How Is Osteoporosis Diagnosed?&lt;/strong&gt;&lt;/p&gt;&#xD;&#xA;&lt;p&gt;&lt;strong&gt;R14.&lt;/strong&gt; Use a central dual-energy x-ray absorptiometry (DXA) measurement (&lt;strong&gt;Grade B; BEL 3&lt;/strong&gt;).&lt;/p&gt;&#xD;&#xA;&lt;p&gt;&lt;strong&gt;R15.&lt;/strong&gt; In the absence of fracture, osteoporosis is defined as a T-score of -2.5 or below in the spine (anteroposterior), femoral neck, or total hip (&lt;strong&gt;Grade B; BEL 2&lt;/strong&gt;).&lt;/p&gt;&#xD;&#xA;&lt;p&gt;&lt;strong&gt;R16.&lt;/strong&gt; Osteoporosis is defined as the presence of a fracture of the hip or spine (see section 4.4.2 in the original guideline document) (in the absence of other bone conditions) (&lt;strong&gt;Grade B; BEL 3&lt;/strong&gt;).&lt;/p&gt;&#xD;&#xA;&lt;p&gt;&lt;strong&gt;How Is Osteoporosis Evaluated?&lt;/strong&gt;&lt;/p&gt;&#xD;&#xA;&lt;p&gt;&lt;strong&gt;R17.&lt;/strong&gt; Evaluate for secondary osteoporosis (&lt;strong&gt;Grade B; BEL 2&lt;/strong&gt;).&lt;/p&gt;&#xD;&#xA;&lt;p&gt;&lt;strong&gt;R18.&lt;/strong&gt; Evaluate for prevalent vertebral fractures (see section 4.7.1 in the original guideline document) (&lt;strong&gt;Grade B; BEL 2&lt;/strong&gt;).&lt;/p&gt;&#xD;&#xA;&lt;p&gt;&lt;strong&gt;Who Needs Pharmacologic Therapy?&lt;/strong&gt;&lt;/p&gt;&#xD;&#xA;&lt;p&gt;&lt;strong&gt;R19.&lt;/strong&gt; Those patients with a history of a fracture of the hip or spine (&lt;strong&gt;Grade A; BEL 1&lt;/strong&gt;)&lt;/p&gt;&#xD;&#xA;&lt;p&gt;&lt;strong&gt;R20.&lt;/strong&gt; Patients without a history of fractures but with a T-score of -2.5 or lower (&lt;strong&gt;Grade A; BEL 1&lt;/strong&gt;)&lt;/p&gt;&#xD;&#xA;&lt;p&gt;&lt;strong&gt;R21.&lt;/strong&gt; Patients with a T-score between -1.0 and -2.5 if Fracture Risk Assessment Tool (FRAX) (see section 4.5 in the original guideline document) major osteoporotic fracture probability is &amp;ge;20% or hip fracture probability is &amp;ge;3% (&lt;strong&gt;Grade A; BEL 2&lt;/strong&gt;)&lt;/p&gt;&#xD;&#xA;&lt;p&gt;&lt;strong&gt;What Drugs Can Be Used to Treat Osteoporosis?&lt;/strong&gt;&lt;/p&gt;&#xD;&#xA;&lt;p&gt;Use drugs with proven antifracture efficacy:&lt;/p&gt;&#xD;&#xA;&lt;p&gt;&lt;strong&gt;R22.&lt;/strong&gt; Use alendronate, risedronate, zoledronic acid, and denosumab as the first line of therapy (&lt;strong&gt;Grade A; BEL 1&lt;/strong&gt;).&lt;/p&gt;&#xD;&#xA;&lt;p&gt;&lt;strong&gt;R23.&lt;/strong&gt; Use ibandronate as a second-line agent (&lt;strong&gt;Grade A; BEL 1&lt;/strong&gt;).&lt;/p&gt;&#xD;&#xA;&lt;p&gt;&lt;strong&gt;R24.&lt;/strong&gt; Use raloxifene as a second- or third-line agent (&lt;strong&gt;Grade A; BEL 1&lt;/strong&gt;).&lt;/p&gt;&#xD;&#xA;&lt;p&gt;&lt;strong&gt;R25.&lt;/strong&gt; Use calcitonin as the last line of therapy (&lt;strong&gt;Grade C; BEL 2&lt;/strong&gt;).&lt;/p&gt;&#xD;&#xA;&lt;p&gt;&lt;strong&gt;R26.&lt;/strong&gt; Use teriparatide for patients with very high fracture risk or patients in whom bisphosphonate therapy has failed (&lt;strong&gt;Grade A; BEL 1&lt;/strong&gt;).&lt;/p&gt;&#xD;&#xA;&lt;p&gt;&lt;strong&gt;R27.&lt;/strong&gt; Advise against the use of combination therapy (&lt;strong&gt;Grade B; BEL 2&lt;/strong&gt;).&lt;/p&gt;&#xD;&#xA;&lt;p&gt;&lt;strong&gt;How Is Treatment Monitored?&lt;/strong&gt;&lt;/p&gt;&#xD;&#xA;&lt;p&gt;&lt;strong&gt;R28.&lt;/strong&gt; Obtain a baseline DXA, and repeat DXA every 1 to 2 years until findings are stable. Continue with follow-up DXA every 2 years or at a less frequent interval (&lt;strong&gt;Grade B; BEL 2&lt;/strong&gt;).&lt;/p&gt;&#xD;&#xA;&lt;p&gt;&lt;strong&gt;R29.&lt;/strong&gt; Monitor changes in spine or total hip bone mineral density (BMD) (&lt;strong&gt;Grade C; BEL 2&lt;/strong&gt;).&lt;/p&gt;&#xD;&#xA;&lt;p&gt;&lt;strong&gt;R30.&lt;/strong&gt; Follow-up of patients should be in the same facility, with the same machine, and, if possible, with the same technologist (&lt;strong&gt;Grade B; BEL 2&lt;/strong&gt;).&lt;/p&gt;&#xD;&#xA;&lt;p&gt;&lt;strong&gt;R31.&lt;/strong&gt; Bone turnover markers may be used at baseline to identify patients with high bone turnover and can be used to follow the response to therapy (&lt;strong&gt;Grade C; BEL 2&lt;/strong&gt;).&lt;/p&gt;&#xD;&#xA;&lt;p&gt;&lt;strong&gt;What Is Successful Treatment of Osteoporosis?&lt;/strong&gt;&lt;/p&gt;&#xD;&#xA;&lt;p&gt;&lt;strong&gt;R32.&lt;/strong&gt; BMD is stable or increasing, and no fractures are present (&lt;strong&gt;Grade B; BEL 2&lt;/strong&gt;).&lt;/p&gt;&#xD;&#xA;&lt;p&gt;&lt;strong&gt;R33.&lt;/strong&gt; For patients taking antiresorptive agents, bone turnover markers at or below the median value for premenopausal women are achieved (see section 4.9 in the original guideline document) (&lt;strong&gt;Grade B; BEL 2&lt;/strong&gt;).&lt;/p&gt;&#xD;&#xA;&lt;p&gt;&lt;strong&gt;R34.&lt;/strong&gt; One fracture is not necessarily evidence of failure. Consider alternative therapy or reassessment for secondary causes of bone loss for patients who have recurrent fractures while receiving therapy (&lt;strong&gt;Grade B; BEL 2&lt;/strong&gt;).&lt;/p&gt;&#xD;&#xA;&lt;p&gt;&lt;strong&gt;How Long Should Patients Be Treated?&lt;/strong&gt;&lt;/p&gt;&#xD;&#xA;&lt;p&gt;&lt;strong&gt;R35.&lt;/strong&gt; For treatment with bisphosphonates, if osteoporosis is mild, consider a &quot;drug holiday&quot; after 4 to 5 years of stability. If fracture risk is high, consider a drug holiday of 1 to 2 years after 10 years of treatment (&lt;strong&gt;Grade B; BEL 1&lt;/strong&gt;).&lt;/p&gt;&#xD;&#xA;&lt;p&gt;&lt;strong&gt;R36.&lt;/strong&gt; Follow BMD and bone turnover markers during a drug holiday period, and reinitiate therapy if bone density declines substantially, bone turnover markers increase, or a fracture occurs (&lt;strong&gt;Grade C; BEL 3&lt;/strong&gt;).&lt;/p&gt;&#xD;&#xA;&lt;p&gt;&lt;strong&gt;When Should Patients Be Referred to Clinical Endocrinologists?&lt;/strong&gt;&lt;/p&gt;&#xD;&#xA;&lt;p&gt;&lt;strong&gt;R37.&lt;/strong&gt; When a patient with normal BMD sustains a fracture without major trauma (&lt;strong&gt;Grade C; BEL 4&lt;/strong&gt;).&lt;/p&gt;&#xD;&#xA;&lt;p&gt;&lt;strong&gt;R38.&lt;/strong&gt; When recurrent fractures or continued bone loss occurs in a patient receiving therapy without obvious treatable causes of bone loss (&lt;strong&gt;Grade C; BEL 4&lt;/strong&gt;).&lt;/p&gt;&#xD;&#xA;&lt;p&gt;&lt;strong&gt;R39.&lt;/strong&gt; When osteoporosis is unexpectedly severe or has unusual features (&lt;strong&gt;Grade C; BEL 4&lt;/strong&gt;).&lt;/p&gt;&#xD;&#xA;&lt;p&gt;&lt;strong&gt;R40.&lt;/strong&gt; When a patient has a condition that complicates management (for example, renal failure, hyperparathyroidism, or malabsorption) (&lt;strong&gt;Grade C; BEL 4&lt;/strong&gt;).&lt;/p&gt;&#xD;&#xA;&lt;p&gt;&lt;strong&gt;&lt;span style=&quot;text-decoration: underline;&quot;&gt;Definitions&lt;/span&gt;&lt;/strong&gt;:&lt;/p&gt;&#xD;&#xA;&lt;p&gt;&lt;strong&gt;2010 American Association of Clinical Endocrinologists Criteria for Rating of Published Evidence*&lt;/strong&gt;&lt;/p&gt;&#xD;&#xA;&lt;table border=&quot;1&quot; cellspacing=&quot;3&quot; summary=&quot;Table: 2010 American Association of Clinical Endocrinologists Criteria for Rating of Published Evidence&quot; cellpadding=&quot;5&quot;&gt;&#xD;&#xA;    &lt;tbody&gt;&#xD;&#xA;        &lt;tr&gt;&#xD;&#xA;            &lt;th class=&quot;Center&quot; valign=&quot;top&quot;&gt;Numerical Descriptor&lt;br /&gt;&#xD;&#xA;            (evidence level)&lt;/th&gt;&#xD;&#xA;            &lt;th class=&quot;Center&quot; valign=&quot;top&quot;&gt;Semantic Descriptor&lt;br /&gt;&#xD;&#xA;            (reference methods)&lt;/th&gt;&#xD;&#xA;        &lt;/tr&gt;&#xD;&#xA;    &lt;/tbody&gt;&#xD;&#xA;    &lt;tbody&gt;&#xD;&#xA;        &lt;tr&gt;&#xD;&#xA;            &lt;td class=&quot;Center&quot; valign=&quot;top&quot;&gt;1&lt;/td&gt;&#xD;&#xA;            &lt;td valign=&quot;top&quot;&gt;Meta-analysis of randomized controlled trials&lt;/td&gt;&#xD;&#xA;        &lt;/tr&gt;&#xD;&#xA;        &lt;tr&gt;&#xD;&#xA;            &lt;td class=&quot;Center&quot; valign=&quot;top&quot;&gt;1&lt;/td&gt;&#xD;&#xA;            &lt;td valign=&quot;top&quot;&gt;Randomized controlled trial&lt;/td&gt;&#xD;&#xA;        &lt;/tr&gt;&#xD;&#xA;        &lt;tr&gt;&#xD;&#xA;            &lt;td class=&quot;Center&quot; valign=&quot;top&quot;&gt;2&lt;/td&gt;&#xD;&#xA;            &lt;td valign=&quot;top&quot;&gt;Meta-analysis of nonrandomized prospective or case-controlled trials&lt;/td&gt;&#xD;&#xA;        &lt;/tr&gt;&#xD;&#xA;        &lt;tr&gt;&#xD;&#xA;            &lt;td class=&quot;Center&quot; valign=&quot;top&quot;&gt;2&lt;/td&gt;&#xD;&#xA;            &lt;td valign=&quot;top&quot;&gt;Nonrandomized controlled trial&lt;/td&gt;&#xD;&#xA;        &lt;/tr&gt;&#xD;&#xA;        &lt;tr&gt;&#xD;&#xA;            &lt;td class=&quot;Center&quot; valign=&quot;top&quot;&gt;2&lt;/td&gt;&#xD;&#xA;            &lt;td valign=&quot;top&quot;&gt;Prospective cohort study&lt;/td&gt;&#xD;&#xA;        &lt;/tr&gt;&#xD;&#xA;        &lt;tr&gt;&#xD;&#xA;            &lt;td class=&quot;Center&quot; valign=&quot;top&quot;&gt;2&lt;/td&gt;&#xD;&#xA;            &lt;td valign=&quot;top&quot;&gt;Retrospective case-control study&lt;/td&gt;&#xD;&#xA;        &lt;/tr&gt;&#xD;&#xA;        &lt;tr&gt;&#xD;&#xA;            &lt;td class=&quot;Center&quot; valign=&quot;top&quot;&gt;3&lt;/td&gt;&#xD;&#xA;            &lt;td valign=&quot;top&quot;&gt;Cross-sectional study&lt;/td&gt;&#xD;&#xA;        &lt;/tr&gt;&#xD;&#xA;        &lt;tr&gt;&#xD;&#xA;            &lt;td class=&quot;Center&quot; valign=&quot;top&quot;&gt;3&lt;/td&gt;&#xD;&#xA;            &lt;td valign=&quot;top&quot;&gt;Surveillance study (registries, surveys, epidemiologic study)&lt;/td&gt;&#xD;&#xA;        &lt;/tr&gt;&#xD;&#xA;        &lt;tr&gt;&#xD;&#xA;            &lt;td class=&quot;Center&quot; valign=&quot;top&quot;&gt;3&lt;/td&gt;&#xD;&#xA;            &lt;td valign=&quot;top&quot;&gt;Consecutive case series&lt;/td&gt;&#xD;&#xA;        &lt;/tr&gt;&#xD;&#xA;        &lt;tr&gt;&#xD;&#xA;            &lt;td class=&quot;Center&quot; valign=&quot;top&quot;&gt;3&lt;/td&gt;&#xD;&#xA;            &lt;td valign=&quot;top&quot;&gt;Single case reports&lt;/td&gt;&#xD;&#xA;        &lt;/tr&gt;&#xD;&#xA;        &lt;tr&gt;&#xD;&#xA;            &lt;td class=&quot;Center&quot; valign=&quot;top&quot;&gt;4&lt;/td&gt;&#xD;&#xA;            &lt;td valign=&quot;top&quot;&gt;No evidence (theory, opinion, consensus, or review)&lt;/td&gt;&#xD;&#xA;        &lt;/tr&gt;&#xD;&#xA;    &lt;/tbody&gt;&#xD;&#xA;&lt;/table&gt;&#xD;&#xA;&lt;p class=&quot;Note&quot;&gt;*1 = strong evidence; 2 = intermediate evidence; 3 = weak evidence; 4 = no evidence.&lt;/p&gt;&#xD;&#xA;&lt;p class=&quot;Note&quot;&gt;From Mechanick JI, Camacho PM, Cobin RH, et al (American Association of Clinical Endocrinologists Clinical Practice Guidelines Subcommittee). American Association of Clinical Endocrinologists protocol for standardized production of clinical practice guidelines&amp;mdash;2010 update. Endocr Pract. 2010;16:270-283.&lt;/p&gt;&#xD;&#xA;&lt;p&gt;&lt;strong&gt;American Association of Clinical Endocrinologists Criteria for Grading of Recommendations&lt;/strong&gt;&lt;/p&gt;&#xD;&#xA;&lt;table border=&quot;1&quot; cellspacing=&quot;3&quot; summary=&quot;Table: American Association of Clinical Endocrinologists Criteria for Grading of Recommendations&quot; cellpadding=&quot;5&quot;&gt;&#xD;&#xA;    &lt;thead&gt;&#xD;&#xA;        &lt;tr&gt;&#xD;&#xA;            &lt;th class=&quot;Center&quot; valign=&quot;top&quot;&gt;Recommendation Grade&lt;/th&gt;&#xD;&#xA;            &lt;th class=&quot;Center&quot; valign=&quot;top&quot;&gt;Description&lt;/th&gt;&#xD;&#xA;        &lt;/tr&gt;&#xD;&#xA;    &lt;/thead&gt;&#xD;&#xA;    &lt;tbody&gt;&#xD;&#xA;        &lt;tr&gt;&#xD;&#xA;            &lt;th class=&quot;Center&quot; valign=&quot;top&quot;&gt;A&lt;/th&gt;&#xD;&#xA;            &lt;td valign=&quot;top&quot;&gt;&#xD;&#xA;            &lt;p&gt;Homogeneous evidence from multiple well-designed randomized controlled trials with sufficient statistical power&lt;/p&gt;&#xD;&#xA;            &lt;p&gt;Homogeneous evidence from multiple well-designed cohort controlled trials with sufficient statistical power&lt;/p&gt;&#xD;&#xA;            &lt;p&gt;&amp;ge;1 conclusive level 1 publications demonstrating benefit &amp;gt;&amp;gt; risk&lt;/p&gt;&#xD;&#xA;            &lt;/td&gt;&#xD;&#xA;        &lt;/tr&gt;&#xD;&#xA;        &lt;tr&gt;&#xD;&#xA;            &lt;th class=&quot;Center&quot; valign=&quot;top&quot;&gt;B&lt;/th&gt;&#xD;&#xA;            &lt;td valign=&quot;top&quot;&gt;&#xD;&#xA;            &lt;p&gt;Evidence from at least 1 large well-designed clinical trial, cohort or case-controlled analytic study, or meta-analysis&lt;/p&gt;&#xD;&#xA;            &lt;p&gt;No conclusive level 1 publication; &amp;ge;1 conclusive level 2 publications demonstrating benefit &amp;gt;&amp;gt; risk&lt;/p&gt;&#xD;&#xA;            &lt;/td&gt;&#xD;&#xA;        &lt;/tr&gt;&#xD;&#xA;        &lt;tr&gt;&#xD;&#xA;            &lt;th class=&quot;Center&quot; valign=&quot;top&quot;&gt;C&lt;/th&gt;&#xD;&#xA;            &lt;td valign=&quot;top&quot;&gt;&#xD;&#xA;            &lt;p&gt;Evidence based on clinical experience, descriptive studies, or expert consensus opinion&lt;/p&gt;&#xD;&#xA;            &lt;p&gt;No conclusive level 1 or 2 publications; &amp;ge;1 conclusive level 3 publications demonstrating benefit &amp;gt;&amp;gt; risk&lt;/p&gt;&#xD;&#xA;            &lt;p&gt;No conclusive risk at all and no conclusive benefit demonstrated by evidence&lt;/p&gt;&#xD;&#xA;            &lt;/td&gt;&#xD;&#xA;        &lt;/tr&gt;&#xD;&#xA;        &lt;tr&gt;&#xD;&#xA;            &lt;th class=&quot;Center&quot; valign=&quot;top&quot;&gt;D&lt;/th&gt;&#xD;&#xA;            &lt;td valign=&quot;top&quot;&gt;&#xD;&#xA;            &lt;p&gt;Not rated&lt;/p&gt;&#xD;&#xA;            &lt;p&gt;No conclusive level 1, 2, or 3 publication demonstrating benefit &amp;gt;&amp;gt; risk&lt;/p&gt;&#xD;&#xA;            &lt;p&gt;Conclusive level 1, 2, or 3 publication demonstrating risk &amp;gt;&amp;gt; benefit&lt;/p&gt;&#xD;&#xA;            &lt;/td&gt;&#xD;&#xA;        &lt;/tr&gt;&#xD;&#xA;    &lt;/tbody&gt;&#xD;&#xA;&lt;/table&gt;&#xD;&#xA;&lt;p class=&quot;Note&quot;&gt;From Mechanick JI, Bergman DA, Braithwaite SS, Palumbo PJ (American Association of Clinical Endocrinologists Ad Hoc Task Force for Standardized Production of Clinical Practice Guidelines). American Association of Clinical Endocrinologists protocol for standardized production of clinical practice guidelines [published correction appears in Endocr Pract. 2008;14:802-803]. Endocr Pract. 2004;10:353-361.&lt;/p&gt;&lt;/div&gt;" /></Field><Field FieldID="138" OrdBy="515" ID="423" Name="Clinical Algorithm(s)" Type="text"><FieldValue Value="&lt;div class=&quot;content_para&quot;&gt;&lt;p&gt;None provided&lt;/p&gt;&lt;/div&gt;" /></Field></Section><Section SecID="424" OrdBy="600" Name="Evidence Supporting the Recommendations"><Field FieldID="139" OrdBy="610" ID="426" Name="Type of Evidence Supporting the Recommendations" Type="text"><FieldValue Value="&lt;div class=&quot;content_para&quot;&gt;&lt;p&gt;The type of supporting evidence is identified and graded for each recommendation (see the &quot;Major Recommendations&quot; field).&lt;/p&gt;&lt;/div&gt;" /></Field></Section><Section SecID="427" OrdBy="700" Name="Benefits/Harms of Implementing the Guideline Recommendations"><Field FieldID="152" OrdBy="705" ID="428" Name="Potential Benefits" Type="text"><FieldValue Value="&lt;div class=&quot;content_para&quot;&gt;&lt;p&gt;Appropriate screening, evaluation, management (including pharmacologic and nonpharmacologic treatment), and monitoring of women with osteoporosis or at high risk of osteoporosis&lt;/p&gt;&lt;/div&gt;" /></Field><Field FieldID="153" OrdBy="710" ID="429" Name="Potential Harms" Type="text"><FieldValue Value="&lt;ul style=&quot;list-style-type: disc;&quot;&gt;&#xD;&#xA;    &lt;li&gt;Side effects of pharmacotherapy &lt;/li&gt;&#xD;&#xA;    &lt;li&gt;Patients with severe osteoporosis should avoid engaging in motions such as forward flexion exercises, using heavy weights, or even performing side-bending exercises because pushing, pulling, lifting, and bending exert compressive forces on the spine that may lead to fracture. An initial visit with a physical therapist may help clarify what exercises are safe and unsafe to do. &lt;/li&gt;&#xD;&#xA;&lt;/ul&gt;" /></Field></Section><Section SecID="430" OrdBy="800" Name="Contraindications"><Field FieldID="144" OrdBy="805" ID="431" Name="Contraindications" Type="text"><FieldValue Value="&lt;div class=&quot;content_para&quot;&gt;&lt;p&gt;&lt;strong&gt;Bisphosphonates&lt;/strong&gt;&lt;/p&gt;&#xD;&#xA;&lt;p&gt;Contraindications to bisphosphonate therapy include hypersensitivity or hypocalcemia. Bisphosphonates should be used with caution, if at all, in patients with reduced kidney function (glomerular filtration rate below 30 mL/min for risedronate and ibandronate or below 35 mL/min for alendronate and zoledronate).&lt;/p&gt;&#xD;&#xA;&lt;p&gt;&lt;strong&gt;Raloxifene&lt;/strong&gt;&lt;/p&gt;&#xD;&#xA;&lt;p&gt;Raloxifene is contraindicated in women of childbearing potential, those who have had venous thromboembolic disease, or those who are known to be hypersensitive to any component of raloxifene tablets.&lt;/p&gt;&#xD;&#xA;&lt;p&gt;&lt;strong&gt;Teriparatide&lt;/strong&gt;&lt;/p&gt;&#xD;&#xA;&lt;p&gt;Because teriparatide caused an increased incidence of osteosarcomas in rats, it is contraindicated in patients at increased risk of osteosarcoma (those with Paget disease of bone, open epiphyses, a history of irradiation involving the skeleton, or an unexplained elevation of alkaline phosphatase level of skeletal origin). Teriparatide should also not be administered to patients with primary or any form of secondary untreated or unresolved hyperparathyroidism.&lt;/p&gt;&#xD;&#xA;&lt;p&gt;&lt;strong&gt;Calcitonin&lt;/strong&gt;&lt;/p&gt;&#xD;&#xA;&lt;p&gt;The main contraindication to use of calcitonin is hypersensitivity. For patients with suspected sensitivity to the drug, skin testing is recommended before treatment.&lt;/p&gt;&#xD;&#xA;&lt;p&gt;&lt;strong&gt;Estrogen and Menopausal Hormone Therapy&lt;/strong&gt;&lt;/p&gt;&#xD;&#xA;&lt;p&gt;The following are contraindications to estrogen or combination estrogen-progestin therapy:&lt;/p&gt;&#xD;&#xA;&lt;ul style=&quot;list-style-type: disc;&quot;&gt;&#xD;&#xA;    &lt;li&gt;Known or suspected pregnancy &lt;/li&gt;&#xD;&#xA;    &lt;li&gt;Known or suspected cancer of the breast &lt;/li&gt;&#xD;&#xA;    &lt;li&gt;Known or suspected estrogen-dependent neoplasm &lt;/li&gt;&#xD;&#xA;    &lt;li&gt;Undiagnosed abnormal genital bleeding &lt;/li&gt;&#xD;&#xA;    &lt;li&gt;Active thrombophlebitis or thromboembolic disorders or a history of thromboembolic disease &lt;/li&gt;&#xD;&#xA;    &lt;li&gt;Hypersensitivity to the hormones &lt;/li&gt;&#xD;&#xA;&lt;/ul&gt;&lt;/div&gt;" /></Field></Section><Section SecID="432" OrdBy="900" Name="Qualifying Statements"><Field FieldID="137" OrdBy="905" ID="433" Name="Qualifying Statements" Type="text"><FieldValue Value="&lt;div class=&quot;content_para&quot;&gt;&lt;p&gt;These guidelines are a working document that reflects the state of the field at the time of publication. Because rapid changes in this area are expected, periodic revisions are inevitable. The American Association of Clinical Endocrinologists (AACE) encourages medical professionals to use this information in conjunction with their best clinical judgment. The presented recommendations may not be appropriate in all situations. Any decision by practitioners to apply these guidelines must be made in light of local resources and individual patient circumstances.&lt;/p&gt;&lt;/div&gt;" /></Field></Section><Section SecID="434" OrdBy="1000" Name="Implementation of the Guideline"><Field FieldID="131" OrdBy="1010" ID="436" Name="Description of Implementation Strategy" Type="text"><FieldValue Value="&lt;div class=&quot;content_para&quot;&gt;&lt;p&gt;An implementation strategy was not provided.&lt;/p&gt;&lt;/div&gt;" /></Field></Section><Section SecID="439" OrdBy="1100" Name="Institute of Medicine (IOM) National Healthcare Quality Report Categories"><Field FieldID="50" OrdBy="1105" ID="440" Name="IOM Care Need" Type="picklist-many"><FieldValue Value="Living with Illness" /><FieldValue Value="Staying Healthy" /></Field><Field FieldID="51" OrdBy="1110" ID="441" Name="IOM Domain" Type="picklist-many"><FieldValue Value="Effectiveness" /><FieldValue Value="Patient-centeredness" /></Field></Section><Section SecID="442" OrdBy="1200" Name="Identifying Information and Availability"><Field FieldID="97" OrdBy="1201" ID="392" Name="Bibliographic Source(s)" Type="citation"><FieldValue Value="&lt;table&gt;&lt;tr&gt;&lt;td&gt;Watts NB, Bilezikian JP, Camacho PM, Greenspan SL, Harris ST, Hodgson SF, Kleerekoper M, Luckey MM, McClung MR, Pollack RP, Petak SM, AACE Osteoporosis Task Force. American Association of Clinical Endocrinologists medical guidelines for clinical practice for the diagnosis and treatment of postmenopausal osteoporosis. Endocr Pract. 2010 Nov-Dec;16(Suppl 3):1-37. [209 references] &lt;a href=&quot;http://www.ncbi.nlm.nih.gov/entrez/query.fcgi?cmd=Retrieve&amp;db=pubmed&amp;dopt=Abstract&amp;list_uids=21224201&quot; target=&quot;_blank&quot;&gt;PubMed&lt;/a&gt;&lt;/td&gt;&lt;/tr&gt;&lt;/table&gt;" /></Field><Field FieldID="124" OrdBy="1205" ID="443" Name="Adaptation" Type="text"><FieldValue Value="&lt;div class=&quot;content_para&quot;&gt;&lt;p&gt;Not applicable: The guideline was not adapted from another source.&lt;/p&gt;&lt;/div&gt;" /></Field><Field FieldID="128" OrdBy="1215" ID="445" Name="Date Released" Type="text"><FieldValue Value="1996 Mar-Apr (revised 2010 Nov-Dec)" /></Field><Field FieldID="158" OrdBy="1225" ID="447" Name="Guideline Developer(s)" Type="orglist-p"><FieldValue Value="American Association of Clinical Endocrinologists - Medical Specialty Society" /></Field><Field FieldID="125" OrdBy="1235" ID="449" Name="Source(s) of Funding" Type="text"><FieldValue Value="&lt;div class=&quot;content_para&quot;&gt;&lt;p&gt;Financial support for this guideline was provided by Wyeth-Ayerst Pharmaceuticals, Merck &amp;amp; Co., Inc., Proctor &amp;amp; Gamble Pharmaceuticals, Inc., Novartis Pharmaceuticals Corp., and Eli Lilly and Company.&lt;/p&gt;&lt;/div&gt;" /></Field><Field FieldID="126" OrdBy="1240" ID="450" Name="Guideline Committee" Type="text"><FieldValue Value="&lt;div class=&quot;content_para&quot;&gt;&lt;p&gt;Osteoporosis Task Force&lt;/p&gt;&lt;/div&gt;" /></Field><Field FieldID="127" OrdBy="1245" ID="451" Name="Composition of Group That Authored the Guideline" Type="text"><FieldValue Value="&lt;div class=&quot;content_para&quot;&gt;&lt;p&gt;&lt;em&gt;Osteoporosis Task Force Members&lt;/em&gt;: Nelson B. Watts, MD, FACP, MACE (&lt;em&gt;Chair&lt;/em&gt;); John P. Bilezikian, MD, MACE; Pauline M. Camacho, MD, FACE; Susan L. Greenspan, MD, FACP, FACE; Steven T. Harris, MD, FACE; Stephen F. Hodgson, MD, FACP, MACE; Michael Kleerekoper, MD, MACE; Marjorie M. Luckey, MD, FACE; Michael R. McClung, MD, FACP, FACE; Rachel Pessah Pollack, MD; Steven M. Petak, MD, JD, FACE, FCLM&lt;/p&gt;&#xD;&#xA;&lt;p&gt;&lt;em&gt;Reviewers&lt;/em&gt;: Donald A. Bergman, MD, FACP, FACE; Neil Binkley, MD; Paul D. Miller, MD, FACP&lt;/p&gt;&lt;/div&gt;" /></Field><Field FieldID="147" OrdBy="1250" ID="452" Name="Financial Disclosures/Conflicts of Interest" Type="text"><FieldValue Value="&lt;div class=&quot;content_para&quot;&gt;&lt;p&gt;&lt;strong&gt;Chair&lt;/strong&gt;&lt;/p&gt;&#xD;&#xA;&lt;p&gt;Dr. Nelson B. Watts reports that he has received speaker honoraria from Amgen Inc., the International Society for Clinical Densitometry, Novartis AG, and Warner Chilcott; consultant honoraria from Amgen Inc., Arena Pharmaceuticals, Inc., Baxter, InteKrin Therapeutics Inc., Johnson &amp;amp; Johnson Services, Inc., Medpace, Merck &amp;amp; Co., Inc., NPS Pharmaceuticals, Orexigen Therapeutics, Inc., Pfizer Inc, sanofi-aventis U.S. LLC, Takeda, VIVUS, Inc., and Warner Chilcott; and research grant support through the University of Cincinnati Osteoporosis Center from Amgen Inc., Eli Lilly and Company, Merck &amp;amp; Co., Inc., Novartis AG, and NPS Pharmaceuticals.&lt;/p&gt;&#xD;&#xA;&lt;p&gt;&lt;strong&gt;Task Force Members&lt;/strong&gt;&lt;/p&gt;&#xD;&#xA;&lt;p&gt;Dr. John P. Bilezikian reports that he has received speaker honoraria from Amgen Inc., Eli Lilly and Company, and Novartis AG and consultant honoraria from Amgen Inc., Eli Lilly and Company, Merck &amp;amp; Co., Inc., and Warner Chilcott.&lt;/p&gt;&#xD;&#xA;&lt;p&gt;Dr. Pauline M. Camacho reports that she has received research grant support for her role as principal investigator from Eli Lilly and Company and Procter &amp;amp; Gamble.&lt;/p&gt;&#xD;&#xA;&lt;p&gt;Dr. Susan L. Greenspan reports that she has received consultant honoraria from Amgen Inc. and Merck &amp;amp; Co., Inc. and research grant support for her role as principal investigator from the Alliance for Better Bone Health (Procter &amp;amp; Gamble/sanofi-aventis U.S. LLC), Eli Lilly and Company, and Warner Chilcott.&lt;/p&gt;&#xD;&#xA;&lt;p&gt;Dr. Steven T. Harris reports that he has received speaker honoraria from Amgen Inc., Genentech, Inc., Gilead, GlaxoSmithKline plc, F. Hoffmann-La Roche Ltd, Eli Lilly and Company, Novartis AG, Procter &amp;amp; Gamble, sanofi-aventis U.S. LLC, and Warner Chilcott and consultant honoraria from Amgen Inc., Gilead, GlaxoSmithKline plc, F. Hoffmann-La Roche Ltd, Eli Lilly and Company, Merck &amp;amp; Co., Inc., and Novartis AG.&lt;/p&gt;&#xD;&#xA;&lt;p&gt;Dr. Stephen F. Hodgson reports that he does not have any relevant financial relationships with any commercial interests.&lt;/p&gt;&#xD;&#xA;&lt;p&gt;Dr. Michael Kleerekoper reports that he has received speaker honoraria from Amgen Inc. and Eli Lilly and Company and speaker and consultant honoraria from F. Hoffmann-La Roche Ltd Diagnostics.&lt;/p&gt;&#xD;&#xA;&lt;p&gt;Dr. Marjorie M. Luckey reports that she has received speaker honoraria and consultant fees from Amgen Inc. and Novartis AG.&lt;/p&gt;&#xD;&#xA;&lt;p&gt;Dr. Michael R. McClung reports that he has received research grant support, consulting fees, and/or speakers' bureau honoraria from Amgen Inc., Eli Lilly and Company, Merck &amp;amp; Co., Inc., Novartis AG, and Warner Chilcott.&lt;/p&gt;&#xD;&#xA;&lt;p&gt;Dr. Rachel Pessah Pollack reports that she does not have any relevant financial relationships with any commercial interests.&lt;/p&gt;&#xD;&#xA;&lt;p&gt;Dr. Steven M. Petak reports that he has received speaker honoraria from Amgen Inc. and the International Society for Clinical Densitometry.&lt;/p&gt;&lt;/div&gt;" /></Field><Field FieldID="120" OrdBy="1256" ID="393" Name="Guideline Status" Type="text"><FieldValue Value="&lt;div class=&quot;content_para&quot;&gt;&lt;p&gt;This is the current release of the guideline.&lt;/p&gt;&#xD;&#xA;&lt;p&gt;This guideline updates a previous version: Hodgson SF, Watts NB, Bilezikian JP, Clarke BL, Gray TK, Harris DW, Johnston CC Jr, Kleerekoper M, Lindsay R, Luckey MM, McClung MR, Nankin HR, Petak SM, Recker RR, Anderson RJ, Bergman DA, Bloomgarden ZT, Dickey RA, Palumbo PJ, Peters AL, Rettinger HI, Rodbard HW, Rubenstein HA. American Association of Clinical Endocrinologists medical guidelines for clinical practice for the prevention and treatment of postmenopausal osteoporosis: 2001 edition, with selected updates for 2003. Endocr Pract 2003 Nov-Dec;9(6):544-64.&lt;/p&gt;&lt;/div&gt;" /></Field><Field FieldID="118" OrdBy="1260" ID="454" Name="Guideline Availability" Type="text"><FieldValue Value="&lt;div class=&quot;content_para&quot;&gt;&lt;p&gt;Electronic copies: Available in Portable Document Format (PDF) from the &lt;a href=&quot;http://www.aace.com/files/osteo-guidelines-2010.pdf&quot; title=&quot;AACE Web site&quot;&gt;American Association of Clinical Endocrinologists (AACE) Web site&lt;/a&gt;.&lt;/p&gt;&#xD;&#xA;&lt;p&gt;Print copies: Available from the American Association of Clinical Endocrinologists (AACE), 245 Riverside Avenue, Suite 200, Jacksonville, FL 32202.&lt;/p&gt;&lt;/div&gt;" /></Field><Field FieldID="119" OrdBy="1265" ID="455" Name="Availability of Companion Documents" Type="text"><FieldValue Value="&lt;div class=&quot;content_para&quot;&gt;&lt;p&gt;The following is available:&lt;/p&gt;&#xD;&#xA;&lt;ul style=&quot;list-style-type: disc;&quot;&gt;&#xD;&#xA;    &lt;li&gt;American Association of Clinical Endocrinologists protocol for standardized production of clinical practice guidelines&amp;mdash;2010 update. Endocrine Pract 2010; 16:270-283. Electronic copies: Available in Portable Document Format (PDF) from the &lt;a href=&quot;http://www.aace.com/files/gl-standards.pdf&quot; title=&quot;AACE Web site&quot;&gt;American Association of Clinical Endocrinologists (AACE) Web site&lt;/a&gt;. &lt;/li&gt;&#xD;&#xA;&lt;/ul&gt;&#xD;&#xA;&lt;p&gt;Print copies: Available from the American Association of Clinical Endocrinologists (AACE), 245 Riverside Avenue, Suite 200, Jacksonville, FL 32202.&lt;/p&gt;&lt;/div&gt;" /></Field><Field FieldID="143" OrdBy="1275" ID="457" Name="Patient Resources" Type="text"><FieldValue Value="&lt;div class=&quot;content_para&quot;&gt;&lt;p&gt;None available&lt;/p&gt;&lt;/div&gt;" /></Field><Field FieldID="142" OrdBy="1280" ID="458" Name="NGC Status" Type="text"><FieldValue Value="&lt;div class=&quot;content_para&quot;&gt;&lt;p&gt;This summary was completed by ECRI on August 28, 2001, and updated on February 13, 2004. The updated information was verified by the guideline developer on March 29, 2004. This summary was updated by ECRI on May 20, 2005, following the U.S. Food and Drug Administration advisory on Aredia (pamidronate disodium) and Zometa (zoledronic acid). This summary was updated by ECRI on June 16, 2005, following the latest U.S. Food and Drug Administration advisory on COX-2 selective and non-selective non-steroidal anti-inflammatory drugs (NSAIDs). This NGC summary was updated by ECRI Institute on February 14, 2012. The updated information was verified by the guideline developer on March 6, 2012.&lt;/p&gt;&lt;/div&gt;" /></Field><Field FieldID="141" OrdBy="1290" ID="460" Name="Copyright Statement" Type="text"><FieldValue Value="&lt;div class=&quot;content_para&quot;&gt;&lt;p&gt;All rights reserved. No part of these materials may be reproduced or retransmitted in any manner without the prior written permission of the American Association of Clinical Endocrinologists.&lt;/p&gt;&lt;/div&gt;" /></Field></Section><Section SecID="99999" OrdBy="99999" Name="Disclaimer"><Field FieldID="99999" OrdBy="99999" ID="99999" Name="NGC Disclaimer" Type="text"><FieldValue Value="&lt;p&gt;The National Guideline Clearinghouse™ (NGC) does not develop, produce, approve, or endorse the guidelines represented on this site.&lt;/p&gt; &#xD;&#xA;&lt;p&gt;All guidelines summarized by NGC and hosted on our site are produced under the auspices of medical specialty societies, relevant professional associations, public or private organizations, other government agencies, health care organizations or plans, and similar entities.&lt;/p&gt; &#xD;&#xA;&lt;p&gt;Guidelines represented on the NGC Web site are submitted by guideline developers, and are screened solely to determine that they meet the NGC Inclusion Criteria which may be found at &lt;a href=&quot;/about/inclusion-criteria.aspx&quot;&gt;http://www.guideline.gov/about/inclusion-criteria.aspx&lt;/a&gt;.&lt;/p&gt; &#xD;&#xA;&lt;p&gt;NGC, AHRQ, and its contractor ECRI Institute make no warranties concerning the content or clinical efficacy or effectiveness of the clinical practice guidelines and related materials represented on this site. Moreover, the views and opinions of developers or authors of guidelines represented on this site do not necessarily state or reflect those of NGC, AHRQ, or its contractor ECRI Institute, and inclusion or hosting of guidelines in NGC may not be used for advertising or commercial endorsement purposes.&lt;/p&gt; &#xD;&#xA;&lt;p&gt;Readers with questions regarding guideline content are directed to contact the guideline developer.&lt;/p&gt;" /></Field></Section></Version>
