<Version><xmlsource>This XML content was developed by AHRQ's contractor ECRI Institute for the National Guideline Clearinghouse (NGC).</xmlsource><Section SecID="390" OrdBy="100" Name="General"><Field FieldID="161" OrdBy="105" ID="391" Name="Guideline Title" Type="text"><FieldValue Value="&lt;div class=&quot;content_title&quot;&gt;Abatacept for treating rheumatoid arthritis after the failure of conventional disease-modifying anti-rheumatic drugs (rapid review of technology appraisal guidance 234).&lt;/div&gt;" /></Field><Field FieldID="97" OrdBy="110" ID="392" Name="Bibliographic Source(s)" Type="citation"><FieldValue Value="&lt;table&gt;&lt;tr&gt;&lt;td&gt;National Institute for Health and Care Excellence (NICE). Abatacept for treating rheumatoid arthritis after the failure of conventional disease-modifying anti-rheumatic drugs (rapid review of technology appraisal guidance 234). London (UK): National Institute for Health and Care Excellence (NICE); 2013 Apr. 46 p.&amp;nbsp;(Technology appraisal guidance; no. 280).&amp;nbsp;&lt;/td&gt;&lt;/tr&gt;&lt;/table&gt;" /></Field><Field FieldID="120" OrdBy="115" ID="393" Name="Guideline Status" Type="text"><FieldValue Value="&lt;div class=&quot;content_para&quot;&gt;&lt;p&gt;This is the current release of the guideline.&lt;/p&gt;&lt;/div&gt;" /></Field><Field Name ="UMLS Concepts"><FieldValue Value="ICD9CM: Rheumatoid arthritis  (714.0)"/><FieldValue Value="MSH: Antirheumatic Agents ; Arthritis, Rheumatoid ; Drug Therapy, Combination ; Immunoconjugates ; Immunosuppressive Agents ; Methotrexate ; Treatment Failure "/><FieldValue Value="MTH: Antirheumatic Agents ; Combination Drug Therapy ; Immunoconjugates ; Immunosuppressive Agents ; Methotrexate ; Rheumatoid Arthritis ; treatment failure "/><FieldValue Value="PDQ: methotrexate "/><FieldValue Value="SNOMEDCT_US: Abatacept  (421412005); Abatacept  (421777009); Anti-rheumatic agent  (372888006); Anti-rheumatic agent  (88279005); Immunosuppressant  (372823004); Immunosuppressant  (69431002); Methotrexate  (387381009); Methotrexate  (68887009); Rheumatoid arthritis  (69896004)"/></Field></Section><Section SecID="396" OrdBy="300" Name="Scope"><Field FieldID="140" OrdBy="305" ID="397" Name="Disease/Condition(s)" Type="text"><FieldValue Value="&lt;div class=&quot;content_para&quot;&gt;&lt;p&gt;Rheumatoid arthritis&lt;/p&gt;&lt;/div&gt;" /></Field><Field FieldID="103" OrdBy="310" ID="398" Name="Guideline Category" Type="picklist-many"><FieldValue Value="Assessment of Therapeutic Effectiveness" /><FieldValue Value="Treatment" /></Field><Field FieldID="113" OrdBy="315" ID="399" Name="Clinical Specialty" Type="picklist-many"><FieldValue Value="Family Practice" /><FieldValue Value="Internal Medicine" /><FieldValue Value="Rheumatology" /></Field><Field FieldID="114" OrdBy="320" ID="400" Name="Intended Users" Type="picklist-many"><FieldValue Value="Advanced Practice Nurses" /><FieldValue Value="Nurses" /><FieldValue Value="Physician Assistants" /><FieldValue Value="Physicians" /></Field><Field FieldID="129" OrdBy="325" ID="401" Name="Guideline Objective(s)" Type="text"><FieldValue Value="&lt;div class=&quot;content_para&quot;&gt;&lt;p&gt;To evaluate the clinical effectiveness and cost-effectiveness of abatacept for treating rheumatoid arthritis after the failure of conventional disease-modifying anti-rheumatic drugs (DMARDs)&lt;/p&gt;&lt;/div&gt;" /></Field><Field FieldID="132" OrdBy="330" ID="402" Name="Target Population" Type="text"><FieldValue Value="&lt;div class=&quot;content_para&quot;&gt;&lt;p&gt;People with rheumatoid arthritis who have failed conventional disease-modifying anti-rheumatic drugs (DMARDs)&lt;/p&gt;&lt;/div&gt;" /></Field><Field FieldID="133" OrdBy="335" ID="403" Name="Interventions and Practices Considered" Type="text"><FieldValue Value="&lt;div class=&quot;content_para&quot;&gt;&lt;p&gt;Abatacept in combination with methotrexate&lt;/p&gt;&lt;/div&gt;" /></Field><Field FieldID="134" OrdBy="340" ID="404" Name="Major Outcomes Considered" Type="text"><FieldValue Value="&lt;ul style=&quot;list-style-type: disc;&quot;&gt;&#xD;&#xA;    &lt;li&gt;Clinical effectiveness&#xD;&#xA;    &lt;ul style=&quot;list-style-type: disc;&quot;&gt;&#xD;&#xA;        &lt;li&gt;American College of Rheumatology (ACR) 20/50/70 responses &lt;/li&gt;&#xD;&#xA;        &lt;li&gt;Physical functioning &lt;/li&gt;&#xD;&#xA;        &lt;li&gt;Severity of joint damage &lt;/li&gt;&#xD;&#xA;        &lt;li&gt;Morning stiffness &lt;/li&gt;&#xD;&#xA;        &lt;li&gt;Sleep quality &lt;/li&gt;&#xD;&#xA;        &lt;li&gt;Fatigue &lt;/li&gt;&#xD;&#xA;        &lt;li&gt;Patient compliance &lt;/li&gt;&#xD;&#xA;        &lt;li&gt;Disease activity &lt;/li&gt;&#xD;&#xA;        &lt;li&gt;Structural damage &lt;/li&gt;&#xD;&#xA;        &lt;li&gt;Health-related quality of life &lt;/li&gt;&#xD;&#xA;        &lt;li&gt;Adverse events &lt;/li&gt;&#xD;&#xA;    &lt;/ul&gt;&#xD;&#xA;    &lt;/li&gt;&#xD;&#xA;    &lt;li&gt;Cost-effectiveness &lt;/li&gt;&#xD;&#xA;&lt;/ul&gt;" /></Field></Section><Section SecID="405" OrdBy="400" Name="Methodology"><Field FieldID="109" OrdBy="405" ID="406" Name="Methods Used to Collect/Select the Evidence" Type="picklist-many"><FieldValue Value="Searches of Electronic Databases" /></Field><Field FieldID="135" OrdBy="410" ID="407" Name="Description of Methods Used to Collect/Select the Evidence" Type="text"><FieldValue Value="&lt;div class=&quot;content_para&quot;&gt;&lt;p&gt;&lt;strong&gt;Note from the National Guideline Clearinghouse (NGC)&lt;/strong&gt;: The National Institute for Health and Care Excellence (NICE) commissioned an independent academic centre to perform a systematic literature review on the technology considered in this appraisal and prepare an Evidence Review Group (ERG) report. The ERG report for technology appraisal 234 and a subsequent rapid review report &lt;em&gt;Abatacept for treating rheumatoid arthritis after the failure of conventional disease-modifying anti-rheumatic drugs (rapid review of technology appraisal guidance 234)&lt;/em&gt; were prepared by the School of Health and Related Research (ScHARR) (see the &quot;Availability of Companion Documents&quot; field.)&lt;/p&gt;&#xD;&#xA;&lt;p&gt;&lt;strong&gt;&lt;span style=&quot;text-decoration: underline;&quot;&gt;Clinical Effectiveness&lt;/span&gt;&lt;/strong&gt;&lt;/p&gt;&#xD;&#xA;&lt;p&gt;&lt;strong&gt;Critique of the Methods Used by the Manufacturer to Systematically Review Clinical Effectiveness Evidence&lt;/strong&gt;&lt;/p&gt;&#xD;&#xA;&lt;p&gt;&lt;em&gt;Objective of Systematic Review, and Description and Critique of Manufacturer's Search Strategy&lt;/em&gt;&lt;/p&gt;&#xD;&#xA;&lt;p&gt;The manufacturer's submission includes a systematic review of evidence for the clinical effectiveness of abatacept compared with either infliximab or placebo in adults with rheumatoid arthritis (RA) who have had an inadequate response to one or more conventional disease-modifying anti-rheumatic drugs (DMARDs) including methotrexate.&lt;/p&gt;&#xD;&#xA;&lt;p&gt;Searches to identify all relevant randomised controlled trials (RCTs) were conducted in January 2010 and updated in October 2010. The search strategy utilised terms to identify the condition (RA), the intervention (abatacept), and the type of evidence (RCTs); it was said to be closely modelled on the search strategy used by Chen et al., and, whilst inelegant in places, appears to be largely appropriate. However, it included a term limiting findings to studies published in the English language, and no justification for this restriction is provided in the manufacturer's submission.&lt;/p&gt;&#xD;&#xA;&lt;p&gt;Three electronic bibliographic databases were searched: Medline, Embase, and the Cochrane Library. Because research registers such as the National Research Register, Clinical Trials Register, and metaRegister of Controlled Trials were not searched, key data may have been missed, particularly in relation to unpublished data and ongoing trials. Other key databases which were overlooked include the Science Citation Index (Web of Science), BIOSIS, and the Conference Proceedings Index; however, two conference websites, those of the European League Against Rheumatism (EULAR) and the American College of Rheumatology (ACR), were searched for the years 2008 to 2010, and poster publications and unpublished manuscripts were provided by Bristol-Myers Squibb Pharmaceuticals Ltd. Supplementary searches such as citation searching of key papers and scanning of bibliographies of retrieved items were not reported. Nevertheless, the searches were adequate to retrieve important citations relating to all eligible studies of which the ERG and its clinical advisors are aware and, given the nature of the product and the stage of development, it is considered unlikely that the additional sources would have yielded any significant additional data.&lt;/p&gt;&#xD;&#xA;&lt;p&gt;The flow diagram relating to the clinical effectiveness literature searches is described as a QUOROM flow diagram. In fact, it more closely resembles the Preferred Reporting Items for Systematic Reviews and Meta-Analyses (PRISMA) statement flow diagram (&lt;a href=&quot;http://www.prisma-statement.org/statement.htm&quot; title=&quot;PRISMA Web site&quot;&gt;http://www.prisma-statement.org/statement.htm&lt;/a&gt;) which replaced the QUOROM diagram in 2009. The flow diagram appears to be an adequate representation of the study selection process.&lt;/p&gt;&#xD;&#xA;&lt;p&gt;&lt;em&gt;Statement of the Inclusion/Exclusion Criteria Used in the Study Selection, and Whether They Were Appropriate&lt;/em&gt;&lt;/p&gt;&#xD;&#xA;&lt;p&gt;Details of the inclusion and exclusion criteria used in the selection of evidence for the systematic review of clinical effectiveness, as specified in the manufacturer's submission, are summarised&amp;nbsp;in the table below. In the manufacturer's submission, this table was labelled 'eligibility criteria used in search strategy': however, it was presented within the description of the study selection process and clearly relates to the inclusion and exclusion criteria used at that stage.&lt;/p&gt;&#xD;&#xA;&lt;p&gt;With the exception of the exclusion of non-English language studies, which is not justified, the specified inclusion and exclusion criteria are appropriate and reflect the information given in the decision problem.&lt;/p&gt;&#xD;&#xA;&lt;p&gt;&lt;strong&gt;Table. Eligibility Criteria Used in Study Selection (Clinical Effectiveness), as Presented by the Manufacturer&lt;/strong&gt;&lt;/p&gt;&#xD;&#xA;&lt;table border=&quot;1&quot; cellspacing=&quot;1&quot; cellpadding=&quot;3&quot; summary=&quot;Table: Eligibility Criteria Used in Study Selection (Clinical Effectiveness), as Presented by the Manufacturer&quot;&gt;&#xD;&#xA;    &lt;thead&gt;&#xD;&#xA;        &lt;tr&gt;&#xD;&#xA;            &lt;th valign=&quot;top&quot;&gt;Inclusion Criteria&lt;/th&gt;&#xD;&#xA;            &lt;th valign=&quot;top&quot;&gt;Details&lt;/th&gt;&#xD;&#xA;        &lt;/tr&gt;&#xD;&#xA;    &lt;/thead&gt;&#xD;&#xA;    &lt;tbody&gt;&#xD;&#xA;        &lt;tr&gt;&#xD;&#xA;            &lt;td valign=&quot;top&quot;&gt;Population&lt;/td&gt;&#xD;&#xA;            &lt;td valign=&quot;top&quot;&gt;Adult patients with moderate to severe rheumatoid arthritis (RA) who inadequately responded to methotrexate (MTX)&lt;/td&gt;&#xD;&#xA;        &lt;/tr&gt;&#xD;&#xA;        &lt;tr&gt;&#xD;&#xA;            &lt;td valign=&quot;top&quot;&gt;Intervention&lt;/td&gt;&#xD;&#xA;            &lt;td valign=&quot;top&quot;&gt;Abatacept in the proposed indication&lt;/td&gt;&#xD;&#xA;        &lt;/tr&gt;&#xD;&#xA;        &lt;tr&gt;&#xD;&#xA;            &lt;td valign=&quot;top&quot;&gt;Comparators&lt;/td&gt;&#xD;&#xA;            &lt;td valign=&quot;top&quot;&gt;Another biological disease-modifying anti-rheumatic drug (DMARD), a conventional DMARD, or placebo (including 'do nothing' option)&lt;/td&gt;&#xD;&#xA;        &lt;/tr&gt;&#xD;&#xA;        &lt;tr&gt;&#xD;&#xA;            &lt;td valign=&quot;top&quot;&gt;Outcomes&lt;/td&gt;&#xD;&#xA;            &lt;td valign=&quot;top&quot;&gt;Outcomes reported at interim time points, if necessary to enable comparisons across trials over equal time periods, and studies that include the following endpoints:&#xD;&#xA;            &lt;ul style=&quot;list-style-type: disc;&quot;&gt;&#xD;&#xA;                &lt;li&gt;&lt;em&gt;Efficacy parameters&lt;/em&gt;: Change From Baseline in Health Assessment Questionnaire (HAQ) score at 24/28 and 48/54 weeks, ACR20, ACR50, ACR70 response rates at 24/28 weeks and 48/54 weeks &lt;/li&gt;&#xD;&#xA;                &lt;li&gt;&lt;em&gt;Safety parameters&lt;/em&gt;: Withdrawals due to adverse events at 24/28 weeks &lt;/li&gt;&#xD;&#xA;            &lt;/ul&gt;&#xD;&#xA;            &lt;/td&gt;&#xD;&#xA;        &lt;/tr&gt;&#xD;&#xA;        &lt;tr&gt;&#xD;&#xA;            &lt;td valign=&quot;top&quot;&gt;Study Design&lt;/td&gt;&#xD;&#xA;            &lt;td valign=&quot;top&quot;&gt;Human studies; published randomised controlled trials (RCTs) at any phase beyond Phase I that involve &lt;em&gt;de novo&lt;/em&gt; use of the biologic therapies of interest. Open label extensions with parallel design or comparing different doses or schedules of the drug were also considered. RCTs may be blinded or unblinded.&lt;/td&gt;&#xD;&#xA;        &lt;/tr&gt;&#xD;&#xA;        &lt;tr&gt;&#xD;&#xA;            &lt;td valign=&quot;top&quot;&gt;Language Restrictions&lt;/td&gt;&#xD;&#xA;            &lt;td valign=&quot;top&quot;&gt;English&lt;/td&gt;&#xD;&#xA;        &lt;/tr&gt;&#xD;&#xA;        &lt;tr&gt;&#xD;&#xA;            &lt;th valign=&quot;top&quot;&gt;Exclusion Criteria&lt;/th&gt;&#xD;&#xA;            &lt;th valign=&quot;top&quot;&gt;Details&lt;/th&gt;&#xD;&#xA;        &lt;/tr&gt;&#xD;&#xA;        &lt;tr&gt;&#xD;&#xA;            &lt;td valign=&quot;top&quot;&gt;Population&lt;/td&gt;&#xD;&#xA;            &lt;td valign=&quot;top&quot;&gt;Disease other than RA; patients with early RA; paediatric patients&lt;/td&gt;&#xD;&#xA;        &lt;/tr&gt;&#xD;&#xA;        &lt;tr&gt;&#xD;&#xA;            &lt;td valign=&quot;top&quot;&gt;Interventions&lt;/td&gt;&#xD;&#xA;            &lt;td valign=&quot;top&quot;&gt;Other biologic therapies; conventional DMARDs&lt;/td&gt;&#xD;&#xA;        &lt;/tr&gt;&#xD;&#xA;        &lt;tr&gt;&#xD;&#xA;            &lt;td valign=&quot;top&quot;&gt;Outcomes&lt;/td&gt;&#xD;&#xA;            &lt;td valign=&quot;top&quot;&gt;Laboratory measures aimed at investigating disease or treatment mechanisms; no reported relevant clinical outcome&lt;/td&gt;&#xD;&#xA;        &lt;/tr&gt;&#xD;&#xA;        &lt;tr&gt;&#xD;&#xA;            &lt;td valign=&quot;top&quot;&gt;Study Design&lt;/td&gt;&#xD;&#xA;            &lt;td valign=&quot;top&quot;&gt;Non-randomised and uncontrolled trials (unless an extension of an included RCT); conversion/crossover or switch studies; pharmacokinetic studies; observational studies; reviews; update or commentaries on data published elsewhere; case reports; letters to the editor; animal or in vitro studies&lt;/td&gt;&#xD;&#xA;        &lt;/tr&gt;&#xD;&#xA;        &lt;tr&gt;&#xD;&#xA;            &lt;td valign=&quot;top&quot;&gt;Language Restrictions&lt;/td&gt;&#xD;&#xA;            &lt;td valign=&quot;top&quot;&gt;Non-English&lt;/td&gt;&#xD;&#xA;        &lt;/tr&gt;&#xD;&#xA;    &lt;/tbody&gt;&#xD;&#xA;&lt;/table&gt;&#xD;&#xA;&lt;p&gt;&lt;em&gt;Details of Relevant Studies Which Were Not Discussed in the Submission&lt;/em&gt;&lt;/p&gt;&#xD;&#xA;&lt;p&gt;Because of time constraints, it was not possible to conduct independent searches of the electronic databases to verify whether the manufacturer's submission included all published studies which compared abatacept with a relevant comparator in the relevant population. However, the manufacturer's Medline search strategy was rerun: it failed to identify one of the major publications from the AIM study, and may therefore also have missed other relevant publications. Moreover, it is not clear whether any relevant studies were excluded by the restriction of the searches to English language papers.&lt;/p&gt;&#xD;&#xA;&lt;p&gt;The ERG team also searched ClinicalTrials.gov (&lt;a href=&quot;http://clinicaltrials.gov&quot; title=&quot;Clinicaltrials.gov Web site&quot; target=&quot;_blank&quot;&gt;http://clinicaltrials.gov&lt;/a&gt;), and identified one additional relevant study which was said to have available results.&lt;/p&gt;&#xD;&#xA;&lt;p&gt;Two relevant articles relating to studies identified by the manufacturer&amp;rsquo;s systematic review were not referenced in the manufacturer's submission.&lt;/p&gt;&#xD;&#xA;&lt;p&gt;The manufacturer's systematic review of clinical effectiveness was limited to studies which compared abatacept with either infliximab or placebo. It is implied, but not stated, that no studies were identified which compared abatacept directly with adalimumab, certolizumab pegol, etanercept, or golimumab.&lt;/p&gt;&#xD;&#xA;&lt;p&gt;See Section 4 of the original ERG report for additional details regarding the manufacturer's search strategy.&lt;/p&gt;&#xD;&#xA;&lt;p&gt;&lt;strong&gt;&lt;span style=&quot;text-decoration: underline;&quot;&gt;Cost-Effectiveness&lt;/span&gt;&lt;/strong&gt;&lt;/p&gt;&#xD;&#xA;&lt;p&gt;The manufacturer provided a systematic review of previous economic evaluation of biologic and conventional DMARDs. Whilst useful in providing background information and an indication of the likely cost-effectiveness of abatacept, none of these studies adequately addressed the decision problem and the focus of the cost-effectiveness sections of the original ERG report is the &lt;em&gt;de novo&lt;/em&gt; model submitted by the manufacturer. A brief summary is provided of two studies that explicitly incorporated abatacept although both have limitations. Refer to Section 5.1 of the original ERG report for more information.&lt;/p&gt;&lt;/div&gt;" /></Field><Field FieldID="136" OrdBy="415" ID="408" Name="Number of Source Documents" Type="text"><FieldValue Value="&lt;div class=&quot;content_para&quot;&gt;&lt;p&gt;&lt;strong&gt;Clinical Effectiveness&lt;/strong&gt;&lt;/p&gt;&#xD;&#xA;&lt;ul style=&quot;list-style-type: disc;&quot;&gt;&#xD;&#xA;    &lt;li&gt;Four randomised controlled trials (RTCs) were identified &lt;/li&gt;&#xD;&#xA;    &lt;li&gt;Four non-RTC's were identified (3 long-term extension [LTE] studies and 1 integrated analysis of abatacept trials) &lt;/li&gt;&#xD;&#xA;&lt;/ul&gt;&#xD;&#xA;&lt;p&gt;&lt;strong&gt;Cost-Effectiveness&lt;/strong&gt;&lt;/p&gt;&#xD;&#xA;&lt;ul style=&quot;list-style-type: disc;&quot;&gt;&#xD;&#xA;    &lt;li&gt;No published cost-effectiveness studies were identified &lt;/li&gt;&#xD;&#xA;    &lt;li&gt;The manufacturer submitted an economic model &lt;/li&gt;&#xD;&#xA;&lt;/ul&gt;&lt;/div&gt;" /></Field><Field FieldID="115" OrdBy="420" ID="409" Name="Methods Used to Assess the Quality and Strength of the Evidence" Type="picklist-choice"><FieldValue Value="Expert Consensus" /></Field><Field FieldID="149" OrdBy="425" ID="410" Name="Rating Scheme for the Strength of the Evidence" Type="text"><FieldValue Value="&lt;div class=&quot;content_para&quot;&gt;&lt;p&gt;Not applicable&lt;/p&gt;&lt;/div&gt;" /></Field><Field FieldID="116" OrdBy="430" ID="411" Name="Methods Used to Analyze the Evidence" Type="picklist-many"><FieldValue Value="Meta-Analysis" /><FieldValue Value="Review of Published Meta-Analyses" /><FieldValue Value="Systematic Review with Evidence Tables" /></Field><Field FieldID="150" OrdBy="435" ID="412" Name="Description of the Methods Used to Analyze the Evidence" Type="text"><FieldValue Value="&lt;div class=&quot;content_para&quot;&gt;&lt;p&gt;&lt;strong&gt;Note from the National Guideline Clearinghouse (NGC)&lt;/strong&gt;: The National Institute for Health and Care Excellence (NICE) commissioned an independent academic centre to perform a systematic literature review on the technology considered in this appraisal and prepare an Evidence Review Group (ERG) report. The ERG report for technology appraisal 234 and a subsequent rapid review report &lt;em&gt;Abatacept for treating rheumatoid arthritis after the failure of conventional disease-modifying anti-rheumatic drugs (rapid review of technology appraisal guidance 234)&lt;/em&gt; were prepared by the School of Health and Related Research (ScHARR) (see the &quot;Availability of Companion Documents&quot; field).&lt;/p&gt;&#xD;&#xA;&lt;p&gt;&lt;strong&gt;&lt;span style=&quot;text-decoration: underline;&quot;&gt;Clinical Effectiveness&lt;/span&gt;&lt;/strong&gt;&lt;/p&gt;&#xD;&#xA;&lt;p&gt;&lt;strong&gt;Description and Critique of the Manufacturer's Approach to Validity Assessment&lt;/strong&gt;&lt;/p&gt;&#xD;&#xA;&lt;p&gt;Table 6 of the original ERG report (see the &quot;Availability of Companion Documents&quot; field) provides quality assessment of included trials. See Section 4.1.5 of the ERG report for additional detail on validity assessment.&lt;/p&gt;&#xD;&#xA;&lt;p&gt;&lt;strong&gt;Description and Critique of the Statistical Approach Used Within Each Relevant Trial&lt;/strong&gt;&lt;/p&gt;&#xD;&#xA;&lt;p&gt;The statistical analyses used in the randomised controlled trials included in the clinical effectiveness section are summarised in Table 8 in the ERG report. They are generally acceptable. However, it should be noted that, in the Kremer Phase 2b study, the objective is based on response rates at 6 months, whereas the main analysis with adjustment for multiple comparisons is based on response rates at 12 month. In the ATTEST study, the alternative hypothesis does not specify the size of the treatment effect which the study was designed to detect. Furthermore, the statement that &quot;the &amp;chi;&lt;sup&gt;2&lt;/sup&gt; test was performed to evaluate the differences (and 95% confidence intervals) between the abatacept or infliximab groups and placebo&quot; should specify the variables. The absence of information relating to the power calculation used in study IM101-119 is unfortunate, particularly as the results suggest that it may have been underpowered in relation to all outcomes, including its primary outcome (see Section 4.2.1 of the original ERG report).&lt;/p&gt;&#xD;&#xA;&lt;p&gt;&lt;strong&gt;Subgroup Analyses&lt;/strong&gt;&lt;/p&gt;&#xD;&#xA;&lt;p&gt;The manufacturer's submission states that, in the AIM trial, subgroup analyses were performed by age, gender, race, geographic region, duration of rheumatoid arthritis, swollen joint count (SJC), tender joint count (TJC), C-reactive protein (CRP) levels, weight, Genant-Modified Sharp (GMS) total score, Health Assessment Questionnaire Disability Index (HAQ-DI), and ACR responses at Day 169, wherever applicable, while in the ATTEST trial, subgroup analyses were performed by age, gender, race, geographic region, duration of rheumatoid arthritis, SJC, TJC, CRP levels and rheumatoid factor (RF) status. These analyses were performed to comply with the ethical guidelines for clinical trials. No statistical testing was performed for these subgroups because they were not powered to detect any differences between the treatment groups, but the analyses were held to demonstrate the consistency and robustness of efficacy results across different subpopulations and compared to the entire study population. Further clarification obtained from the manufacturer emphasised that subgroup analyses by baseline disease severity and level of inflammation were performed to check the robustness of the studies, and whether the overall study results were driven by a specific subgroup of patients with greater disease severity at baseline. The results of such analyses were not presented in the manufacturer's submission.&lt;/p&gt;&#xD;&#xA;&lt;p&gt;No subgroup analyses were performed in the Kremer Phase 2b trial.&lt;/p&gt;&#xD;&#xA;&lt;p&gt;Refer to Section 4.1.7 of the original ERG report for a description and critique of the manufacturer&amp;rsquo;s approach to outcome selection within each relevant trial and to Section 4.1.8 for a discussion of the extent to which each relevant trial includes the patient population(s), intervention(s), comparator(s) and outcomes as defined in the final scope.&lt;/p&gt;&#xD;&#xA;&lt;p&gt;&lt;strong&gt;&lt;span style=&quot;text-decoration: underline;&quot;&gt;Cost-Effectiveness&lt;/span&gt;&lt;/strong&gt;&lt;/p&gt;&#xD;&#xA;&lt;p&gt;&lt;strong&gt;Original Cost-Effectiveness Analysis&lt;/strong&gt;&lt;/p&gt;&#xD;&#xA;&lt;p&gt;&lt;em&gt;Summary and Critique of Manufacturer's Submitted Economic Evaluation&lt;/em&gt;&lt;/p&gt;&#xD;&#xA;&lt;p&gt;The manufacturer supplied a simulation model written within Microsoft Excel. The model was relatively more complex that most seen by the ERG due to the incorporation of user-defined functions and a large number of defined names. The omission of a glossary of names and description of the functions increased the time required to review and validate the model. It is unclear whether the structure of the model contributed to a serious error that was identified by the ERG that is detailed in the ERG report.&lt;/p&gt;&#xD;&#xA;&lt;p&gt;The illustration of the model that was submitted by the manufacturer has been replicated in Figure 1 of the ERG report. Further explanation (written by the ERG) has been provided after this figure.&lt;/p&gt;&#xD;&#xA;&lt;p&gt;The model attempted to incorporate both individual patient level uncertainty where the starting characteristics (such as age, weight, and HAQ score) and response to treatment and whether a patient suffers an adverse event are simulated for each patient, as well as the parameter uncertainty for values such as the rate of serious adverse events or change in baseline HAQ for an intervention. Exploratory analyses were undertaken by the manufacturer to determine the level of individual patients (8,000) required to achieve a stable answer. Due to the computational time necessary to undertake probabilistic sensitivity analyses, the number of patients in each run was reduced to 1,000 with the manufacturer assuming that 500 sets of parameter values were required to produce stable answers. The ERG comment that there was some variability in results using the same parameter inputs when the patient numbers were reduced to 1,000 but note that the standard deviation between 10 runs of 1,000 patients was never more than 1% of the mean value and thus the reduction in the number of individual patients simulated would not overly effect the results. However, as is detailed in the ERG report, there was a serious error in the actual implementation of the parameter uncertainty.&lt;/p&gt;&#xD;&#xA;&lt;p&gt;See Section 5 of the original ERG report for additional information on the cost-effectiveness analysis.&lt;/p&gt;&#xD;&#xA;&lt;p&gt;&lt;em&gt;Additional Work Undertaken by the ERG&lt;/em&gt;&lt;/p&gt;&#xD;&#xA;&lt;p&gt;The ERG amended some of the identified errors, and undertook five analyses (objective, optimistic, favourable, pessimistic, and hybrid) in order to provide the appraisal committee with additional information to evaluate the cost-effectiveness of abatacept in rheumatoid arthritis after the failure of conventional disease-modifying anti-rheumatic drugs.&lt;/p&gt;&#xD;&#xA;&lt;p&gt;See Section 6 of the original ERG report for additional information on work undertaken by the ERG.&lt;/p&gt;&#xD;&#xA;&lt;p&gt;&lt;strong&gt;Updated Cost-Effectiveness Analysis in the Rapid Review&lt;/strong&gt;&lt;/p&gt;&#xD;&#xA;&lt;p&gt;The Rapid Review report contains a critique of a rapid review of abatacept for the treatment of rheumatoid arthritis after the failure of conventional DMARDS initiated by Bristol-Myers Squibb Pharmaceuticals Ltd following the agreement of a patient access scheme (PAS) with the Department of Health. The PAS is a simple discount that will be applied to the current National Health Service (NHS) list price of abatacept.&lt;/p&gt;&#xD;&#xA;&lt;p&gt;The manufacturer submitted new evidence to support a claim for cost-effectiveness following the PAS, and the Rapid Review report provides a critique of the evidenced contained therein.&lt;/p&gt;&#xD;&#xA;&lt;p&gt;The manufacturer made three changes to the model previously submitted. These were:&lt;/p&gt;&#xD;&#xA;&lt;ol style=&quot;list-style-type: decimal;&quot; start=&quot;1&quot;&gt;&#xD;&#xA;    &lt;li&gt;Changing the cost of abatacept to reflect the PAS &lt;/li&gt;&#xD;&#xA;    &lt;li&gt;Removing the vial wastage assumption for infliximab &lt;/li&gt;&#xD;&#xA;    &lt;li&gt;Removing the assumption of dose escalation for etanercept, adalimumab and infliximab &lt;/li&gt;&#xD;&#xA;&lt;/ol&gt;&lt;/div&gt;" /></Field><Field FieldID="112" OrdBy="440" ID="413" Name="Methods Used to Formulate the Recommendations" Type="picklist-choice"><FieldValue Value="Expert Consensus" /></Field><Field FieldID="145" OrdBy="445" ID="414" Name="Description of Methods Used to Formulate the Recommendations" Type="text"><FieldValue Value="&lt;div class=&quot;content_para&quot;&gt;&lt;p&gt;&lt;strong&gt;Considerations&lt;/strong&gt;&lt;/p&gt;&#xD;&#xA;&lt;p&gt;Technology appraisal recommendations are based on a review of clinical and economic evidence.&lt;/p&gt;&#xD;&#xA;&lt;p&gt;&lt;strong&gt;Technology Appraisal Process&lt;/strong&gt;&lt;/p&gt;&#xD;&#xA;&lt;p&gt;The National Institute for Health and Care Excellence (NICE) invites 'consultee' and 'commentator' organisations to take part in the appraisal process. Consultee organisations include national groups representing patients and carers, the bodies representing health professionals, and the manufacturers of the technology under review. Consultees are invited to submit evidence during the appraisal and to comment on the appraisal documents.&lt;/p&gt;&#xD;&#xA;&lt;p&gt;Commentator organisations include manufacturers of the products with which the technology is being compared, the National Health Service (NHS) Quality Improvement Scotland and research groups working in the area. They can comment on the evidence and other documents but are not asked to submit evidence themselves.&lt;/p&gt;&#xD;&#xA;&lt;p&gt;NICE then commissions an independent academic centre to review published evidence on the technology and prepare an 'assessment report'. Consultees and commentators are invited to comment on the report. The assessment report and the comments on it are then drawn together in a document called the evaluation report.&lt;/p&gt;&#xD;&#xA;&lt;p&gt;An independent Appraisal Committee then considers the evaluation report. It holds a meeting where it hears direct, spoken evidence from nominated clinical experts, patients and carers. The Committee uses all the evidence to make its first recommendations, in a document called the 'appraisal consultation document' (ACD). NICE sends all the consultees and commentators a copy of this document and posts it on the NICE Web site. Further comments are invited from everyone taking part.&lt;/p&gt;&#xD;&#xA;&lt;p&gt;When the Committee meets again it considers any comments submitted on the ACD; then it prepares its final recommendations in a document called the 'final appraisal determination' (FAD). This is submitted to NICE for approval.&lt;/p&gt;&#xD;&#xA;&lt;p&gt;Consultees have a chance to appeal against the final recommendations in the FAD. If there are no appeals, the final recommendations become the basis of the guidance that NICE issues.&lt;/p&gt;&#xD;&#xA;&lt;p&gt;&lt;strong&gt;Who Is on the Appraisal Committee?&lt;/strong&gt;&lt;/p&gt;&#xD;&#xA;&lt;p&gt;NICE technology appraisal recommendations are prepared by an independent committee. This includes health professionals working in the NHS and people who are familiar with the issues affecting patients, and carers. Although the Appraisal Committee seeks the views of organisations representing health professionals, patients, carers, manufacturers and government, its advice is independent of any vested interests.&lt;/p&gt;&lt;/div&gt;" /></Field><Field FieldID="146" OrdBy="450" ID="415" Name="Rating Scheme for the Strength of the Recommendations" Type="text"><FieldValue Value="&lt;div class=&quot;content_para&quot;&gt;&lt;p&gt;Not applicable&lt;/p&gt;&lt;/div&gt;" /></Field><Field FieldID="148" OrdBy="460" ID="417" Name="Cost Analysis" Type="text"><FieldValue Value="&lt;div class=&quot;content_para&quot;&gt;&lt;p&gt;&lt;strong&gt;&lt;span style=&quot;text-decoration: underline;&quot;&gt;Summary of Appraisal Committee's Key Conclusions&lt;/span&gt;&lt;/strong&gt;&lt;/p&gt;&#xD;&#xA;&lt;p&gt;&lt;strong&gt;Availability and Nature of Evidence&lt;/strong&gt;&lt;/p&gt;&#xD;&#xA;&lt;p&gt;After publication of the National Institute for Health and Care Excellence (NICE) technology appraisal guidance 234, the manufacturer submitted a patient access scheme for abatacept for the Committee to consider in a rapid review of the original guidance, which used the economic model from NICE technology appraisal guidance 234.&lt;/p&gt;&#xD;&#xA;&lt;p&gt;&lt;strong&gt;Uncertainties Around and Plausibility of Assumptions and Inputs in the Economic Model&lt;/strong&gt;&lt;/p&gt;&#xD;&#xA;&lt;p&gt;The Committee had discussed the manufacturer's model in NICE technology appraisal guidance 234 and had concerns around a number of assumptions in the model.&lt;/p&gt;&#xD;&#xA;&lt;p&gt;The Committee recognised that 2 of these uncertainties (Health Assessment Questionnaire [HAQ] score on disease progression and exclusion of productivity costs) had been addressed by the Evidence Review Group (ERG) as part of their exploratory analysis based on the manufacturer's rapid review submission.&lt;/p&gt;&#xD;&#xA;&lt;p&gt;However, the Committee accepted that the other uncertainties remained but could not be addressed in the time frame of a rapid review.&lt;/p&gt;&#xD;&#xA;&lt;p&gt;&lt;strong&gt;Incorporation of Health-Related Quality-of-Life Benefits and Utility Values. Have Any Potential Significant and Substantial Health-Related Benefits Been Identified That Were Not Included in the Economic Model, and How Have They Been Considered?&lt;/strong&gt;&lt;/p&gt;&#xD;&#xA;&lt;p&gt;No additional considerations from those noted in the original appraisal were discussed in the rapid review.&lt;/p&gt;&#xD;&#xA;&lt;p&gt;&lt;strong&gt;Are There Specific Groups of People for Whom the Technology Is Particularly Cost-Effective?&lt;/strong&gt;&lt;/p&gt;&#xD;&#xA;&lt;p&gt;Not applicable.&lt;/p&gt;&#xD;&#xA;&lt;p&gt;&lt;strong&gt;What Are the Key Drivers of Cost-Effectiveness?&lt;/strong&gt;&lt;/p&gt;&#xD;&#xA;&lt;p&gt;Assumptions on the dose of infliximab and on vial sharing for infliximab, and the length of the time horizon had the largest impact on the incremental cost-effectiveness ratio (ICER).&lt;/p&gt;&#xD;&#xA;&lt;p&gt;The manufacturer updated the assumptions relating to the dose and vial sharing of infliximab in its rapid review submission.&lt;/p&gt;&#xD;&#xA;&lt;p&gt;&lt;strong&gt;Most Likely Cost-Effectiveness Estimate (Given as an ICER)&lt;/strong&gt;&lt;/p&gt;&#xD;&#xA;&lt;p&gt;The Committee concluded that the cost-effectiveness of abatacept plus methotrexate (with the patient access scheme) is comparable with that of other biological disease-modifying anti-rheumatic drugs (DMARDs) recommended by NICE, with an ICER of less than &amp;pound;30,000 per QALY gained compared with conventional DMARDs.&lt;/p&gt;&lt;/div&gt;" /></Field><Field FieldID="104" OrdBy="465" ID="418" Name="Method of Guideline Validation" Type="picklist-choice"><FieldValue Value="External Peer Review" /></Field><Field FieldID="130" OrdBy="470" ID="419" Name="Description of Method of Guideline Validation" Type="text"><FieldValue Value="&lt;div class=&quot;content_para&quot;&gt;&lt;p&gt;Consultee organisations from the following groups were invited to comment on the draft scope, Assessment Report and the Appraisal Consultation Document (ACD) and were provided with the opportunity to appeal against the Final Appraisal Determination.&lt;/p&gt;&#xD;&#xA;&lt;ul style=&quot;list-style-type: disc;&quot;&gt;&#xD;&#xA;    &lt;li&gt;Manufacturer/sponsors &lt;/li&gt;&#xD;&#xA;    &lt;li&gt;Professional/specialist and patient/carer groups &lt;/li&gt;&#xD;&#xA;    &lt;li&gt;Commentator organisations (without the right of appeal) &lt;/li&gt;&#xD;&#xA;&lt;/ul&gt;&#xD;&#xA;&lt;p&gt;In addition, individuals selected from clinical expert and patient advocate nominations from the professional/specialist and patient/carer groups were also invited to comment on the ACD.&lt;/p&gt;&lt;/div&gt;" /></Field></Section><Section SecID="420" OrdBy="500" Name="Recommendations"><Field FieldID="151" OrdBy="505" ID="421" Name="Major Recommendations" Type="text"><FieldValue Value="&lt;div class=&quot;content_para&quot;&gt;&lt;p&gt;This guidance replaces National Institute for Health and Care Excellence (NICE) technology appraisal guidance 234 issued in August 2011.&lt;/p&gt;&#xD;&#xA;&lt;p&gt;Abatacept in combination with methotrexate is recommended as an option for treating rheumatoid arthritis in adults whose disease has responded inadequately to 2 conventional disease-modifying anti-rheumatic drugs (DMARDs), including methotrexate, only if:&lt;/p&gt;&#xD;&#xA;&lt;ul style=&quot;list-style-type: disc;&quot;&gt;&#xD;&#xA;    &lt;li&gt;It is used in accordance with the recommendations for other biological DMARDs in Adalimumab, etanercept and infliximab for the treatment of rheumatoid arthritis (NICE technology appraisal guidance 130) &lt;strong&gt;and&lt;/strong&gt; &lt;/li&gt;&#xD;&#xA;    &lt;li&gt;The manufacturer provides abatacept with the discount agreed in the patient access scheme. &lt;/li&gt;&#xD;&#xA;&lt;/ul&gt;&#xD;&#xA;&lt;p&gt;People currently receiving abatacept whose disease does not meet the criteria above should be able to continue treatment until they and their clinician consider it appropriate to stop.&lt;/p&gt;&lt;/div&gt;" /></Field><Field FieldID="138" OrdBy="515" ID="423" Name="Clinical Algorithm(s)" Type="text"><FieldValue Value="&lt;div class=&quot;content_para&quot;&gt;&lt;p&gt;A National Institute for Health and Care Excellence (NICE) pathway for rheumatoid arthritis is available on the &lt;a href=&quot;http://pathways.nice.org.uk/pathways/rheumatoid-arthritis&quot; title=&quot;NICE Web site&quot;&gt;NICE Web site&lt;/a&gt;.&lt;/p&gt;&lt;/div&gt;" /></Field></Section><Section SecID="424" OrdBy="600" Name="Evidence Supporting the Recommendations"><Field FieldID="139" OrdBy="610" ID="426" Name="Type of Evidence Supporting the Recommendations" Type="text"><FieldValue Value="&lt;div class=&quot;content_para&quot;&gt;&lt;p&gt;The type of evidence supporting the recommendations is not specifically stated for each recommendation.&lt;/p&gt;&#xD;&#xA;&lt;p&gt;The Appraisal Committee considered clinical and cost-effectiveness evidence submitted by the manufacturer of abatacept and a review of this submission by the Evidence Review Group (ERG). The main clinical effectiveness evidence came from randomised controlled trials. For cost-effectiveness, the Appraisal Committee considered an economic model submitted by the manufacturer.&lt;/p&gt;&lt;/div&gt;" /></Field></Section><Section SecID="427" OrdBy="700" Name="Benefits/Harms of Implementing the Guideline Recommendations"><Field FieldID="152" OrdBy="705" ID="428" Name="Potential Benefits" Type="text"><FieldValue Value="&lt;div class=&quot;content_para&quot;&gt;&lt;p&gt;Appropriate use of abatacept for treating rheumatoid arthritis after the failure of conventional disease-modifying anti-rheumatic drugs&lt;/p&gt;&lt;/div&gt;" /></Field><Field FieldID="153" OrdBy="710" ID="429" Name="Potential Harms" Type="text"><FieldValue Value="&lt;div class=&quot;content_para&quot;&gt;&lt;p&gt;Common adverse effects of abatacept therapy include infections, sepsis and pneumonia.&lt;/p&gt;&lt;/div&gt;" /></Field></Section><Section SecID="430" OrdBy="800" Name="Contraindications"><Field FieldID="144" OrdBy="805" ID="431" Name="Contraindications" Type="text"><FieldValue Value="&lt;div class=&quot;content_para&quot;&gt;&lt;p&gt;Abatacept is contraindicated in people with severe, uncontrolled or opportunistic infections.&lt;/p&gt;&#xD;&#xA;&lt;p&gt;For full details of side effects and contraindications, see the summary of product characteristics available at &lt;a href=&quot;http://emc.medicines.org.uk/&quot; title=&quot;E-medicine Web site&quot;&gt;http://emc.medicines.org.uk/&lt;/a&gt;.&lt;/p&gt;&lt;/div&gt;" /></Field></Section><Section SecID="432" OrdBy="900" Name="Qualifying Statements"><Field FieldID="137" OrdBy="905" ID="433" Name="Qualifying Statements" Type="text"><FieldValue Value="&lt;ul style=&quot;list-style-type: disc;&quot;&gt;&#xD;&#xA;    &lt;li&gt;This guidance represents the views of the National Institute for Health and Care Excellence (NICE) and was arrived at after careful consideration of the evidence available. Healthcare professionals are expected to take it fully into account when exercising their clinical judgement. However, the guidance does not override the individual responsibility of healthcare professionals to make decisions appropriate to the circumstances of the individual patient, in consultation with the patient and/or guardian or carer. &lt;/li&gt;&#xD;&#xA;    &lt;li&gt;Implementation of this guidance is the responsibility of local commissioners and/or providers. Commissioners and providers are reminded that it is their responsibility to implement the guidance, in their local context, in light of their duties to have due regard to the need to eliminate unlawful discrimination, advance equality of opportunity and foster good relations. Nothing in this guidance should be interpreted in a way that would be inconsistent with compliance with those duties. &lt;/li&gt;&#xD;&#xA;&lt;/ul&gt;" /></Field></Section><Section SecID="434" OrdBy="1000" Name="Implementation of the Guideline"><Field FieldID="131" OrdBy="1010" ID="436" Name="Description of Implementation Strategy" Type="text"><FieldValue Value="&lt;ul style=&quot;list-style-type: disc;&quot;&gt;&#xD;&#xA;    &lt;li&gt;Section 7(6) of the National Institute for Health and Care Excellence (NICE) (Constitution and Functions) and the Health and Social Care Information Centre (Functions) Regulations 2013 requires clinical commissioning groups, National Health Service (NHS) England and, with respect to their public health functions, local authorities to comply with the recommendations in this appraisal within 3 months of its date of publication. &lt;/li&gt;&#xD;&#xA;    &lt;li&gt;When NICE recommends a treatment 'as an option', the NHS must make sure it is available within the period set out in the paragraph above. This means that, if a patient has rheumatoid arthritis that has responded inadequately to 2 conventional disease-modifying anti-rheumatic drugs (DMARDs), including methotrexate, and the doctor responsible for their care thinks that abatacept is the right treatment, it should be available for use, in line with NICE's recommendations. &lt;/li&gt;&#xD;&#xA;    &lt;li&gt;The Department of Health and the manufacturer have agreed that abatacept will be available to the NHS with a patient access scheme which makes abatacept available with a discount. The size of the discount is commercial in confidence. It is the responsibility of the manufacturer to communicate details of the discount to the relevant NHS organisations. Any enquiries from NHS organisations about the patient access scheme should be directed to BMS Customer Services (Chester), phone number 01244 586250, or to the following e-mail address: &lt;a href=&quot;mailto:mg-ukpasadmin@bms.com&quot;&gt;mg-ukpasadmin@bms.com&lt;/a&gt;. &lt;/li&gt;&#xD;&#xA;    &lt;li&gt;NICE has developed a tool to help organisations put this guidance into practice (listed below). This is available on the&amp;nbsp;&lt;a href=&quot;http://guidance.nice.org.uk/TA280&quot; title=&quot;NICE Web site&quot;&gt;NICE Web site&lt;/a&gt; (see also the &quot;Availability of Companion Documents&quot; field):&#xD;&#xA;    &lt;ul style=&quot;list-style-type: disc;&quot;&gt;&#xD;&#xA;        &lt;li&gt;A costing statement explaining the resource impact of this guidance. &lt;/li&gt;&#xD;&#xA;    &lt;/ul&gt;&#xD;&#xA;    &lt;/li&gt;&#xD;&#xA;&lt;/ul&gt;" /></Field><Field FieldID="117" OrdBy="1015" ID="437" Name="Implementation Tools" Type="picklist-many"><FieldValue Value="Clinical Algorithm" /><FieldValue Value="Patient Resources" /><FieldValue Value="Resources" /></Field></Section><Section SecID="439" OrdBy="1100" Name="Institute of Medicine (IOM) National Healthcare Quality Report Categories"><Field FieldID="50" OrdBy="1105" ID="440" Name="IOM Care Need" Type="picklist-many"><FieldValue Value="Living with Illness" /></Field><Field FieldID="51" OrdBy="1110" ID="441" Name="IOM Domain" Type="picklist-many"><FieldValue Value="Effectiveness" /><FieldValue Value="Patient-centeredness" /></Field></Section><Section SecID="442" OrdBy="1200" Name="Identifying Information and Availability"><Field FieldID="97" OrdBy="1201" ID="392" Name="Bibliographic Source(s)" Type="citation"><FieldValue Value="&lt;table&gt;&lt;tr&gt;&lt;td&gt;National Institute for Health and Care Excellence (NICE). Abatacept for treating rheumatoid arthritis after the failure of conventional disease-modifying anti-rheumatic drugs (rapid review of technology appraisal guidance 234). London (UK): National Institute for Health and Care Excellence (NICE); 2013 Apr. 46 p.&amp;nbsp;(Technology appraisal guidance; no. 280).&amp;nbsp;&lt;/td&gt;&lt;/tr&gt;&lt;/table&gt;" /></Field><Field FieldID="124" OrdBy="1205" ID="443" Name="Adaptation" Type="text"><FieldValue Value="&lt;div class=&quot;content_para&quot;&gt;&lt;p&gt;Not applicable: The guideline was not adapted from another source.&lt;/p&gt;&lt;/div&gt;" /></Field><Field FieldID="128" OrdBy="1215" ID="445" Name="Date Released" Type="text"><FieldValue Value="2013 Apr" /></Field><Field FieldID="158" OrdBy="1225" ID="447" Name="Guideline Developer(s)" Type="orglist-p"><FieldValue Value="National Institute for Health and Care Excellence (NICE) - National Government Agency [Non-U.S.]" /></Field><Field FieldID="125" OrdBy="1235" ID="449" Name="Source(s) of Funding" Type="text"><FieldValue Value="&lt;div class=&quot;content_para&quot;&gt;&lt;p&gt;National Institute for Health and Care Excellence (NICE)&lt;/p&gt;&lt;/div&gt;" /></Field><Field FieldID="126" OrdBy="1240" ID="450" Name="Guideline Committee" Type="text"><FieldValue Value="&lt;div class=&quot;content_para&quot;&gt;&lt;p&gt;Appraisal Committee&lt;/p&gt;&lt;/div&gt;" /></Field><Field FieldID="127" OrdBy="1245" ID="451" Name="Composition of Group That Authored the Guideline" Type="text"><FieldValue Value="&lt;div class=&quot;content_para&quot;&gt;&lt;p&gt;&lt;em&gt;Committee Members&lt;/em&gt;: Dr Amanda Adler (&lt;em&gt;Chair&lt;/em&gt;), Consultant Physician, Addenbrooke's Hospital; Professor Ken Stein (&lt;em&gt;Vice Chair&lt;/em&gt;), Professor of Public Health, Peninsula Technology Assessment Group (PenTAG), University of Exeter; Dr Ray Armstrong, Consultant Rheumatologist, Southampton General Hospital; Dr Jeff Aronson, Reader in Clinical Pharmacology, University Department of Primary Health Care, University of Oxford; Dr Peter Barry, Consultant in Paediatric Intensive Care, Leicester Royal Infirmary; Professor John Cairns, Professor of Health Economics Public Health and Policy, London School of Hygiene and Tropical Medicine; Dr Mark Chakravarty, External Relations Director &amp;ndash; Pharmaceuticals &amp;amp; Personal Health, Oral Care Europe; Professor Fergus Gleeson, Consultant Radiologist, Churchill Hospital, Oxford; Professor Daniel Hochhauser, Consultant in Medical Oncology; Dr Neil Iosson, General Practitioner; Anne Joshua, Associate Director of Pharmacy, National Health Service (NHS) Direct; Mr Terence Lewis, Lay Member; Dr Ruairidh Milne, Director of Strategy and Development and Director for Public Health Research at the NIHR Evaluation, Trials and Studies Coordinating Centre at the University of Southampton; Dr Rubin Minhas, General Practitioner and Clinical Director, BMJ Evidence Centre; Dr Elizabeth Murray, Reader in Primary Care, University College London; Dr Peter Norrie, Principal Lecturer in Nursing, DeMontfort University; Professor Stephen Palmer, Professor of Health Economics, Centre for Health Economics, University of York; Dr Sanjeev Patel, Consultant Physician &amp;amp; Senior Lecturer in Rheumatology, St Helier University Hospital; Dr John Pounsford, Consultant Physician, Frenchay Hospital, Bristol; Dr Danielle Preedy, Lay member; Dr John Rodriguez, Assistant Director of Public Health, National Health Service (NHS) Eastern and Coastal Kent; Mr Alun Roebuck, Consultant Nurse in Critical and Acute Care, United Lincolnshire NHS Trust; Mr Roderick Smith, Finance Director, West Kent Primary Care Trust; Mr Cliff Snelling, Lay Member; Marta Soares, Research Fellow, Centre for Health Economics, University of York; Professor Andrew Stevens, Professor of Public Health, Department of Public Health and Epidemiology, University of Birmingham; Dr Nerys Woolacott, Senior Research Fellow, Centre for Health Economics, University of York&lt;/p&gt;&lt;/div&gt;" /></Field><Field FieldID="147" OrdBy="1250" ID="452" Name="Financial Disclosures/Conflicts of Interest" Type="text"><FieldValue Value="&lt;div class=&quot;content_para&quot;&gt;&lt;p&gt;Committee members are asked to declare any interests in the technology to be appraised. If it is considered there is a conflict of interest, the member is excluded from participating further in that appraisal.&lt;/p&gt;&lt;/div&gt;" /></Field><Field FieldID="120" OrdBy="1256" ID="393" Name="Guideline Status" Type="text"><FieldValue Value="&lt;div class=&quot;content_para&quot;&gt;&lt;p&gt;This is the current release of the guideline.&lt;/p&gt;&lt;/div&gt;" /></Field><Field FieldID="118" OrdBy="1260" ID="454" Name="Guideline Availability" Type="text"><FieldValue Value="&lt;div class=&quot;content_para&quot;&gt;&lt;p&gt;Electronic copies: Available from the &lt;a href=&quot;http://guidance.nice.org.uk/TA280&quot; title=&quot;NICE Web site&quot;&gt;National Institute for Health and Care Excellence (NICE) Web site&lt;/a&gt;.&lt;/p&gt;&lt;/div&gt;" /></Field><Field FieldID="119" OrdBy="1265" ID="455" Name="Availability of Companion Documents" Type="text"><FieldValue Value="&lt;div class=&quot;content_para&quot;&gt;&lt;p&gt;The following are available:&lt;/p&gt;&#xD;&#xA;&lt;ul style=&quot;list-style-type: disc;&quot;&gt;&#xD;&#xA;    &lt;li&gt;Abatacept for treating rheumatoid arthritis after the failure of conventional disease-modifying anti-rheumatic drugs (rapid review of technology appraisal guidance 234). Costing statement. London (UK): National Institute for Health and Care Excellence (NICE); 2013 Apr. 5 p. (Technology appraisal 280). Electronic copies: Available in Portable Document Format (PDF) from the &lt;a href=&quot;http://guidance.nice.org.uk/TA280/CostingStatement/pdf/English&quot; title=&quot;NICE Web site&quot;&gt;National Institute for Health and Care Excellence (NICE) Web site&lt;/a&gt;. &lt;/li&gt;&#xD;&#xA;    &lt;li&gt;Abatacept for the treatment of rheumatoid arthritis after the failure of conventional disease-modifying anti-rheumatic drugs: A Rapid Review. Rapid review report. School of Health and Related Research (ScHARR), The University of Sheffield. 2012 Apr. 25 p. Electronic copies: Available in PDF from the &lt;a href=&quot;http://guidance.nice.org.uk/TA/Wave24/27/Consultation/EvaluationReport/ERGReport/pdf/English&quot; title=&quot;NICE Web site&quot;&gt;NICE Web site&lt;/a&gt;. &lt;/li&gt;&#xD;&#xA;    &lt;li&gt;Abatacept for the treatment of rheumatoid arthritis after the failure of conventional disease-modifying anti-rheumatic drugs. Evidence Group Report. School of Health and Related Research (ScHARR), The University of Sheffield. 2011 Feb. 144 p. Electronic copies: Available in PDF from the &lt;a href=&quot;http://guidance.nice.org.uk/TA/Wave24/16/Consultation/EvaluationReport/EvidenceReviewGroupReport/pdf/English&quot; title=&quot;NICE Web site&quot;&gt;NICE Web site&lt;/a&gt;. &lt;/li&gt;&#xD;&#xA;    &lt;li&gt;Rheumatoid arthritis overview. NICE pathway. London (UK): National Institute for Health and Care Excellence (NICE); 2013 Apr. (Technology appraisal 280). Electronic copies: Available from the &lt;a href=&quot;http://pathways.nice.org.uk/pathways/rheumatoid-arthritis&quot; title=&quot;NICE Web site&quot;&gt;NICE Web site&lt;/a&gt;. &lt;/li&gt;&#xD;&#xA;    &lt;li&gt;Biologic drugs for the treatment of inflammatory disease in rheumatology, dermatology and gastroenterology. Commissioning guide. London (UK): National Institute for Health and Care Excellence (NICE); 2012 Mar. Electronic copies: Available from the &lt;a href=&quot;http://www.nice.org.uk/usingguidance/commissioningguides/biologicaltherapies/home.jsp&quot; title=&quot;NICE Web site&quot;&gt;NICE Web site&lt;/a&gt;. &lt;/li&gt;&#xD;&#xA;&lt;/ul&gt;&lt;/div&gt;" /></Field><Field FieldID="143" OrdBy="1275" ID="457" Name="Patient Resources" Type="text"><FieldValue Value="&lt;div class=&quot;content_para&quot;&gt;&lt;p&gt;The following is available:&lt;/p&gt;&#xD;&#xA;&lt;ul style=&quot;list-style-type: disc;&quot;&gt;&#xD;&#xA;    &lt;li&gt;Abatacept for rheumatoid arthritis. Information for people who use NHS services. London (UK): National Institute for Health and Care Excellence (NICE); 2013 Apr. 7 p. (Technology appraisal 280). Electronic copies: Available in Portable Document Format (PDF) from the &lt;a href=&quot;http://guidance.nice.org.uk/TA280/PublicInfo/pdf/English&quot; title=&quot;NICE Web site&quot;&gt;National Institute for Health and Care Excellence (NICE) Web site&lt;/a&gt;. &lt;/li&gt;&#xD;&#xA;&lt;/ul&gt;&#xD;&#xA;&lt;p class=&quot;Disclaimer&quot;&gt;Please note: This patient information is intended to provide health professionals with information to share with their patients to help them better understand their health and their diagnosed disorders. By providing access to this patient information, it is not the intention of NGC to provide specific medical advice for particular patients. Rather we urge patients and their representatives to review this material and then to consult with a licensed health professional for evaluation of treatment options suitable for them as well as for diagnosis and answers to their personal medical questions. This patient information has been derived and prepared from a guideline for health care professionals included on NGC by the authors or publishers of that original guideline. The patient information is not reviewed by NGC to establish whether or not it accurately reflects the original guideline's content.&lt;/p&gt;&lt;/div&gt;" /></Field><Field FieldID="142" OrdBy="1280" ID="458" Name="NGC Status" Type="text"><FieldValue Value="&lt;div class=&quot;content_para&quot;&gt;&lt;p&gt;This NGC summary was completed by ECRI Institute on June 13, 2013.&lt;/p&gt;&#xD;&#xA;&lt;p&gt;The National Institute for Health and Care Excellence (NICE) has granted the National Guideline Clearinghouse (NGC) permission to include summaries of their Technology Appraisal guidance with the intention of disseminating and facilitating the implementation of that guidance. NICE has not verified this content to confirm that it accurately reflects the original NICE guidance and therefore no guarantees are given by NICE in this regard. All NICE technology appraisal guidance is prepared in relation to the National Health Service in England and Wales. NICE has not been involved in the development or adaptation of NICE guidance for use in any other country. The full versions of all NICE guidance can be found at &lt;a href=&quot;http://www.nice.org.uk&quot; title=&quot;NICE Web site&quot;&gt;www.nice.org.uk&lt;/a&gt;.&lt;/p&gt;&lt;/div&gt;" /></Field><Field FieldID="141" OrdBy="1290" ID="460" Name="Copyright Statement" Type="text"><FieldValue Value="&lt;div class=&quot;content_para&quot;&gt;&lt;p&gt;This NGC summary is based on the original guideline, which is subject to the guideline developer's copyright restrictions.&lt;/p&gt;&lt;/div&gt;" /></Field></Section><Section SecID="99999" OrdBy="99999" Name="Disclaimer"><Field FieldID="99999" OrdBy="99999" ID="99999" Name="NGC Disclaimer" Type="text"><FieldValue Value="&lt;p&gt;The National Guideline Clearinghouse™ (NGC) does not develop, produce, approve, or endorse the guidelines represented on this site.&lt;/p&gt; &#xD;&#xA;&lt;p&gt;All guidelines summarized by NGC and hosted on our site are produced under the auspices of medical specialty societies, relevant professional associations, public or private organizations, other government agencies, health care organizations or plans, and similar entities.&lt;/p&gt; &#xD;&#xA;&lt;p&gt;Guidelines represented on the NGC Web site are submitted by guideline developers, and are screened solely to determine that they meet the NGC Inclusion Criteria which may be found at &lt;a href=&quot;/about/inclusion-criteria.aspx&quot;&gt;http://www.guideline.gov/about/inclusion-criteria.aspx&lt;/a&gt;.&lt;/p&gt; &#xD;&#xA;&lt;p&gt;NGC, AHRQ, and its contractor ECRI Institute make no warranties concerning the content or clinical efficacy or effectiveness of the clinical practice guidelines and related materials represented on this site. Moreover, the views and opinions of developers or authors of guidelines represented on this site do not necessarily state or reflect those of NGC, AHRQ, or its contractor ECRI Institute, and inclusion or hosting of guidelines in NGC may not be used for advertising or commercial endorsement purposes.&lt;/p&gt; &#xD;&#xA;&lt;p&gt;Readers with questions regarding guideline content are directed to contact the guideline developer.&lt;/p&gt;" /></Field></Section></Version>
