<Version><xmlsource>This XML content was developed by AHRQ's contractor ECRI Institute for the National Guideline Clearinghouse (NGC).</xmlsource><Section SecID="390" OrdBy="100" Name="General"><Field FieldID="161" OrdBy="105" ID="391" Name="Guideline Title" Type="text"><FieldValue Value="&lt;div class=&quot;content_title&quot;&gt;Evidence-based guideline: diagnostic accuracy of CSF 14-3-3 protein in sporadic Creutzfeldt-Jakob disease. Report of the Guideline Development Subcommittee of the American Academy of Neurology.&lt;/div&gt;" /></Field><Field FieldID="97" OrdBy="110" ID="392" Name="Bibliographic Source(s)" Type="citation"><FieldValue Value="&lt;table&gt;&lt;tr&gt;&lt;td&gt;Muayqil T, Gronseth G, Camicioli R. Evidence-based guideline: diagnostic accuracy of CSF 14-3-3 protein in sporadic Creutzfeldt-Jakob disease. Report of the Guideline Development Subcommittee of the American Academy of Neurology. Neurology. 2012 Oct 2;79(14):1499-506. [34 references] &lt;a href=&quot;http://www.ncbi.nlm.nih.gov/entrez/query.fcgi?cmd=Retrieve&amp;db=pubmed&amp;dopt=Abstract&amp;list_uids=22993290&quot; target=&quot;_blank&quot;&gt;PubMed&lt;/a&gt;&lt;/td&gt;&lt;/tr&gt;&lt;/table&gt;" /></Field><Field FieldID="120" OrdBy="115" ID="393" Name="Guideline Status" Type="text"><FieldValue Value="&lt;div class=&quot;content_para&quot;&gt;&lt;p&gt;This is the current release of the guideline.&lt;/p&gt;&lt;/div&gt;" /></Field><Field Name ="UMLS Concepts"><FieldValue Value="ICD9CM: Other and unspecified Creutzfeldt-Jakob disease  (046.19)"/><FieldValue Value="MSH: 14-3-3 Proteins ; Creutzfeldt-Jakob Syndrome ; Dementia ; Predictive Value of Tests ; Spinal Puncture "/><FieldValue Value="MTH: 14-3-3 Proteins ; Creutzfeldt-Jakob disease ; Dementia ; Spinal Puncture "/><FieldValue Value="SNOMEDCT_US: 14-3-3 protein  (430834001); Dementia  (52448006); Dementia due to Creutzfeldt Jakob disease  (429458009); Jakob-Creutzfeldt disease  (792004); Lumbar puncture  (277762005); Measurement of 14-3-3 protein concentration in cerebrospinal fluid  (430551003)"/></Field></Section><Section SecID="396" OrdBy="300" Name="Scope"><Field FieldID="140" OrdBy="305" ID="397" Name="Disease/Condition(s)" Type="text"><FieldValue Value="&lt;div class=&quot;content_para&quot;&gt;&lt;p&gt;Sporadic Creutzfeldt-Jakob disease (sCJD)&lt;/p&gt;&lt;/div&gt;" /></Field><Field FieldID="103" OrdBy="310" ID="398" Name="Guideline Category" Type="picklist-many"><FieldValue Value="Diagnosis" /><FieldValue Value="Technology Assessment" /></Field><Field FieldID="113" OrdBy="315" ID="399" Name="Clinical Specialty" Type="picklist-many"><FieldValue Value="Internal Medicine" /><FieldValue Value="Neurology" /><FieldValue Value="Pathology" /></Field><Field FieldID="114" OrdBy="320" ID="400" Name="Intended Users" Type="picklist-many"><FieldValue Value="Advanced Practice Nurses" /><FieldValue Value="Physician Assistants" /><FieldValue Value="Physicians" /></Field><Field FieldID="129" OrdBy="325" ID="401" Name="Guideline Objective(s)" Type="text"><FieldValue Value="&lt;div class=&quot;content_para&quot;&gt;&lt;p&gt;To assess the available evidence for the diagnostic accuracy of cerebrospinal fluid (CSF) testing for protein 14-3-3 in patients with suspected sporadic Creutzfeldt-Jakob disease (sCJD)&lt;/p&gt;&lt;/div&gt;" /></Field><Field FieldID="132" OrdBy="330" ID="402" Name="Target Population" Type="text"><FieldValue Value="&lt;div class=&quot;content_para&quot;&gt;&lt;p&gt;Patients who have rapidly progressive dementia and are strongly suspected of having  Creutzfeldt-Jakob disease&lt;/p&gt;&lt;/div&gt;" /></Field><Field FieldID="133" OrdBy="335" ID="403" Name="Interventions and Practices Considered" Type="text"><FieldValue Value="&lt;div class=&quot;content_para&quot;&gt;&lt;p&gt;Cerebrospinal fluid (CSF) testing for protein 14-3-3&lt;/p&gt;&lt;/div&gt;" /></Field><Field FieldID="134" OrdBy="340" ID="404" Name="Major Outcomes Considered" Type="text"><FieldValue Value="&lt;div class=&quot;content_para&quot;&gt;&lt;p&gt;Sensitivity and specificity of diagnostic test&lt;/p&gt;&lt;/div&gt;" /></Field></Section><Section SecID="405" OrdBy="400" Name="Methodology"><Field FieldID="109" OrdBy="405" ID="406" Name="Methods Used to Collect/Select the Evidence" Type="picklist-many"><FieldValue Value="Hand-searches of Published Literature (Primary Sources)" /><FieldValue Value="Searches of Electronic Databases" /></Field><Field FieldID="135" OrdBy="410" ID="407" Name="Description of Methods Used to Collect/Select the Evidence" Type="text"><FieldValue Value="&lt;div class=&quot;content_para&quot;&gt;&lt;p&gt;The PubMed/Medline, Cochrane Library, and EMBASE databases were searched using the terms 14-3-3 protein, CSF analysis, Creutzfeldt-Jakob disease, prion disease, dementia, and rapidly progressive dementia (exploded terms where appropriate). The exact keyword search is available in appendix e-1 of the Data Supplement document (see the &quot;Availability of Companion Documents&quot; field). In addition, the reference lists of the articles identified were hand searched to identify articles that may have been missed in the initial search. Duplicates, reviews without original data, meeting abstracts, and case reports/series were excluded. The search included English-language articles and covered publications ranging from 1995 to January 1, 2011.&lt;/p&gt;&#xD;&#xA;&lt;p&gt;Studies in human subjects above 18 years of age were included. Non-sporadic cases from growth hormone use, genetic, iatrogenic (postsurgical), and new-variant (mad cow disease) prion diseases were excluded. Also excluded were non-Creutzfeldt-Jakob disease (CJD) prion disorders and animal studies. In studies that looked at a mix of sporadic Creutzfeldt-Jakob disease (sCJD) and other CJD subtypes, only the data on patients with sCJD were extracted for the analysis.&lt;/p&gt;&#xD;&#xA;&lt;p&gt;The search strategy identified 11,165 articles (3,488 from Medline, 5,254 from EMBASE, 59 from Cochrane Library, 2,364 from PubMed). After the primary screening in which the titles and abstracts were reviewed, 80 studies were deemed potentially relevant, and their full text was reviewed in the secondary screening process. Thirty-eight articles met inclusion criteria.&lt;/p&gt;&lt;/div&gt;" /></Field><Field FieldID="136" OrdBy="415" ID="408" Name="Number of Source Documents" Type="text"><FieldValue Value="&lt;div class=&quot;content_para&quot;&gt;&lt;p&gt;38 articles met inclusion criteria.&lt;/p&gt;&lt;/div&gt;" /></Field><Field FieldID="115" OrdBy="420" ID="409" Name="Methods Used to Assess the Quality and Strength of the Evidence" Type="picklist-choice"><FieldValue Value="Weighting According to a Rating Scheme (Scheme Given)" /></Field><Field FieldID="149" OrdBy="425" ID="410" Name="Rating Scheme for the Strength of the Evidence" Type="text"><FieldValue Value="&lt;div class=&quot;content_para&quot;&gt;&lt;p&gt;&lt;strong&gt;Classification of Evidence for Diagnostic Accuracy&lt;/strong&gt;&lt;/p&gt;&#xD;&#xA;&lt;p&gt;&lt;strong&gt;Class I&lt;/strong&gt;: A cohort study with prospective data collection of a broad spectrum of persons with the suspected condition, using an acceptable reference standard for case definition. The diagnostic test is objective or performed and interpreted without knowledge of the patient's clinical status. Study results allow calculation of measures of diagnostic accuracy.&lt;/p&gt;&#xD;&#xA;&lt;p&gt;&lt;strong&gt;Class II&lt;/strong&gt;: A case control study of a broad spectrum of persons with the condition established by an acceptable reference standard compared to a broad spectrum of controls or a cohort study where a broad spectrum of persons with the suspected condition where the data was collected retrospectively. The diagnostic test is objective or performed and interpreted without knowledge of disease status. Study results allow calculation of measures of diagnostic accuracy.&lt;/p&gt;&#xD;&#xA;&lt;p&gt;&lt;strong&gt;Class III&lt;/strong&gt;: A case control study or cohort study where either persons with the condition or controls are of a narrow spectrum. The condition is established by an acceptable reference standard. The reference standard and diagnostic test are objective or performed and interpreted by different observers. Study results allow calculation of measures of diagnostic accuracy.&lt;/p&gt;&#xD;&#xA;&lt;p&gt;&lt;strong&gt;Class IV&lt;/strong&gt;: Studies not meeting Class I, II, or III criteria, including consensus, expert opinion or a case report.&lt;/p&gt;&lt;/div&gt;" /></Field><Field FieldID="116" OrdBy="430" ID="411" Name="Methods Used to Analyze the Evidence" Type="picklist-many"><FieldValue Value="Systematic Review with Evidence Tables" /></Field><Field FieldID="150" OrdBy="435" ID="412" Name="Description of the Methods Used to Analyze the Evidence" Type="text"><FieldValue Value="&lt;div class=&quot;content_para&quot;&gt;&lt;p&gt;The articles were rated for their risk of bias according to the American Academy of Neurology classification of evidence criteria for diagnostic testing (see the &quot;Rating Scheme for the Strength of the Evidence&quot; field), and recommendations were linked to the level of evidence (see the &quot;Rating Scheme for the Strength of the Recommendations&quot; field). In accordance with these criteria, studies with incorporation bias (the results of the 14-3-3 protein assay influenced the determination of the presence of sporadic Creutzfeldt-Jakob disease [sCJD]) are rated Class IV, and studies with spectrum bias (which excluded a priori patients with uncertain diagnoses of sCJD) are rated Class III.&lt;/p&gt;&#xD;&#xA;&lt;p&gt;The number of patients, study design, data collection methods, patient population, diagnostic reference standard, and type of 14-3-3 assay used were collected. Other data extracted included the raw numbers of patients who tested positive vs. negative for cerebrospinal fluid (CSF) 14-3-3 and their clinical or pathologic diagnosis, or both.&lt;/p&gt;&#xD;&#xA;&lt;p&gt;Of the 38 articles included in the study, 9 were deemed Class II; no Class I studies were identified. The majority of the Class II studies were cohort studies with mixed retrospective and prospective data collection (table 1of the original guideline document). Fifteen studies were rated Class III, and another 14 were rated Class IV (table e-3 of the original guideline document). Downgrading was done if the cohort was incomplete. Spectrum bias in patients or controls was also a concern in a number of studies. All Class II studies enrolled patients with rapidly progressive dementia suspected of having Creutzfeldt-Jakob disease (CJD).&lt;/p&gt;&lt;/div&gt;" /></Field><Field FieldID="112" OrdBy="440" ID="413" Name="Methods Used to Formulate the Recommendations" Type="picklist-choice"><FieldValue Value="Expert Consensus" /></Field><Field FieldID="145" OrdBy="445" ID="414" Name="Description of Methods Used to Formulate the Recommendations" Type="text"><FieldValue Value="&lt;div class=&quot;content_para&quot;&gt;&lt;p&gt;Recommendations are based on the strength of the evidence (see the &quot;Rating Scheme for the Strength of the Recommendations&quot; field). A pooled estimate of sensitivity and specificity was obtained for all studies rated Class II or higher.&lt;/p&gt;&lt;/div&gt;" /></Field><Field FieldID="146" OrdBy="450" ID="415" Name="Rating Scheme for the Strength of the Recommendations" Type="text"><FieldValue Value="&lt;div class=&quot;content_para&quot;&gt;&lt;p&gt;&lt;strong&gt;Classification of Recommendations&lt;/strong&gt;&lt;/p&gt;&#xD;&#xA;&lt;p&gt;&lt;strong&gt;A&lt;/strong&gt; = Established as effective, ineffective or harmful (or established as useful/predictive or not useful/predictive) for the given condition in the specified population. (Level A rating requires at least two consistent Class I studies.)*&lt;/p&gt;&#xD;&#xA;&lt;p&gt;&lt;strong&gt;B&lt;/strong&gt; = Probably effective, ineffective or harmful (or probably useful/predictive or not useful/predictive) for the given condition in the specified population. (Level B rating requires at least one Class I study or two consistent Class II studies.)&lt;/p&gt;&#xD;&#xA;&lt;p&gt;&lt;strong&gt;C&lt;/strong&gt; = Possibly effective, ineffective or harmful (or possibly useful/predictive or not useful/predictive) for the given condition in the specified population. (Level C rating requires at least one Class II study or two consistent Class III studies.)&lt;/p&gt;&#xD;&#xA;&lt;p&gt;&lt;strong&gt;U&lt;/strong&gt; = Data inadequate or conflicting; given current knowledge, treatment (test, predictor) is unproven.&lt;/p&gt;&#xD;&#xA;&lt;p class=&quot;Note&quot;&gt;*In exceptional cases, one convincing Class I study may suffice for an &quot;A&quot; recommendation if 1) all criteria are met, 2) the magnitude of effect is large (relative rate improved outcome &amp;gt; 5 and the lower limit of the confidence interval is &amp;gt; 2).&lt;/p&gt;&lt;/div&gt;" /></Field><Field FieldID="148" OrdBy="460" ID="417" Name="Cost Analysis" Type="text"><FieldValue Value="&lt;div class=&quot;content_para&quot;&gt;&lt;p&gt;A formal cost analysis was not performed and published cost analyses were not reviewed.&lt;/p&gt;&lt;/div&gt;" /></Field><Field FieldID="104" OrdBy="465" ID="418" Name="Method of Guideline Validation" Type="picklist-choice"><FieldValue Value="Internal Peer Review" /></Field><Field FieldID="130" OrdBy="470" ID="419" Name="Description of Method of Guideline Validation" Type="text"><FieldValue Value="&lt;div class=&quot;content_para&quot;&gt;&lt;p&gt;Drafts of the guideline have been reviewed by at least three American Academy of Neurology (AAN) committees, a network of neurologists, &lt;em&gt;Neurology&lt;/em&gt; peer reviewers and representatives from related fields.&lt;/p&gt;&#xD;&#xA;&lt;p&gt;This guideline was approved by the Guideline Development Subcommittee on November 19, 2011; by the Practice Committee on February 17, 2012; and by the AAN Board of Directors on July 3, 2012.&lt;/p&gt;&lt;/div&gt;" /></Field></Section><Section SecID="420" OrdBy="500" Name="Recommendations"><Field FieldID="151" OrdBy="505" ID="421" Name="Major Recommendations" Type="text"><FieldValue Value="&lt;div class=&quot;content_para&quot;&gt;&lt;p&gt;Definitions of the levels of the recommendations (&lt;strong&gt;A&lt;/strong&gt;, &lt;strong&gt;B&lt;/strong&gt;, &lt;strong&gt;C&lt;/strong&gt;, &lt;strong&gt;U&lt;/strong&gt;) and classification of the evidence (Class &lt;strong&gt;I&lt;/strong&gt;-&lt;strong&gt;IV&lt;/strong&gt;) are provided at the end of the &quot;Major Recommendations&quot; field.&lt;/p&gt;&#xD;&#xA;&lt;p&gt;&lt;strong&gt;Conclusion&lt;/strong&gt;&lt;/p&gt;&#xD;&#xA;&lt;p&gt;For patients with suspected Creutzfeldt-Jakob disease (CJD), cerebrospinal fluid (CSF) 14-3-3 assays are probably moderately accurate in diagnosing CJD: sensitivity ~92%, specificity ~80% (multiple consistent Class II studies). Whereas a negative 14-3-3 assay may be helpful in reducing the suspicion of sCJD, a positive CSF 14-3-3 assay may be found in a potentially treatable case of dementia.&lt;/p&gt;&#xD;&#xA;&lt;p&gt;&lt;strong&gt;Recommendation&lt;/strong&gt;&lt;/p&gt;&#xD;&#xA;&lt;p&gt;For patients who have rapidly progressive dementia and are strongly suspected of having CJD, and for whom diagnosis remains uncertain (pretest probability ~20%&amp;ndash;90%), clinicians should order CSF 14-3-3 assays to reduce the uncertainty of the diagnosis (&lt;strong&gt;Level B&lt;/strong&gt;).&lt;/p&gt;&#xD;&#xA;&lt;p&gt;&lt;span style=&quot;text-decoration: underline;&quot;&gt;&lt;strong&gt;Definitions&lt;/strong&gt;&lt;/span&gt;:&lt;/p&gt;&#xD;&#xA;&lt;p&gt;&lt;strong&gt;Classification of Evidence for Diagnostic Accuracy&lt;/strong&gt;&lt;/p&gt;&#xD;&#xA;&lt;p&gt;&lt;strong&gt;Class I&lt;/strong&gt;: A cohort study with prospective data collection of a broad spectrum of persons with the suspected condition, using an acceptable reference standard for case definition. The diagnostic test is objective or performed and interpreted without knowledge of the patient's clinical status. Study results allow calculation of measures of diagnostic accuracy.&lt;/p&gt;&#xD;&#xA;&lt;p&gt;&lt;strong&gt;Class II&lt;/strong&gt;: A case control study of a broad spectrum of persons with the condition established by an acceptable reference standard compared to a broad spectrum of controls or a cohort study where a broad spectrum of persons with the suspected condition where the data was collected retrospectively. The diagnostic test is objective or performed and interpreted without knowledge of disease status. Study results allow calculation of measures of diagnostic accuracy.&lt;/p&gt;&#xD;&#xA;&lt;p&gt;&lt;strong&gt;Class III&lt;/strong&gt;: A case control study or cohort study where either persons with the condition or controls are of a narrow spectrum. The condition is established by an acceptable reference standard. The reference standard and diagnostic test are objective or performed and interpreted by different observers. Study results allow calculation of measures of diagnostic accuracy.&lt;/p&gt;&#xD;&#xA;&lt;p&gt;&lt;strong&gt;Class IV&lt;/strong&gt;: Studies not meeting Class I, II, or III criteria, including consensus, expert opinion or a case report.&lt;/p&gt;&#xD;&#xA;&lt;p&gt;&lt;strong&gt;Classification of Recommendations&lt;/strong&gt;&lt;/p&gt;&#xD;&#xA;&lt;p&gt;&lt;strong&gt;A&lt;/strong&gt; = Established as effective, ineffective or harmful (or established as useful/predictive or not useful/predictive) for the given condition in the specified population. (Level A rating requires at least two consistent Class I studies.)*&lt;/p&gt;&#xD;&#xA;&lt;p&gt;&lt;strong&gt;B&lt;/strong&gt; = Probably effective, ineffective or harmful (or probably useful/predictive or not useful/predictive) for the given condition in the specified population. (Level B rating requires at least one Class I study or two consistent Class II studies.)&lt;/p&gt;&#xD;&#xA;&lt;p&gt;&lt;strong&gt;C&lt;/strong&gt; = Possibly effective, ineffective or harmful (or possibly useful/predictive or not useful/predictive) for the given condition in the specified population. (Level C rating requires at least one Class II study or two consistent Class III studies.)&lt;/p&gt;&#xD;&#xA;&lt;p&gt;&lt;strong&gt;U&lt;/strong&gt; = Data inadequate or conflicting; given current knowledge, treatment (test, predictor) is unproven.&lt;/p&gt;&#xD;&#xA;&lt;p class=&quot;Note&quot;&gt;*In exceptional cases, one convincing Class I study may suffice for an &quot;A&quot; recommendation if 1) all criteria are met, 2) the magnitude of effect is large (relative rate improved outcome &amp;gt; 5 and the lower limit of the confidence interval is &amp;gt;2).&lt;/p&gt;&lt;/div&gt;" /></Field><Field FieldID="138" OrdBy="515" ID="423" Name="Clinical Algorithm(s)" Type="text"><FieldValue Value="&lt;div class=&quot;content_para&quot;&gt;&lt;p&gt;None provided&lt;/p&gt;&lt;/div&gt;" /></Field></Section><Section SecID="424" OrdBy="600" Name="Evidence Supporting the Recommendations"><Field FieldID="139" OrdBy="610" ID="426" Name="Type of Evidence Supporting the Recommendations" Type="text"><FieldValue Value="&lt;div class=&quot;content_para&quot;&gt;&lt;p&gt;The type of supporting evidence is identified and graded for each recommendation (see the &quot;Major Recommendations&quot; field).&lt;/p&gt;&lt;/div&gt;" /></Field></Section><Section SecID="427" OrdBy="700" Name="Benefits/Harms of Implementing the Guideline Recommendations"><Field FieldID="152" OrdBy="705" ID="428" Name="Potential Benefits" Type="text"><FieldValue Value="&lt;div class=&quot;content_para&quot;&gt;&lt;p&gt;Increased accuracy of diagnosis of sporadic Creutzfeldt-Jakob disease&lt;/p&gt;&lt;/div&gt;" /></Field><Field FieldID="153" OrdBy="710" ID="429" Name="Potential Harms" Type="text"><FieldValue Value="&lt;div class=&quot;content_para&quot;&gt;&lt;p&gt;Potential false-positive and false-negative test results&lt;/p&gt;&lt;/div&gt;" /></Field></Section><Section SecID="432" OrdBy="900" Name="Qualifying Statements"><Field FieldID="137" OrdBy="905" ID="433" Name="Qualifying Statements" Type="text"><FieldValue Value="&lt;div class=&quot;content_para&quot;&gt;&lt;p&gt;This statement is provided as an educational service of the American Academy of Neurology (AAN). It is based on an assessment of current scientific and clinical information. It is not intended to include all possible proper methods of care for a particular neurologic problem or all legitimate criteria for choosing to use a specific procedure. Neither is it intended to exclude any reasonable alternative methodologies. The AAN recognizes that specific patient care decisions are the prerogative of the patient and the physician caring for the patient, based on all circumstances involved. The clinical context section is made available in order to place the evidence-based guideline(s) into perspective with current practice habits and challenges. No formal practice recommendations should be inferred.&lt;/p&gt;&lt;/div&gt;" /></Field></Section><Section SecID="434" OrdBy="1000" Name="Implementation of the Guideline"><Field FieldID="131" OrdBy="1010" ID="436" Name="Description of Implementation Strategy" Type="text"><FieldValue Value="&lt;div class=&quot;content_para&quot;&gt;&lt;p&gt;An implementation strategy was not provided.&lt;/p&gt;&lt;/div&gt;" /></Field><Field FieldID="117" OrdBy="1015" ID="437" Name="Implementation Tools" Type="picklist-many"><FieldValue Value="Patient Resources" /><FieldValue Value="Quick Reference Guides/Physician Guides" /><FieldValue Value="Resources" /><FieldValue Value="Slide Presentation" /></Field></Section><Section SecID="439" OrdBy="1100" Name="Institute of Medicine (IOM) National Healthcare Quality Report Categories"><Field FieldID="50" OrdBy="1105" ID="440" Name="IOM Care Need" Type="picklist-many"><FieldValue Value="Living with Illness" /></Field><Field FieldID="51" OrdBy="1110" ID="441" Name="IOM Domain" Type="picklist-many"><FieldValue Value="Effectiveness" /></Field></Section><Section SecID="442" OrdBy="1200" Name="Identifying Information and Availability"><Field FieldID="97" OrdBy="1201" ID="392" Name="Bibliographic Source(s)" Type="citation"><FieldValue Value="&lt;table&gt;&lt;tr&gt;&lt;td&gt;Muayqil T, Gronseth G, Camicioli R. Evidence-based guideline: diagnostic accuracy of CSF 14-3-3 protein in sporadic Creutzfeldt-Jakob disease. Report of the Guideline Development Subcommittee of the American Academy of Neurology. Neurology. 2012 Oct 2;79(14):1499-506. [34 references] &lt;a href=&quot;http://www.ncbi.nlm.nih.gov/entrez/query.fcgi?cmd=Retrieve&amp;db=pubmed&amp;dopt=Abstract&amp;list_uids=22993290&quot; target=&quot;_blank&quot;&gt;PubMed&lt;/a&gt;&lt;/td&gt;&lt;/tr&gt;&lt;/table&gt;" /></Field><Field FieldID="124" OrdBy="1205" ID="443" Name="Adaptation" Type="text"><FieldValue Value="&lt;div class=&quot;content_para&quot;&gt;&lt;p&gt;Not applicable: The guideline was not adapted from another source.&lt;/p&gt;&lt;/div&gt;" /></Field><Field FieldID="128" OrdBy="1215" ID="445" Name="Date Released" Type="text"><FieldValue Value="2012 Oct 2" /></Field><Field FieldID="158" OrdBy="1225" ID="447" Name="Guideline Developer(s)" Type="orglist-p"><FieldValue Value="American Academy of Neurology - Medical Specialty Society" /></Field><Field FieldID="125" OrdBy="1235" ID="449" Name="Source(s) of Funding" Type="text"><FieldValue Value="&lt;div class=&quot;content_para&quot;&gt;&lt;p&gt;This guideline was developed with financial support from the American Academy of Neurology. None of the authors received reimbursement, honoraria, or stipends for their participation in development of this guideline.&lt;/p&gt;&lt;/div&gt;" /></Field><Field FieldID="126" OrdBy="1240" ID="450" Name="Guideline Committee" Type="text"><FieldValue Value="&lt;div class=&quot;content_para&quot;&gt;&lt;p&gt;Guideline Development Subcommittee of the American Academy of Neurology&lt;/p&gt;&lt;/div&gt;" /></Field><Field FieldID="127" OrdBy="1245" ID="451" Name="Composition of Group That Authored the Guideline" Type="text"><FieldValue Value="&lt;div class=&quot;content_para&quot;&gt;&lt;p&gt;&lt;em&gt;Authors&lt;/em&gt;: Taim Muayqil, MBBS, FRCPC; Gary Gronseth, MD, FAAN; Richard Camicioli, MD, FRCPC&lt;/p&gt;&lt;/div&gt;" /></Field><Field FieldID="147" OrdBy="1250" ID="452" Name="Financial Disclosures/Conflicts of Interest" Type="text"><FieldValue Value="&lt;div class=&quot;content_para&quot;&gt;&lt;p&gt;&lt;strong&gt;Conflicts of Interest&lt;/strong&gt;&lt;/p&gt;&#xD;&#xA;&lt;p&gt;The American Academy of Neurology (AAN) is committed to producing independent, critical and truthful clinical practice guidelines (CPGs). Significant efforts are made to minimize the potential for conflicts of interest to influence the recommendations of this CPG. To the extent possible, the AAN keeps separate those who have a financial stake in the success or failure of the products appraised in the CPGs and the developers of the guidelines. Conflict of interest forms were obtained from all authors and reviewed by an oversight committee prior to project initiation. AAN limits the participation of authors with substantial conflicts of interest. The AAN forbids commercial participation in, or funding of, guideline projects.&lt;/p&gt;&#xD;&#xA;&lt;p&gt;The AAN Guideline Author Conflict of Interest Policy can be viewed at &lt;a href=&quot;http://www.aan.com&quot; title=&quot;AAN Web site&quot;&gt;www.aan.com&lt;/a&gt;.&lt;/p&gt;&#xD;&#xA;&lt;p&gt;&lt;strong&gt;Disclosures&lt;/strong&gt;&lt;/p&gt;&#xD;&#xA;&lt;p&gt;T. Muayqil reports no disclosures. G. Gronseth serves as an editorial advisory board member of &lt;em&gt;Neurology Now&lt;/em&gt;, serves on a speakers' bureau for Boehringer Ingelheim, and receives honoraria from Boehringer Ingelheim and the American Academy of Neurology. R. Camicioli reports no disclosures. Go to &lt;a href=&quot;http://www.neurology.org/&quot; title=&quot;Neurology Web site&quot;&gt;Neurology.org&lt;/a&gt; for full disclosures.&lt;/p&gt;&lt;/div&gt;" /></Field><Field FieldID="120" OrdBy="1256" ID="393" Name="Guideline Status" Type="text"><FieldValue Value="&lt;div class=&quot;content_para&quot;&gt;&lt;p&gt;This is the current release of the guideline.&lt;/p&gt;&lt;/div&gt;" /></Field><Field FieldID="118" OrdBy="1260" ID="454" Name="Guideline Availability" Type="text"><FieldValue Value="&lt;div class=&quot;content_para&quot;&gt;&lt;p&gt;Electronic copies: A list of American Academy of Neurology (AAN) guidelines, along with a link to a Portable Document Format (PDF) file for this guideline, is available at the &lt;a href=&quot;http://www.aan.com/Guidelines/&quot; title=&quot;AAN Web site&quot;&gt;AAN Web site&lt;/a&gt;.&lt;/p&gt;&#xD;&#xA;&lt;p&gt;Print copies: Available from the AAN Member Services Center, (800) 879-1960, or from AAN, 1080 Montreal Avenue, St. Paul, MN 55116.&lt;/p&gt;&lt;/div&gt;" /></Field><Field FieldID="119" OrdBy="1265" ID="455" Name="Availability of Companion Documents" Type="text"><FieldValue Value="&lt;div class=&quot;content_para&quot;&gt;&lt;p&gt;The following is available:&lt;/p&gt;&#xD;&#xA;&lt;ul style=&quot;list-style-type: disc;&quot;&gt;&#xD;&#xA;    &lt;li&gt;Evidence-based guideline: diagnostic accuracy of CSF 14-3-3 protein in sporadic Creutzfeldt-Jakob disease. Data supplement (e-appendices, e-tables). Available from the &lt;a href=&quot;http://www.neurology.org/content/79/14/1499/suppl/DC1&quot; title=&quot;American Academy of Neurology (AAN) Web site&quot;&gt;American Academy of Neurology (AAN) Web site&lt;/a&gt;. &lt;/li&gt;&#xD;&#xA;    &lt;li&gt;Diagnostic accuracy of CSF 14-3-3 protein in sporadic Creutzfeldt-Jakob disease. AAN summary of evidence-based guideline for clinicians. St. Paul (MN): American Academy of Neurology. 2012. 2 p. Available in Portable Document Format (PDF) from the &lt;a href=&quot;http://www.aan.com/Guidelines/Home/GetGuidelineContent/566&quot; title=&quot;American Academy of Neurology (AAN) Web site&quot;&gt;AAN Web site&lt;/a&gt;. &lt;/li&gt;&#xD;&#xA;    &lt;li&gt;Diagnostic accuracy of CSF 14-3-3 protein in sporadic Creutzfeldt-Jakob disease. Case presentation. St. Paul (MN): American Academy of Neurology. 2012. 6 p. Available in PDF from the &lt;a href=&quot;http://www.aan.com/Guidelines/Home/GetGuidelineContent/568&quot; title=&quot;American Academy of Neurology (AAN) Web site&quot;&gt;AAN Web site&lt;/a&gt;. &lt;/li&gt;&#xD;&#xA;    &lt;li&gt;Evidence-based guideline: diagnostic accuracy of CSF 14-3-3 protein in sporadic Creutzfeldt-Jakob disease. Slide presentation. St. Paul (MN): American Academy of Neurology. 2012. Available from the &lt;a href=&quot;http://www.aan.com/Guidelines/Home/GetGuidelineContent/569&quot; title=&quot;American Academy of Neurology (AAN) Web site&quot;&gt;AAN Web site&lt;/a&gt;. &lt;/li&gt;&#xD;&#xA;    &lt;li&gt;AAN guideline development process [online]. St. Paul (MN): American Academy of Neurology. Available from the &lt;a href=&quot;http://www.aan.com/Guidelines/Home/Development&quot; title=&quot;American Academy of Neurology (AAN) Web site&quot;&gt;AAN Web site&lt;/a&gt;. &lt;/li&gt;&#xD;&#xA;&lt;/ul&gt;&lt;/div&gt;" /></Field><Field FieldID="143" OrdBy="1275" ID="457" Name="Patient Resources" Type="text"><FieldValue Value="&lt;div class=&quot;content_para&quot;&gt;&lt;p&gt;The following is available:&lt;/p&gt;&#xD;&#xA;&lt;ul style=&quot;list-style-type: disc;&quot;&gt;&#xD;&#xA;    &lt;li&gt;Diagnosing sporadic Creutzfeldt-Jakob disease: accuracy of the 14-3-3 protein test of the spinal fluid. AAN summary of evidence-based guideline for patients and their families. St. Paul (MN): American Academy of Neurology. 2012. 2 p. Available in Portable Document Format (PDF) from the &lt;a href=&quot;http://www.aan.com/Guidelines/Home/GetGuidelineContent/567&quot; title=&quot;American Academy of Neurology (AAN) Web site&quot;&gt;AAN Web site&lt;/a&gt;. &lt;/li&gt;&#xD;&#xA;&lt;/ul&gt;&#xD;&#xA;&lt;p class=&quot;Disclaimer&quot;&gt;Please note: This patient information is intended to provide health professionals with information to share with their patients to help them better understand their health and their diagnosed disorders. By providing access to this patient information, it is not the intention of NGC to provide specific medical advice for particular patients. Rather we urge patients and their representatives to review this material and then to consult with a licensed health professional for evaluation of treatment options suitable for them as well as for diagnosis and answers to their personal medical questions. This patient information has been derived and prepared from a guideline for health care professionals included on NGC by the authors or publishers of that original guideline. The patient information is not reviewed by NGC to establish whether or not it accurately reflects the original guideline's content.&lt;/p&gt;&lt;/div&gt;" /></Field><Field FieldID="142" OrdBy="1280" ID="458" Name="NGC Status" Type="text"><FieldValue Value="&lt;div class=&quot;content_para&quot;&gt;&lt;p&gt;This summary was completed by ECRI Institute on January 18, 2012.&lt;/p&gt;&lt;/div&gt;" /></Field><Field FieldID="141" OrdBy="1290" ID="460" Name="Copyright Statement" Type="text"><FieldValue Value="&lt;div class=&quot;content_para&quot;&gt;&lt;p&gt;This NGC summary is based on the original guideline, which is copyrighted by the American Academy of Neurology.&lt;/p&gt;&lt;/div&gt;" /></Field></Section><Section SecID="99999" OrdBy="99999" Name="Disclaimer"><Field FieldID="99999" OrdBy="99999" ID="99999" Name="NGC Disclaimer" Type="text"><FieldValue Value="&lt;p&gt;The National Guideline Clearinghouse™ (NGC) does not develop, produce, approve, or endorse the guidelines represented on this site.&lt;/p&gt; &#xD;&#xA;&lt;p&gt;All guidelines summarized by NGC and hosted on our site are produced under the auspices of medical specialty societies, relevant professional associations, public or private organizations, other government agencies, health care organizations or plans, and similar entities.&lt;/p&gt; &#xD;&#xA;&lt;p&gt;Guidelines represented on the NGC Web site are submitted by guideline developers, and are screened solely to determine that they meet the NGC Inclusion Criteria which may be found at &lt;a href=&quot;/about/inclusion-criteria.aspx&quot;&gt;http://www.guideline.gov/about/inclusion-criteria.aspx&lt;/a&gt;.&lt;/p&gt; &#xD;&#xA;&lt;p&gt;NGC, AHRQ, and its contractor ECRI Institute make no warranties concerning the content or clinical efficacy or effectiveness of the clinical practice guidelines and related materials represented on this site. Moreover, the views and opinions of developers or authors of guidelines represented on this site do not necessarily state or reflect those of NGC, AHRQ, or its contractor ECRI Institute, and inclusion or hosting of guidelines in NGC may not be used for advertising or commercial endorsement purposes.&lt;/p&gt; &#xD;&#xA;&lt;p&gt;Readers with questions regarding guideline content are directed to contact the guideline developer.&lt;/p&gt;" /></Field></Section></Version>
