<Version><xmlsource>This XML content was developed by AHRQ's contractor ECRI Institute for the National Guideline Clearinghouse (NGC).</xmlsource><Section SecID="390" OrdBy="100" Name="General"><Field FieldID="161" OrdBy="105" ID="391" Name="Guideline Title" Type="text"><FieldValue Value="&lt;div class=&quot;content_title&quot;&gt;Food allergy in children and young people. Diagnosis and assessment of food allergy in children and young people in primary care and community settings.&lt;/div&gt;" /></Field><Field FieldID="97" OrdBy="110" ID="392" Name="Bibliographic Source(s)" Type="citation"><FieldValue Value="&lt;table&gt;&lt;tr&gt;&lt;td&gt;Centre for Clinical Practice. Food allergy in children and young people. Diagnosis and assessment of food allergy in children and young people in primary care and community settings. London (UK): National Institute for Health and Clinical Excellence (NICE); 2011 Feb. 28 p.&amp;nbsp;(Clinical guideline; no. 116).&amp;nbsp;&lt;/td&gt;&lt;/tr&gt;&lt;/table&gt;" /></Field><Field FieldID="120" OrdBy="115" ID="393" Name="Guideline Status" Type="text"><FieldValue Value="&lt;div class=&quot;content_para&quot;&gt;&lt;p&gt;This is the current release of the guideline.&lt;/p&gt;&lt;/div&gt;" /></Field><Field Name ="UMLS Concepts"><FieldValue Value="ICD9CM: Allergic rhinitis, cause unspecified  (477.9); Allergic urticaria  (708.0); Conjunctivitis, unspecified  (372.30); Dermatitis due to food taken internally  (693.1); General physical examination  (89.7); Other adverse food reactions, not elsewhere classified  (995.7); Other atopic dermatitis and related conditions  (691.8); Urticaria, unspecified  (708.9)"/><FieldValue Value="MSH: Anaphylaxis ; Asthma ; Community Health Services ; Conjunctivitis ; Conjunctivitis, Allergic ; Dermatitis, Atopic ; Food Hypersensitivity ; Kinesiology, Applied ; Medical History Taking ; Physical Examination ; Primary Health Care ; Referral and Consultation ; Rhinitis, Allergic ; Skin Tests ; Social Support ; Urticaria "/><FieldValue Value="MTH: Allergen specific IgE antibody measurement by method ; Allergic asthma ; Allergic Conjunctivitis ; Allergic rhinitis (disorder) ; Allergy testing ; anaphylaxis ; Asthma ; Conjunctivitis ; Dermatitis, Atopic ; Food Allergy ; Hypersensitivity skin testing ; Other adverse food reactions, not elsewhere classified in ICD10CM ; physical examination ; Primary Health Care ; serum allergen specific IgG antibody test ; Social support ; Urticaria "/><FieldValue Value="SNOMEDCT_US: Allergen specific IgE antibody measurement by method  (397698003); Allergic asthma  (389145006); Allergic conjunctivitis  (231854006); Allergic conjunctivitis  (473460002); Allergic rhinitis  (61582004); Allergic urticaria  (40178009); Anaphylaxis  (39579001); Asthma  (195967001); Atopic dermatitis  (200775004); Atopic dermatitis  (24079001); Community health services  (413294000); Conjunctivitis  (9826008); Elimination diet  (226194001); Food allergy  (414285001); Hypersensitivity skin testing  (164838003); Hypersensitivity skin testing  (268377001); Hypersensitivity skin testing  (53309004); Ingestion dermatitis due to food  (200895000); Physical assessment  (302199004); Physical assessment  (5880005); Physical assessment  (81375008); Urticaria  (126485001); Urticaria  (64305001)"/></Field></Section><Section SecID="396" OrdBy="300" Name="Scope"><Field FieldID="140" OrdBy="305" ID="397" Name="Disease/Condition(s)" Type="text"><FieldValue Value="&lt;div class=&quot;content_para&quot;&gt;&lt;p&gt;Food allergy (immunoglobulin E [IgE]-mediated and non-IgE-mediated)&lt;/p&gt;&#xD;&#xA;&lt;p class=&quot;Note&quot;&gt;&lt;strong&gt;Note&lt;/strong&gt;: This guideline does not cover non-immunologically mediated (that is, non-allergic) food intolerance such as an intolerance to lactose.&lt;/p&gt;&lt;/div&gt;" /></Field><Field FieldID="103" OrdBy="310" ID="398" Name="Guideline Category" Type="picklist-many"><FieldValue Value="Counseling" /><FieldValue Value="Diagnosis" /><FieldValue Value="Evaluation" /></Field><Field FieldID="113" OrdBy="315" ID="399" Name="Clinical Specialty" Type="picklist-many"><FieldValue Value="Allergy and Immunology" /><FieldValue Value="Dermatology" /><FieldValue Value="Emergency Medicine" /><FieldValue Value="Family Practice" /><FieldValue Value="Gastroenterology" /><FieldValue Value="Nutrition" /><FieldValue Value="Pediatrics" /></Field><Field FieldID="114" OrdBy="320" ID="400" Name="Intended Users" Type="picklist-many"><FieldValue Value="Advanced Practice Nurses" /><FieldValue Value="Allied Health Personnel" /><FieldValue Value="Dietitians" /><FieldValue Value="Health Care Providers" /><FieldValue Value="Nurses" /><FieldValue Value="Pharmacists" /><FieldValue Value="Physician Assistants" /><FieldValue Value="Physicians" /></Field><Field FieldID="129" OrdBy="325" ID="401" Name="Guideline Objective(s)" Type="text"><FieldValue Value="&lt;div class=&quot;content_para&quot;&gt;&lt;p&gt;To offer best practice advice on the care of children and young people with suspected food allergies&lt;/p&gt;&lt;/div&gt;" /></Field><Field FieldID="132" OrdBy="330" ID="402" Name="Target Population" Type="text"><FieldValue Value="&lt;ul style=&quot;list-style-type: disc;&quot;&gt;&#xD;&#xA;    &lt;li&gt;Children and young people up to their 19th birthday with suspected food allergy presenting with symptoms such as atopic eczema, anaphylaxis, urticaria, rhinitis, conjunctivitis, asthma, gastrointestinal symptoms and oral allergy syndrome &lt;/li&gt;&#xD;&#xA;    &lt;li&gt;Children and young people up to their 19th birthday who are at higher risk of developing food allergy, specifically those with, but not exclusive to:&#xD;&#xA;    &lt;ul style=&quot;list-style-type: disc;&quot;&gt;&#xD;&#xA;        &lt;li&gt;Existing atopic diseases, such as asthma, atopic eczema or allergic rhinitis &lt;/li&gt;&#xD;&#xA;        &lt;li&gt;A first-degree relative (that is, a parent or sibling) with a food allergy or other atopic disease &lt;/li&gt;&#xD;&#xA;    &lt;/ul&gt;&#xD;&#xA;    &lt;/li&gt;&#xD;&#xA;&lt;/ul&gt;&#xD;&#xA;&lt;p class=&quot;Note&quot;&gt;&lt;strong&gt;Note&lt;/strong&gt;: Groups that are not covered:&lt;/p&gt;&#xD;&#xA;&lt;ul class=&quot;contentListFont&quot;&gt;&#xD;&#xA;    &lt;li&gt;Adults aged 19 years and over &lt;/li&gt;&#xD;&#xA;    &lt;li&gt;Children and young people with non-immunologically mediated (that is, non-allergic) food intolerance such as an intolerance to lactose &lt;/li&gt;&#xD;&#xA;    &lt;li&gt;Children and young people with a toxic reaction to food, such as protease inhibitors in legumes &lt;/li&gt;&#xD;&#xA;    &lt;li&gt;Children and young people with a pharmacological reaction to food, such as tyramine in cheese and pickled herrings &lt;/li&gt;&#xD;&#xA;    &lt;li&gt;Children and young people with a psychological reaction to food, such as food avoidance &lt;/li&gt;&#xD;&#xA;&lt;/ul&gt;" /></Field><Field FieldID="133" OrdBy="335" ID="403" Name="Interventions and Practices Considered" Type="text"><FieldValue Value="&lt;ol style=&quot;list-style-type: decimal;&quot; start=&quot;1&quot;&gt;&#xD;&#xA;    &lt;li&gt;Assessment of signs and symptoms of food allergy &lt;/li&gt;&#xD;&#xA;    &lt;li&gt;Allergy-focused clinical history &lt;/li&gt;&#xD;&#xA;    &lt;li&gt;Physical examination, with attention to growth and physical signs of malnutrition and signs indicating allergy-related comorbidities &lt;/li&gt;&#xD;&#xA;    &lt;li&gt;Skin prick test and/or blood tests for specific immunoglobulin E (IgE) antibodies to the suspected foods and likely co-allergens &lt;/li&gt;&#xD;&#xA;    &lt;li&gt;For suspected non-IgE-mediated food allergy, trial elimination of the suspected allergen and reintroduction after the trial &lt;/li&gt;&#xD;&#xA;    &lt;li&gt;Provision of information and support to the child or young person and their parent or carer &lt;/li&gt;&#xD;&#xA;    &lt;li&gt;Referral to secondary or specialist care &lt;/li&gt;&#xD;&#xA;&lt;/ol&gt;&#xD;&#xA;&lt;p class=&quot;Note&quot;&gt;&lt;strong&gt;Note&lt;/strong&gt;: The following interventions were considered but not recommended: Vega test, applied kinesiology, hair analysis, and serum-specific immunoglobulin G (IgG) testing.&lt;/p&gt;" /></Field><Field FieldID="134" OrdBy="340" ID="404" Name="Major Outcomes Considered" Type="text"><FieldValue Value="&lt;ul style=&quot;list-style-type: disc;&quot;&gt;&#xD;&#xA;    &lt;li&gt;Utility of various tools, history taking and physical examination for the correct diagnosis and assessment of immunoglobulin E (IgE), non-IgE, or mixed-IgE-mediated food allergy &lt;/li&gt;&#xD;&#xA;    &lt;li&gt;Rates of referral to secondary or specialist care &lt;/li&gt;&#xD;&#xA;    &lt;li&gt;Adverse events associated with diagnostic tools &lt;/li&gt;&#xD;&#xA;    &lt;li&gt;Health-related quality of life associated with diagnosis or misdiagnosis of food allergy &lt;/li&gt;&#xD;&#xA;    &lt;li&gt;Resource use and costs &lt;/li&gt;&#xD;&#xA;&lt;/ul&gt;" /></Field></Section><Section SecID="405" OrdBy="400" Name="Methodology"><Field FieldID="109" OrdBy="405" ID="406" Name="Methods Used to Collect/Select the Evidence" Type="picklist-many"><FieldValue Value="Hand-searches of Published Literature (Primary Sources)" /><FieldValue Value="Hand-searches of Published Literature (Secondary Sources)" /><FieldValue Value="Searches of Electronic Databases" /><FieldValue Value="Searches of Unpublished Data" /></Field><Field FieldID="135" OrdBy="410" ID="407" Name="Description of Methods Used to Collect/Select the Evidence" Type="text"><FieldValue Value="&lt;div class=&quot;content_para&quot;&gt;&lt;p&gt;&lt;strong&gt;Note from the National Guideline Clearinghouse (NGC)&lt;/strong&gt;: This guideline was developed by the Centre for Clinical Practice at the National Institute for Health and Clinical Excellence (NICE). See the &quot;Availability of Companion Documents&quot; field for the full version of this guidance.&lt;/p&gt;&#xD;&#xA;&lt;p&gt;The evidence reviews used to develop the guideline recommendations were underpinned by systematic literature searches, following the methods described in &quot;The guidelines manual&quot; (2009) (see the &quot;Availability of Companion Documents&quot; field).&lt;/p&gt;&#xD;&#xA;&lt;p&gt;The search strategies for the key clinical questions were developed by the Information Services Team with advice from the Short Clinical Guidelines Technical Team (see the &quot;Description of Methods Used to Analyze the Evidence&quot; field for the list of questions). Structured clinical questions were developed using the PICO (population, intervention, comparison, outcome) model and were translated into search strategies using subject heading and free text terms. The strategies were run across a number of databases with no date restrictions imposed on the searches.&lt;/p&gt;&#xD;&#xA;&lt;p&gt;To identify economic evaluations the NHS Economic Evaluation Database (NHS EED) and the Health Economic Evaluations Database (HEED) were searched. Search filters to identify economic evaluations and quality of life studies were used to interrogate bibliographic databases. There were no date restrictions imposed on the searches.&lt;/p&gt;&#xD;&#xA;&lt;p&gt;In addition to the systematic literature searches, the Guideline Development Group members were asked to alert the Short Clinical Guidelines Technical Team to any additional evidence, published, unpublished or in press, that met the inclusion criteria. &lt;/p&gt;&#xD;&#xA;&lt;p&gt;The searches were undertaken between January to March 2010.&lt;/p&gt;&#xD;&#xA;&lt;p&gt;&lt;strong&gt;Scoping Searches&lt;/strong&gt;&lt;/p&gt;&#xD;&#xA;&lt;p&gt;Scoping searches were undertaken in October 2009 using the following websites and databases (listed in alphabetical order); browsing or simple search strategies were employed. The search results were used to provide information for scope development and project planning. Refer to Appendix 1.2 in the full version of the original guideline document for a list of sources and databases used in the scoping searches.&lt;/p&gt;&#xD;&#xA;&lt;p&gt;&lt;strong&gt;Main Searches&lt;/strong&gt;&lt;/p&gt;&#xD;&#xA;&lt;p&gt;The following sources were searched for the topics presented in the sections below.&lt;/p&gt;&#xD;&#xA;&lt;ul style=&quot;list-style-type: disc;&quot;&gt;&#xD;&#xA;    &lt;li&gt;Clinical Trials.gov &lt;/li&gt;&#xD;&#xA;    &lt;li&gt;Current Controlled Trials &lt;/li&gt;&#xD;&#xA;    &lt;li&gt;Cochrane Database of Systematic Reviews &amp;ndash; CDSR (Wiley) &lt;/li&gt;&#xD;&#xA;    &lt;li&gt;Cochrane Central Register of Controlled Trials &amp;ndash; CENTRAL (Wiley) &lt;/li&gt;&#xD;&#xA;    &lt;li&gt;Database of Abstracts of Reviews of Effects &amp;ndash; DARE (CRD) &lt;/li&gt;&#xD;&#xA;    &lt;li&gt;Health Technology Assessment Database &amp;ndash; HTA (CRD) &lt;/li&gt;&#xD;&#xA;    &lt;li&gt;CINAHL (HDAS via NHS Evidence) &lt;/li&gt;&#xD;&#xA;    &lt;li&gt;EMBASE (Ovid) &lt;/li&gt;&#xD;&#xA;    &lt;li&gt;MEDLINE (Ovid) &lt;/li&gt;&#xD;&#xA;    &lt;li&gt;MEDLINE In-Process (Ovid) &lt;/li&gt;&#xD;&#xA;    &lt;li&gt;National Research Register Archive &lt;/li&gt;&#xD;&#xA;    &lt;li&gt;UK Clinical Research Network &lt;/li&gt;&#xD;&#xA;&lt;/ul&gt;&#xD;&#xA;&lt;p&gt;The searches addressed questions about diagnosis and referral to secondary care as well as patient information needs. A review of reviews was undertaken to attempt to focus in on reviews of the evidence and in this case a systematic review filter was applied, the other searches were not limited by study design.&lt;/p&gt;&#xD;&#xA;&lt;p&gt;The MEDLINE search strategies were translated for use in all of the other databases. Detailed information on the search strategy can be found in Appendix 1.2 of the full version of the original guideline.&lt;/p&gt;&#xD;&#xA;&lt;p&gt;&lt;strong&gt;Cost Effectiveness Selection&lt;/strong&gt;&lt;/p&gt;&#xD;&#xA;&lt;p&gt;Given the paucity of available information Guideline Development Group (GDG) opinion was used in the identification and selection of papers and data.&lt;/p&gt;&lt;/div&gt;" /></Field><Field FieldID="136" OrdBy="415" ID="408" Name="Number of Source Documents" Type="text"><FieldValue Value="&lt;div class=&quot;content_para&quot;&gt;&lt;p&gt;Not stated&lt;/p&gt;&lt;/div&gt;" /></Field><Field FieldID="115" OrdBy="420" ID="409" Name="Methods Used to Assess the Quality and Strength of the Evidence" Type="picklist-choice"><FieldValue Value="Expert Consensus" /></Field><Field FieldID="149" OrdBy="425" ID="410" Name="Rating Scheme for the Strength of the Evidence" Type="text"><FieldValue Value="&lt;div class=&quot;content_para&quot;&gt;&lt;p&gt;Not applicable&lt;/p&gt;&lt;/div&gt;" /></Field><Field FieldID="116" OrdBy="430" ID="411" Name="Methods Used to Analyze the Evidence" Type="picklist-many"><FieldValue Value="Decision Analysis" /><FieldValue Value="Review of Published Meta-Analyses" /><FieldValue Value="Systematic Review with Evidence Tables" /></Field><Field FieldID="150" OrdBy="435" ID="412" Name="Description of the Methods Used to Analyze the Evidence" Type="text"><FieldValue Value="&lt;div class=&quot;content_para&quot;&gt;&lt;p&gt;&lt;strong&gt;Note from the National Guideline Clearinghouse (NGC)&lt;/strong&gt;: This guideline was developed by the Centre for Clinical Practice at the National Institute for Health and Clinical Excellence (NICE). See the &quot;Availability of Companion Documents&quot; field for the full version of this guidance.&lt;/p&gt;&#xD;&#xA;&lt;p&gt;The guideline addresses six key clinical questions:&lt;/p&gt;&#xD;&#xA;&lt;ol style=&quot;list-style-type: decimal;&quot; start=&quot;1&quot;&gt;&#xD;&#xA;    &lt;li&gt;What elements should be included in an allergy-focused clinical history? &lt;/li&gt;&#xD;&#xA;    &lt;li&gt;What tests should be used to diagnose immunoglobulin E (IgE)-mediated allergy? &lt;/li&gt;&#xD;&#xA;    &lt;li&gt;What tests should be used to diagnose non-IgE-mediated food allergy? &lt;/li&gt;&#xD;&#xA;    &lt;li&gt;What information should be provided during the diagnostic process? &lt;/li&gt;&#xD;&#xA;    &lt;li&gt;When should referrals to secondary and/or specialist care be made? &lt;/li&gt;&#xD;&#xA;    &lt;li&gt;What is the value of alternative diagnostic tests? &lt;/li&gt;&#xD;&#xA;&lt;/ol&gt;&#xD;&#xA;&lt;p&gt;Wherever possible, grading of recommendations assessment, development and evaluation (GRADE) was used as a method to assess study quality. However, where GRADE tables were not appropriate, quality assessments were based on critical appraisal of the study design and limitations. GRADE is currently only developed for intervention studies and therefore was not appropriate for clinical questions one, four and five, which addressed clinical history taking, the information needs of the child or young person and referral to secondary or specialist care, respectively. Where GRADE was not used, its principles (indirectness, limitations, inconsistency, imprecision and other considerations) formed part of the discussion of the evidence with the Guideline Development Group (GDG). In question one the GDG did not identify any studies that compared clinical history taking with no clinical history taking. So studies in which clinical history had been taken were evaluated to identify the relevant questions for an allergy-focused clinical history. A review of reviews was done to analyse the risk factors that would be associated with likely development of food allergy. For question four most of the papers identified were qualitative papers, for which it is inappropriate to use a modified GRADE assessment. For question five no studies were identified comparing cohorts of children who had been referred with those who had not. For a full explanation of how this type of guideline is developed, see 'The guidelines manual' (2009) (see the &quot;Availability of Companion Documents&quot; field).&lt;/p&gt;&#xD;&#xA;&lt;p&gt;&lt;strong&gt;Cost Effectiveness&lt;/strong&gt;&lt;/p&gt;&#xD;&#xA;&lt;p&gt;A decision tree was used to model the diagnosis of food allergy in children and a subsequent Markov model was constructed to explore the long-term outcomes (see the &quot;Cost Analysis&quot; field). The model structure is outlined in Figure 1 of Appendix 3 of the full version of the original guideline document.&lt;/p&gt;&lt;/div&gt;" /></Field><Field FieldID="112" OrdBy="440" ID="413" Name="Methods Used to Formulate the Recommendations" Type="picklist-choice"><FieldValue Value="Expert Consensus" /></Field><Field FieldID="145" OrdBy="445" ID="414" Name="Description of Methods Used to Formulate the Recommendations" Type="text"><FieldValue Value="&lt;div class=&quot;content_para&quot;&gt;&lt;p&gt;&lt;strong&gt;Note from the National Guideline Clearinghouse (NGC)&lt;/strong&gt;: This guideline was developed by the Centre for Clinical Practice at the National Institute for Health and Clinical Excellence (NICE). See the &quot;Availability of Companion Documents&quot; field for the full version of this guidance.&lt;/p&gt;&#xD;&#xA;&lt;p&gt;&lt;strong&gt;Forming and Running the Short Clinical Guideline Development Group (GDG)&lt;/strong&gt;&lt;/p&gt;&#xD;&#xA;&lt;p&gt;Each short clinical guideline is developed by a unique GDG consisting of 10&amp;ndash;12 members, supported by the Short Clinical Guidelines Team. Each GDG has a Chair, healthcare professional members and a minimum of two patient and carer members. Co-opted expert advisers are recruited, as appropriate. A Clinical Adviser, who has specific content expertise and additional responsibilities, may also be appointed depending on the topic. Recruitment of the GDG Chair and members is carried out in accordance with NICE's policy.&lt;/p&gt;&#xD;&#xA;&lt;p&gt;The GDG makes its decisions using the best available evidence presented to it at GDG meetings by the Short Clinical Guidelines Team. The use of formal consensus methods within the GDG will be considered on a case-by-case basis.&lt;/p&gt;&#xD;&#xA;&lt;p&gt;&lt;strong&gt;Developing Review Questions&lt;/strong&gt;&lt;/p&gt;&#xD;&#xA;&lt;p&gt;A short clinical guideline has a narrow scope and covers only part of a care pathway. It addresses a maximum of three subject areas covering clinical management. This will result in a small number of key clinical issues. These are broken down into a defined number of review questions &amp;mdash; usually one or two per clinical management area. The exact number will be dictated by the size of the short clinical guideline remit and the amount of development time available.&lt;/p&gt;&#xD;&#xA;&lt;p&gt;&lt;strong&gt;Creating Guideline Recommendations&lt;/strong&gt;&lt;/p&gt;&#xD;&#xA;&lt;p&gt;Explicit methods of linking the evidence to recommendations are used for short clinical guidelines if the topic is suitable. This involves using the Grading of Recommendations Assessment, Development and Evaluation (GRADE) approach.&lt;/p&gt;&#xD;&#xA;&lt;p&gt;Research recommendations are formulated for short clinical guidelines. Their number is dependent on the size of the short clinical guideline remit and the amount of development time available.&lt;/p&gt;&#xD;&#xA;&lt;p&gt;&lt;strong&gt;Writing the Guideline&lt;/strong&gt;&lt;/p&gt;&#xD;&#xA;&lt;p&gt;There are usually three versions of short clinical guidelines:&lt;/p&gt;&#xD;&#xA;&lt;ul style=&quot;list-style-type: disc;&quot;&gt;&#xD;&#xA;    &lt;li&gt;The full guideline &amp;ndash; all the recommendations, details of how they were developed and summaries of the evidence they are based on. &lt;/li&gt;&#xD;&#xA;    &lt;li&gt;The quick reference guide &amp;ndash; a summary of the recommendations for healthcare professionals. &lt;/li&gt;&#xD;&#xA;    &lt;li&gt;Understanding NICE guidance' &amp;ndash; a summary for patients and carers. &lt;/li&gt;&#xD;&#xA;&lt;/ul&gt;&#xD;&#xA;&lt;p&gt;The full guideline is written by the Short Clinical Guidelines Team, following the principles in chapters 9 and 10 of 'The guidelines manual' (see the &quot;Availability of Companion Documents&quot; field).&lt;/p&gt;&lt;/div&gt;" /></Field><Field FieldID="146" OrdBy="450" ID="415" Name="Rating Scheme for the Strength of the Recommendations" Type="text"><FieldValue Value="&lt;div class=&quot;content_para&quot;&gt;&lt;p&gt;Not applicable&lt;/p&gt;&lt;/div&gt;" /></Field><Field FieldID="148" OrdBy="460" ID="417" Name="Cost Analysis" Type="text"><FieldValue Value="&lt;div class=&quot;content_para&quot;&gt;&lt;p&gt;The results from this analysis appear to suggest that skin prick and immunoglobulin E (IgE) blood testing to confirm a diagnosis of food allergy in children is associated with incremental cost-effectiveness ratios (ICERs) below a threshold of &amp;pound;20,000 per quality-adjusted life year (QALY) gained. The difference in quality of life between those with allergies and those without appears to be the main driver behind the cost effectiveness. Sensitivity analyses indicate that this decision is robust with very high probabilities of being cost effective. The skin prick test appears to be the most cost effective option; however this is likely to depend on the number of people tested per year to make sure that wastage does not occur.&lt;/p&gt;&#xD;&#xA;&lt;p&gt;The analysis is very simplistic in terms of the model structure and the data inputted into the model. Therefore, these results should be approached with caution. The full impact of allergies on individuals and the health service are not captured fully by the analysis. Nutritional well being of the child and the impact of repeat appointments from concerned parents are not comprehensively captured by the analysis. It is unclear in which way these factors would affect the cost effectiveness estimates.&lt;/p&gt;&#xD;&#xA;&lt;p&gt;The results presented should be considered exploratory given the significant issues in the quality of data and assumptions made.&lt;/p&gt;&lt;/div&gt;" /></Field><Field FieldID="104" OrdBy="465" ID="418" Name="Method of Guideline Validation" Type="picklist-choice"><FieldValue Value="External Peer Review" /><FieldValue Value="Internal Peer Review" /></Field><Field FieldID="130" OrdBy="470" ID="419" Name="Description of Method of Guideline Validation" Type="text"><FieldValue Value="&lt;div class=&quot;content_para&quot;&gt;&lt;p&gt;The guideline was validated through two consultations.&lt;/p&gt;&#xD;&#xA;&lt;ol style=&quot;list-style-type: decimal;&quot; start=&quot;1&quot;&gt;&#xD;&#xA;    &lt;li&gt;The first draft of the guideline (the full guideline, National Institute for Health and Clinical Excellence [NICE] guideline, and Quick Reference Guide) were consulted with Stakeholders and comments were considered by the Guideline Development Group (GDG) &lt;/li&gt;&#xD;&#xA;    &lt;li&gt;The final consultation draft of the Full guideline, the NICE guideline and the Information for the Public were submitted to stakeholders for final comments. &lt;/li&gt;&#xD;&#xA;&lt;/ol&gt;&#xD;&#xA;&lt;p&gt;The final draft was submitted to the Guideline Review Panel for review prior to publication.&lt;/p&gt;&lt;/div&gt;" /></Field></Section><Section SecID="420" OrdBy="500" Name="Recommendations"><Field FieldID="151" OrdBy="505" ID="421" Name="Major Recommendations" Type="text"><FieldValue Value="&lt;div class=&quot;content_para&quot;&gt;&lt;p&gt;&lt;strong&gt;Note from the National Guideline Clearinghouse (NGC)&lt;/strong&gt;: This guideline was developed by the Centre for Clinical Practice at the National Institute for Health and Clinical Excellence (NICE). See the &quot;Availability of Companion Documents&quot; field for the full version of this guidance.&lt;/p&gt;&#xD;&#xA;&lt;p&gt;&lt;strong&gt;&lt;span style=&quot;text-decoration: underline;&quot;&gt;Assessment and Allergy-Focused Clinical History&lt;/span&gt;&lt;/strong&gt;&lt;/p&gt;&#xD;&#xA;&lt;p&gt;Consider the possibility of food allergy in children and young people who have one or more of the signs and symptoms in the table below. Pay particular attention to persistent symptoms that involve different organ systems.&lt;/p&gt;&#xD;&#xA;&lt;p&gt;&lt;strong&gt;Table: Signs and Symptoms of Possible Food Allergy&lt;/strong&gt;&lt;/p&gt;&#xD;&#xA;&lt;table border=&quot;1&quot; cellspacing=&quot;1&quot; cellpadding=&quot;3&quot; summary=&quot;Table: Signs and Symptoms of Possible Food Allergy&quot;&gt;&#xD;&#xA;    &lt;thead&gt;&#xD;&#xA;        &lt;tr&gt;&#xD;&#xA;            &lt;th valign=&quot;top&quot;&gt;Immunoglobulin E (IgE)-Mediated&lt;/th&gt;&#xD;&#xA;            &lt;th valign=&quot;top&quot;&gt;Non-IgE-Mediated&lt;/th&gt;&#xD;&#xA;        &lt;/tr&gt;&#xD;&#xA;    &lt;/thead&gt;&#xD;&#xA;    &lt;tbody&gt;&#xD;&#xA;        &lt;tr&gt;&#xD;&#xA;            &lt;th valign=&quot;top&quot; colspan=&quot;2&quot;&gt;The Skin&lt;/th&gt;&#xD;&#xA;        &lt;/tr&gt;&#xD;&#xA;        &lt;tr&gt;&#xD;&#xA;            &lt;td valign=&quot;top&quot;&gt;Pruritus&lt;/td&gt;&#xD;&#xA;            &lt;td valign=&quot;top&quot;&gt;Pruritus&lt;/td&gt;&#xD;&#xA;        &lt;/tr&gt;&#xD;&#xA;        &lt;tr&gt;&#xD;&#xA;            &lt;td valign=&quot;top&quot;&gt;Erythema&lt;/td&gt;&#xD;&#xA;            &lt;td valign=&quot;top&quot;&gt;Erythema&lt;/td&gt;&#xD;&#xA;        &lt;/tr&gt;&#xD;&#xA;        &lt;tr&gt;&#xD;&#xA;            &lt;td valign=&quot;top&quot;&gt;Acute urticaria &amp;ndash; localised or generalised&lt;/td&gt;&#xD;&#xA;            &lt;td valign=&quot;top&quot;&gt;Atopic eczema&lt;/td&gt;&#xD;&#xA;        &lt;/tr&gt;&#xD;&#xA;        &lt;tr&gt;&#xD;&#xA;            &lt;td valign=&quot;top&quot;&gt;Acute angioedema &amp;ndash; most commonly of the lips, face and around the eyes&lt;/td&gt;&#xD;&#xA;            &lt;td valign=&quot;top&quot;&gt;&amp;nbsp;&lt;/td&gt;&#xD;&#xA;        &lt;/tr&gt;&#xD;&#xA;        &lt;tr&gt;&#xD;&#xA;            &lt;th valign=&quot;top&quot; colspan=&quot;2&quot;&gt;The Gastrointestinal System&lt;/th&gt;&#xD;&#xA;        &lt;/tr&gt;&#xD;&#xA;        &lt;tr&gt;&#xD;&#xA;            &lt;td valign=&quot;top&quot;&gt;Angioedema of the lips, tongue and palate&lt;/td&gt;&#xD;&#xA;            &lt;td valign=&quot;top&quot;&gt;Gastro-oesophageal reflux disease&lt;/td&gt;&#xD;&#xA;        &lt;/tr&gt;&#xD;&#xA;        &lt;tr&gt;&#xD;&#xA;            &lt;td valign=&quot;top&quot;&gt;Oral pruritus&lt;/td&gt;&#xD;&#xA;            &lt;td valign=&quot;top&quot;&gt;Loose or frequent stools&lt;/td&gt;&#xD;&#xA;        &lt;/tr&gt;&#xD;&#xA;        &lt;tr&gt;&#xD;&#xA;            &lt;td valign=&quot;top&quot;&gt;Nausea&lt;/td&gt;&#xD;&#xA;            &lt;td valign=&quot;top&quot;&gt;Blood and/or mucus in stools&lt;/td&gt;&#xD;&#xA;        &lt;/tr&gt;&#xD;&#xA;        &lt;tr&gt;&#xD;&#xA;            &lt;td valign=&quot;top&quot;&gt;Colicky abdominal pain&lt;/td&gt;&#xD;&#xA;            &lt;td valign=&quot;top&quot;&gt;Abdominal pain&lt;/td&gt;&#xD;&#xA;        &lt;/tr&gt;&#xD;&#xA;        &lt;tr&gt;&#xD;&#xA;            &lt;td valign=&quot;top&quot;&gt;Vomiting&lt;/td&gt;&#xD;&#xA;            &lt;td valign=&quot;top&quot;&gt;Infantile colic&lt;/td&gt;&#xD;&#xA;        &lt;/tr&gt;&#xD;&#xA;        &lt;tr&gt;&#xD;&#xA;            &lt;td valign=&quot;top&quot;&gt;Diarrhoea&lt;/td&gt;&#xD;&#xA;            &lt;td valign=&quot;top&quot;&gt;Food refusal or aversion&lt;/td&gt;&#xD;&#xA;        &lt;/tr&gt;&#xD;&#xA;        &lt;tr&gt;&#xD;&#xA;            &lt;td valign=&quot;top&quot;&gt;&amp;nbsp;&lt;/td&gt;&#xD;&#xA;            &lt;td valign=&quot;top&quot;&gt;Constipation&lt;/td&gt;&#xD;&#xA;        &lt;/tr&gt;&#xD;&#xA;        &lt;tr&gt;&#xD;&#xA;            &lt;td valign=&quot;top&quot;&gt;&amp;nbsp;&lt;/td&gt;&#xD;&#xA;            &lt;td valign=&quot;top&quot;&gt;Perianal redness&lt;/td&gt;&#xD;&#xA;        &lt;/tr&gt;&#xD;&#xA;        &lt;tr&gt;&#xD;&#xA;            &lt;td valign=&quot;top&quot;&gt;&amp;nbsp;&lt;/td&gt;&#xD;&#xA;            &lt;td valign=&quot;top&quot;&gt;Pallor and tiredness&lt;/td&gt;&#xD;&#xA;        &lt;/tr&gt;&#xD;&#xA;        &lt;tr&gt;&#xD;&#xA;            &lt;td valign=&quot;top&quot;&gt;&amp;nbsp;&lt;/td&gt;&#xD;&#xA;            &lt;td valign=&quot;top&quot;&gt;Faltering growth in conjunction with at least one or more gastrointestinal symptoms above (with or without significant atopic eczema)&lt;/td&gt;&#xD;&#xA;        &lt;/tr&gt;&#xD;&#xA;        &lt;tr&gt;&#xD;&#xA;            &lt;th valign=&quot;top&quot; colspan=&quot;2&quot;&gt;The Respiratory System (usually in combination with one or more of the above symptoms and signs)&lt;/th&gt;&#xD;&#xA;        &lt;/tr&gt;&#xD;&#xA;        &lt;tr&gt;&#xD;&#xA;            &lt;td valign=&quot;top&quot;&gt;Upper respiratory tract symptoms (nasal itching, sneezing, rhinorrhoea or congestion [with or without conjunctivitis])&lt;/td&gt;&#xD;&#xA;            &lt;td valign=&quot;top&quot;&gt;&amp;nbsp;&lt;/td&gt;&#xD;&#xA;        &lt;/tr&gt;&#xD;&#xA;        &lt;tr&gt;&#xD;&#xA;            &lt;td valign=&quot;top&quot; colspan=&quot;2&quot;&gt;Lower respiratory tract symptoms (cough, chest tightness, wheezing or shortness of breath)&lt;/td&gt;&#xD;&#xA;        &lt;/tr&gt;&#xD;&#xA;        &lt;tr&gt;&#xD;&#xA;            &lt;th valign=&quot;top&quot; colspan=&quot;2&quot;&gt;Other&lt;/th&gt;&#xD;&#xA;        &lt;/tr&gt;&#xD;&#xA;        &lt;tr&gt;&#xD;&#xA;            &lt;td valign=&quot;top&quot;&gt;Signs or symptoms of anaphylaxis or other systemic allergic reactions&lt;/td&gt;&#xD;&#xA;            &lt;td valign=&quot;top&quot;&gt;&amp;nbsp;&lt;/td&gt;&#xD;&#xA;        &lt;/tr&gt;&#xD;&#xA;    &lt;/tbody&gt;&#xD;&#xA;&lt;/table&gt;&#xD;&#xA;&lt;p class=&quot;Note&quot;&gt;&lt;strong&gt;Note&lt;/strong&gt;: This list is not exhaustive. The absence of these symptoms does not exclude food allergy.&lt;/p&gt;&#xD;&#xA;&lt;p&gt;Consider the possibility of food allergy in children and young people whose symptoms do not respond adequately to treatment for:&lt;/p&gt;&#xD;&#xA;&lt;ul style=&quot;list-style-type: disc;&quot;&gt;&#xD;&#xA;    &lt;li&gt;Atopic eczema (for information about treatment for atopic eczema see the NICE guideline &lt;a href=&quot;http://guidance.nice.org.uk/CG57&quot; title=&quot;NICE Web site&quot;&gt;Atopic eczema in children. Management of atopic eczema in children from birth up to the age of 12 years&lt;/a&gt; [NICE clinical guideline 57]). &lt;/li&gt;&#xD;&#xA;    &lt;li&gt;Gastro-oesophageal reflux disease &lt;/li&gt;&#xD;&#xA;    &lt;li&gt;Chronic gastrointestinal symptoms, including chronic constipation &lt;/li&gt;&#xD;&#xA;&lt;/ul&gt;&#xD;&#xA;&lt;p&gt;If food allergy is suspected (by a healthcare professional or the parent, carer, child or young person), a healthcare professional with the appropriate competencies (either a general practitioner [GP] or other healthcare professional) should take an allergy-focused clinical history tailored to the presenting symptoms and age of the child or young person. This should include:&lt;/p&gt;&#xD;&#xA;&lt;ul style=&quot;list-style-type: disc;&quot;&gt;&#xD;&#xA;    &lt;li&gt;Any personal history of atopic disease (asthma, eczema or allergic rhinitis) &lt;/li&gt;&#xD;&#xA;    &lt;li&gt;Any individual and family history of atopic disease (such as asthma, eczema or allergic rhinitis) or food allergy in parents or siblings &lt;/li&gt;&#xD;&#xA;    &lt;li&gt;Details of any foods that are avoided and the reasons why &lt;/li&gt;&#xD;&#xA;    &lt;li&gt;An assessment of presenting symptoms and other symptoms that may be associated with food allergy (see the first recommendation and the table above), including questions about:&#xD;&#xA;    &lt;ul style=&quot;list-style-type: disc;&quot;&gt;&#xD;&#xA;        &lt;li&gt;The age of the child or young person when symptoms first started &lt;/li&gt;&#xD;&#xA;        &lt;li&gt;Speed of onset of symptoms following food contact &lt;/li&gt;&#xD;&#xA;        &lt;li&gt;Duration of symptoms &lt;/li&gt;&#xD;&#xA;        &lt;li&gt;Severity of reaction &lt;/li&gt;&#xD;&#xA;        &lt;li&gt;Frequency of occurrence &lt;/li&gt;&#xD;&#xA;        &lt;li&gt;Setting of reaction (for example, at school or home) &lt;/li&gt;&#xD;&#xA;        &lt;li&gt;Reproducibility of symptoms on repeated exposure &lt;/li&gt;&#xD;&#xA;        &lt;li&gt;What food and how much exposure to it causes a reaction &lt;/li&gt;&#xD;&#xA;    &lt;/ul&gt;&#xD;&#xA;    &lt;/li&gt;&#xD;&#xA;    &lt;li&gt;Cultural and religious factors that affect the foods they eat &lt;/li&gt;&#xD;&#xA;    &lt;li&gt;Who has raised the concern and suspects the food allergy &lt;/li&gt;&#xD;&#xA;    &lt;li&gt;What the suspected allergen is &lt;/li&gt;&#xD;&#xA;    &lt;li&gt;The child or young person's feeding history, including the age at which they were weaned and whether they were breastfed or formula-fed &amp;ndash; if the child is currently being breastfed, consider the mother's diet &lt;/li&gt;&#xD;&#xA;    &lt;li&gt;Details of any previous treatment, including medication, for the presenting symptoms and the response to this &lt;/li&gt;&#xD;&#xA;    &lt;li&gt;Any response to the elimination and reintroduction of foods &lt;/li&gt;&#xD;&#xA;&lt;/ul&gt;&#xD;&#xA;&lt;p&gt;Based on the findings of the allergy-focused clinical history, physically examine the child or young person, paying particular attention to:&lt;/p&gt;&#xD;&#xA;&lt;ul style=&quot;list-style-type: disc;&quot;&gt;&#xD;&#xA;    &lt;li&gt;Growth and physical signs of malnutrition &lt;/li&gt;&#xD;&#xA;    &lt;li&gt;Signs indicating allergy-related comorbidities (atopic eczema, asthma and allergic rhinitis). &lt;/li&gt;&#xD;&#xA;&lt;/ul&gt;&#xD;&#xA;&lt;p&gt;&lt;strong&gt;&lt;span style=&quot;text-decoration: underline;&quot;&gt;Diagnosis&lt;/span&gt;&lt;/strong&gt;&lt;/p&gt;&#xD;&#xA;&lt;p&gt;Food allergy can be classified into immunoglobulin E (IgE)-mediated and non-IgE-mediated allergy. IgE-mediated reactions are acute and frequently have a rapid onset. Non-IgE-mediated reactions are generally characterised by delayed and non-acute reactions.&lt;/p&gt;&#xD;&#xA;&lt;p&gt;&lt;strong&gt;IgE-Mediated Food Allergy&lt;/strong&gt;&lt;/p&gt;&#xD;&#xA;&lt;p&gt;Based on the results of the allergy-focused clinical history, if IgE-mediated allergy is suspected, offer the child or young person a skin prick test and/or blood tests for specific IgE antibodies to the suspected foods and likely co-allergens.&lt;/p&gt;&#xD;&#xA;&lt;p&gt;Tests should only be undertaken by healthcare professionals with the appropriate competencies to select, perform and interpret them.&lt;/p&gt;&#xD;&#xA;&lt;p&gt;Skin prick tests should only be undertaken where there are facilities to deal with an anaphylactic reaction.&lt;/p&gt;&#xD;&#xA;&lt;p&gt;Choose between a skin prick test and a specific IgE antibody blood test based on:&lt;/p&gt;&#xD;&#xA;&lt;ul style=&quot;list-style-type: disc;&quot;&gt;&#xD;&#xA;    &lt;li&gt;The results of the allergy-focused clinical history &lt;strong&gt;and&lt;/strong&gt; &lt;/li&gt;&#xD;&#xA;    &lt;li&gt;Whether the test is suitable for, safe for and acceptable to the child or young person (or their parent or carer) &lt;strong&gt;and&lt;/strong&gt; &lt;/li&gt;&#xD;&#xA;    &lt;li&gt;The available competencies of the healthcare professional to undertake the test and interpret the results &lt;/li&gt;&#xD;&#xA;&lt;/ul&gt;&#xD;&#xA;&lt;p&gt;Do not carry out allergy testing without first taking an allergy-focused clinical history. Interpret the results of tests in the context of information from the allergy-focused clinical history.&lt;/p&gt;&#xD;&#xA;&lt;p&gt;Do not use atopy patch testing or oral food challenges to diagnose IgE-mediated food allergy in primary care or community settings.&lt;/p&gt;&#xD;&#xA;&lt;p&gt;&lt;strong&gt;Non-IgE-Mediated Food Allergy&lt;/strong&gt;&lt;/p&gt;&#xD;&#xA;&lt;p&gt;Based on the results of the allergy-focused clinical history, if non-IgE-mediated food allergy is suspected, trial elimination of the suspected allergen (normally for between 2&amp;ndash;6 weeks) and reintroduce after the trial. Seek advice from a dietitian with appropriate competencies, about nutritional adequacies, timings of elimination and reintroduction, and follow-up.&lt;/p&gt;&#xD;&#xA;&lt;p&gt;&lt;strong&gt;Providing Information and Support to the Child or Young Person and Their Parent or Carer&lt;/strong&gt;&lt;/p&gt;&#xD;&#xA;&lt;p&gt;Based on the allergy-focused clinical history, offer the child or young person and their parent or carer, information that is age-appropriate about the:&lt;/p&gt;&#xD;&#xA;&lt;ul style=&quot;list-style-type: disc;&quot;&gt;&#xD;&#xA;    &lt;li&gt;Type of allergy suspected &lt;/li&gt;&#xD;&#xA;    &lt;li&gt;Risk of severe allergic reaction &lt;/li&gt;&#xD;&#xA;    &lt;li&gt;Potential impact of the suspected allergy on other healthcare issues, including vaccination &lt;/li&gt;&#xD;&#xA;    &lt;li&gt;Diagnostic process, which may include:&#xD;&#xA;    &lt;ul style=&quot;list-style-type: disc;&quot;&gt;&#xD;&#xA;        &lt;li&gt;An elimination diet followed by a possible planned rechallenge or initial food reintroduction procedure &lt;/li&gt;&#xD;&#xA;        &lt;li&gt;Skin prick tests and specific IgE antibody testing, including the safety and limitations of these tests &lt;/li&gt;&#xD;&#xA;        &lt;li&gt;Referral to secondary or specialist care. &lt;/li&gt;&#xD;&#xA;    &lt;/ul&gt;&#xD;&#xA;    &lt;/li&gt;&#xD;&#xA;&lt;/ul&gt;&#xD;&#xA;&lt;p&gt;Offer the child or young person and their parent or carer, information that is relevant to the type of allergy (IgE-mediated, non-IgE-mediated or mixed).&lt;/p&gt;&#xD;&#xA;&lt;p&gt;If a food elimination diet is advised as part of the diagnostic process (see &quot;Non-IgE-Mediated Food Allergy,&quot; above), offer the child or young person and their parent or carer, taking into account socioeconomic status and cultural and religious issues, information on:&lt;/p&gt;&#xD;&#xA;&lt;ul style=&quot;list-style-type: disc;&quot;&gt;&#xD;&#xA;    &lt;li&gt;What foods and drinks to avoid &lt;/li&gt;&#xD;&#xA;    &lt;li&gt;How to interpret food labels &lt;/li&gt;&#xD;&#xA;    &lt;li&gt;Alternative sources of nutrition to ensure adequate nutritional intake &lt;/li&gt;&#xD;&#xA;    &lt;li&gt;The safety and limitations of an elimination diet &lt;/li&gt;&#xD;&#xA;    &lt;li&gt;The proposed duration of the elimination diet &lt;/li&gt;&#xD;&#xA;    &lt;li&gt;When, where and how an oral food challenge or food reintroduction procedure may be undertaken &lt;/li&gt;&#xD;&#xA;    &lt;li&gt;The safety and limitations of the oral food challenge or food reintroduction procedure &lt;/li&gt;&#xD;&#xA;&lt;/ul&gt;&#xD;&#xA;&lt;p&gt;For babies and young children with suspected allergy to cows' milk protein, offer:&lt;/p&gt;&#xD;&#xA;&lt;ul style=&quot;list-style-type: disc;&quot;&gt;&#xD;&#xA;    &lt;li&gt;Food avoidance advice to breastfeeding mothers &lt;/li&gt;&#xD;&#xA;    &lt;li&gt;Information on the most appropriate hypoallergenic formula or milk substitute to mothers of formula-fed babies &lt;/li&gt;&#xD;&#xA;&lt;/ul&gt;&#xD;&#xA;&lt;p&gt;Seek advice from a dietitian with appropriate competencies.&lt;/p&gt;&#xD;&#xA;&lt;p&gt;Offer the child or young person, or their parent or carer, information about the support available and details of how to contact support groups.&lt;/p&gt;&#xD;&#xA;&lt;p&gt;&lt;strong&gt;Referral to Secondary or Specialist Care&lt;/strong&gt;&lt;/p&gt;&#xD;&#xA;&lt;p&gt;Based on the allergy-focused clinical history, consider referral to secondary or specialist care in any of the following circumstances.&lt;/p&gt;&#xD;&#xA;&lt;ul style=&quot;list-style-type: disc;&quot;&gt;&#xD;&#xA;    &lt;li&gt;The child or young person has:&#xD;&#xA;    &lt;ul style=&quot;list-style-type: disc;&quot;&gt;&#xD;&#xA;        &lt;li&gt;Faltering growth in combination with one or more of the gastrointestinal symptoms described in the first recommendation and the table above &lt;/li&gt;&#xD;&#xA;        &lt;li&gt;Not responded to a single-allergen elimination diet &lt;/li&gt;&#xD;&#xA;        &lt;li&gt;Had one or more acute systemic reactions &lt;/li&gt;&#xD;&#xA;        &lt;li&gt;Had one or more severe delayed reactions &lt;/li&gt;&#xD;&#xA;        &lt;li&gt;Confirmed IgE-mediated food allergy and concurrent asthma &lt;/li&gt;&#xD;&#xA;        &lt;li&gt;Significant atopic eczema where multiple or cross-reactive food allergies are suspected by the parent or carer &lt;/li&gt;&#xD;&#xA;    &lt;/ul&gt;&#xD;&#xA;    &lt;/li&gt;&#xD;&#xA;    &lt;li&gt;There is:&#xD;&#xA;    &lt;ul style=&quot;list-style-type: disc;&quot;&gt;&#xD;&#xA;        &lt;li&gt;Persisting parental suspicion of food allergy (especially in children or young people with difficult or perplexing symptoms) despite a lack of supporting history &lt;/li&gt;&#xD;&#xA;        &lt;li&gt;Strong clinical suspicion of IgE-mediated food allergy but allergy test results are negative &lt;/li&gt;&#xD;&#xA;        &lt;li&gt;Clinical suspicion of multiple food allergies &lt;/li&gt;&#xD;&#xA;    &lt;/ul&gt;&#xD;&#xA;    &lt;/li&gt;&#xD;&#xA;&lt;/ul&gt;&#xD;&#xA;&lt;p&gt;&lt;strong&gt;Alternative Diagnostic Tools&lt;/strong&gt;&lt;/p&gt;&#xD;&#xA;&lt;p&gt;Do not use the following alternative diagnostic tests in the diagnosis of food allergy:&lt;/p&gt;&#xD;&#xA;&lt;ul style=&quot;list-style-type: disc;&quot;&gt;&#xD;&#xA;    &lt;li&gt;Vega test &lt;/li&gt;&#xD;&#xA;    &lt;li&gt;Applied kinesiology &lt;/li&gt;&#xD;&#xA;    &lt;li&gt;Hair analysis &lt;/li&gt;&#xD;&#xA;&lt;/ul&gt;&#xD;&#xA;&lt;p&gt;Do not use serum-specific immunoglobulin G (IgG) testing in the diagnosis of food allergy.&lt;/p&gt;&lt;/div&gt;" /></Field><Field FieldID="138" OrdBy="515" ID="423" Name="Clinical Algorithm(s)" Type="text"><FieldValue Value="&lt;div class=&quot;content_para&quot;&gt;&lt;p&gt;A care pathway for the diagnosis of food allergy is provided in the Quick Reference Guide (see the &quot;Availability of Companion Documents&quot; field).&lt;/p&gt;&lt;/div&gt;" /></Field></Section><Section SecID="424" OrdBy="600" Name="Evidence Supporting the Recommendations"><Field FieldID="139" OrdBy="610" ID="426" Name="Type of Evidence Supporting the Recommendations" Type="text"><FieldValue Value="&lt;div class=&quot;content_para&quot;&gt;&lt;p&gt;The type of evidence supporting the recommendations is not specifically stated.&lt;/p&gt;&lt;/div&gt;" /></Field></Section><Section SecID="427" OrdBy="700" Name="Benefits/Harms of Implementing the Guideline Recommendations"><Field FieldID="152" OrdBy="705" ID="428" Name="Potential Benefits" Type="text"><FieldValue Value="&lt;div class=&quot;content_para&quot;&gt;&lt;p&gt;Appropriate diagnosis, assessment, and referral of children and adolescents with food allergies&lt;/p&gt;&lt;/div&gt;" /></Field><Field FieldID="153" OrdBy="710" ID="429" Name="Potential Harms" Type="text"><FieldValue Value="&lt;ul style=&quot;list-style-type: disc;&quot;&gt;&#xD;&#xA;    &lt;li&gt;There is a risk of anaphylactic reaction with skin prick tests. &lt;/li&gt;&#xD;&#xA;    &lt;li&gt;There is the potential risks of an immediate allergic reaction on reintroduction following a period of elimination in children who have presented with an apparently non-immunoglobulin E (IgE)-mediated food allergy (particularly with symptoms of eczema). &lt;/li&gt;&#xD;&#xA;&lt;/ul&gt;" /></Field></Section><Section SecID="432" OrdBy="900" Name="Qualifying Statements"><Field FieldID="137" OrdBy="905" ID="433" Name="Qualifying Statements" Type="text"><FieldValue Value="&lt;ul style=&quot;list-style-type: disc;&quot;&gt;&#xD;&#xA;    &lt;li&gt;National Institute for Health and Clinical Excellence (NICE) clinical guidelines are recommendations about the treatment and care of people with specific diseases and conditions in the National Health Service (NHS) in England and Wales. This guidance represents the view of NICE, which was arrived at after careful consideration of the evidence available. Healthcare professionals are expected to take it fully into account when exercising their clinical judgement. However, the guidance does not override the individual responsibility of healthcare professionals to make decisions appropriate to the circumstances of the individual patient, in consultation with the patient and/or guardian or carer, and informed by the summary of product characteristics of any drugs they are considering. &lt;/li&gt;&#xD;&#xA;    &lt;li&gt;Implementation of this guidance is the responsibility of local commissioners and/or providers. Commissioners and providers are reminded that it is their responsibility to implement the guidance, in their local context, in light of their duties to avoid unlawful discrimination and to have regard to promoting equality of opportunity. Nothing in this guidance should be interpreted in a way that would be inconsistent with compliance with those duties. &lt;/li&gt;&#xD;&#xA;&lt;/ul&gt;" /></Field></Section><Section SecID="434" OrdBy="1000" Name="Implementation of the Guideline"><Field FieldID="131" OrdBy="1010" ID="436" Name="Description of Implementation Strategy" Type="text"><FieldValue Value="&lt;div class=&quot;content_para&quot;&gt;&lt;p&gt;The National Institute for Health and Clinical Excellence (NICE) has developed tools to help organisations implement this guidance (see &lt;a href=&quot;http://guidance.nice.org.uk/CG116&quot; title=&quot;NICE Web site&quot;&gt;http://guidance.nice.org.uk/CG116&lt;/a&gt;; see also the &quot;Availability of Companion Documents&quot; field).&lt;/p&gt;&lt;/div&gt;" /></Field><Field FieldID="117" OrdBy="1015" ID="437" Name="Implementation Tools" Type="picklist-many"><FieldValue Value="Audit Criteria/Indicators" /><FieldValue Value="Chart Documentation/Checklists/Forms" /><FieldValue Value="Clinical Algorithm" /><FieldValue Value="Foreign Language Translations" /><FieldValue Value="Patient Resources" /><FieldValue Value="Quick Reference Guides/Physician Guides" /><FieldValue Value="Resources" /><FieldValue Value="Slide Presentation" /></Field></Section><Section SecID="439" OrdBy="1100" Name="Institute of Medicine (IOM) National Healthcare Quality Report Categories"><Field FieldID="50" OrdBy="1105" ID="440" Name="IOM Care Need" Type="picklist-many"><FieldValue Value="Getting Better" /><FieldValue Value="Living with Illness" /><FieldValue Value="Staying Healthy" /></Field><Field FieldID="51" OrdBy="1110" ID="441" Name="IOM Domain" Type="picklist-many"><FieldValue Value="Effectiveness" /><FieldValue Value="Patient-centeredness" /></Field></Section><Section SecID="442" OrdBy="1200" Name="Identifying Information and Availability"><Field FieldID="97" OrdBy="1201" ID="392" Name="Bibliographic Source(s)" Type="citation"><FieldValue Value="&lt;table&gt;&lt;tr&gt;&lt;td&gt;Centre for Clinical Practice. Food allergy in children and young people. Diagnosis and assessment of food allergy in children and young people in primary care and community settings. London (UK): National Institute for Health and Clinical Excellence (NICE); 2011 Feb. 28 p.&amp;nbsp;(Clinical guideline; no. 116).&amp;nbsp;&lt;/td&gt;&lt;/tr&gt;&lt;/table&gt;" /></Field><Field FieldID="124" OrdBy="1205" ID="443" Name="Adaptation" Type="text"><FieldValue Value="&lt;div class=&quot;content_para&quot;&gt;&lt;p&gt;Not applicable: The guideline was not adapted from another source.&lt;/p&gt;&lt;/div&gt;" /></Field><Field FieldID="128" OrdBy="1215" ID="445" Name="Date Released" Type="text"><FieldValue Value="2011 Feb" /></Field><Field FieldID="158" OrdBy="1225" ID="447" Name="Guideline Developer(s)" Type="orglist-p"><FieldValue Value="National Institute for Health and Care Excellence (NICE) - National Government Agency [Non-U.S.]" /></Field><Field FieldID="125" OrdBy="1235" ID="449" Name="Source(s) of Funding" Type="text"><FieldValue Value="&lt;div class=&quot;content_para&quot;&gt;&lt;p&gt;National Institute for Health and Clinical Excellence (NICE)&lt;/p&gt;&lt;/div&gt;" /></Field><Field FieldID="126" OrdBy="1240" ID="450" Name="Guideline Committee" Type="text"><FieldValue Value="&lt;div class=&quot;content_para&quot;&gt;&lt;p&gt;Guideline Development Group&lt;/p&gt;&lt;/div&gt;" /></Field><Field FieldID="127" OrdBy="1245" ID="451" Name="Composition of Group That Authored the Guideline" Type="text"><FieldValue Value="&lt;div class=&quot;content_para&quot;&gt;&lt;p&gt;&lt;em&gt;Guideline Development Group Members&lt;/em&gt;: Peter Barry (&lt;em&gt;Chair&lt;/em&gt;), Consultant in Paediatric Intensive Care, University Hospitals of Leicester NHS Trust; Paula Beattie, Consultant Dermatologist, Royal Hospital for Sick Children, Glasgow; Trevor Brown, Consultant Paediatric Allergist, Secondary Care, The Ulster Hospital, Northern Ireland; Sue Clarke, Clinical Lead/Lecturer in Allergy and Paediatric Asthma/Practice Nurse, Crown Health Centre, Haverhill; Mandy East, Patient/Carer member, National Allergy Strategy Group &amp;amp; Anaphylaxis Campaign; Adam Fox, Consultant in Paediatric Allergy, Guy's &amp;amp; St Thomas's Hospitals NHS Foundation Trust, London; Peter MacFarlane, Consultant Paediatrician, Rotherham General Hospital; Amanda Roberts, Patient/Carer member; Carina Venter, Senior Dietitian, St. Mary's Hospital, Newport, Isle of Wight; Lisa Waddell, Community paediatric dietitian, NHS Nottingham City; Joanne Walsh, General Practitioner, The Medical Centre, Costessey, Norwich&lt;/p&gt;&lt;/div&gt;" /></Field><Field FieldID="147" OrdBy="1250" ID="452" Name="Financial Disclosures/Conflicts of Interest" Type="text"><FieldValue Value="&lt;div class=&quot;content_para&quot;&gt;&lt;p&gt;A full list of all declarations of interest made by this Guideline Development Group is available in &lt;a href=&quot;http://guidance.nice.org.uk/CG116/Guidance/Appendices/4/pdf/English&quot; title=&quot;NICE Web site&quot;&gt;Appendix 4&lt;/a&gt; of the full version of the original guideline document.&lt;/p&gt;&lt;/div&gt;" /></Field><Field FieldID="120" OrdBy="1256" ID="393" Name="Guideline Status" Type="text"><FieldValue Value="&lt;div class=&quot;content_para&quot;&gt;&lt;p&gt;This is the current release of the guideline.&lt;/p&gt;&lt;/div&gt;" /></Field><Field FieldID="118" OrdBy="1260" ID="454" Name="Guideline Availability" Type="text"><FieldValue Value="&lt;div class=&quot;content_para&quot;&gt;&lt;p&gt;Electronic copies: Available from the &lt;a href=&quot;http://guidance.nice.org.uk/CG116&quot; title=&quot;NICE Web site&quot;&gt;National Institute for Health and Clinical Excellence (NICE) Web site&lt;/a&gt;.&lt;/p&gt;&lt;/div&gt;" /></Field><Field FieldID="119" OrdBy="1265" ID="455" Name="Availability of Companion Documents" Type="text"><FieldValue Value="&lt;div class=&quot;content_para&quot;&gt;&lt;p&gt;The following are available:&lt;/p&gt;&#xD;&#xA;&lt;ul style=&quot;list-style-type: disc;&quot;&gt;&#xD;&#xA;    &lt;li&gt;Food allergy in children and young people. Diagnosis and assessment of food allergy in children and young people in primary care and community settings. Full guideline. London (UK): National Institute for Health and Clinical Excellence (NICE); 2011 Feb. 88 p. (Clinical guideline; no. 116). Electronic copies: Available in Portable Document Format (PDF) from the &lt;a href=&quot;http://guidance.nice.org.uk/CG116/Guidance&quot; title=&quot;NICE Web site&quot;&gt;NICE Web site&lt;/a&gt;. &lt;/li&gt;&#xD;&#xA;    &lt;li&gt;Food allergy in children and young people. Diagnosis and assessment of food allergy in children and young people in primary care and community settings. Quick reference guide. London (UK): National Institute for Health and Clinical Excellence (NICE); 2011 Feb. 6 p. (Clinical guideline; no. 116). Electronic copies: Available in Portable Document Format (PDF) from the &lt;a href=&quot;http://guidance.nice.org.uk/CG116/QuickRefGuide/pdf/English&quot; title=&quot;NICE Web site&quot;&gt;NICE Web site&lt;/a&gt;. &lt;/li&gt;&#xD;&#xA;    &lt;li&gt;Food allergy in children and young people. NICE Pathways. London (UK): National Institute for Health and Clinical Excellence (NICE); 2012 Mar. Various p. Electronic copies: Available from the &lt;a href=&quot;http://pathways.nice.org.uk/pathways/food-allergy-in-children-and-young-people&quot; title=&quot;NICE Web site&quot;&gt;NICE Web site&lt;/a&gt;. &lt;/li&gt;&#xD;&#xA;    &lt;li&gt;Food allergy in children and young people. Audit support. Implementing NICE guidance. London (UK): National Institute for Health and Clinical Excellence (NICE); 2011. 12 p. (Clinical guideline; no. 116). Electronic copies: Available from the &lt;a href=&quot;http://guidance.nice.org.uk/CG116/AuditSupport/doc/English&quot; title=&quot;NICE Web site&quot;&gt;NICE Web site&lt;/a&gt;. &lt;/li&gt;&#xD;&#xA;    &lt;li&gt;Food allergy in children and young people. Baseline assessment. Implementing NICE guidance. London (UK): National Institute for Health and Clinical Excellence (NICE); 2011. Various p. (Clinical guideline; no. 116). Electronic copies: Available from the &lt;a href=&quot;http://guidance.nice.org.uk/CG116/BaselineAssessment/xls/English&quot; title=&quot;NICE Web site&quot;&gt;NICE Web site&lt;/a&gt;. &lt;/li&gt;&#xD;&#xA;    &lt;li&gt;Food allergy in children and young people. Implementing NICE guidance. Slide set. London (UK): National Institute for Health and Clinical Excellence (NICE); 2011. 26 p. (Clinical guideline; no. 116). Electronic copies: Available from the &lt;a href=&quot;http://guidance.nice.org.uk/CG116/SlideSet/ppt/English&quot; title=&quot;NICE Web site&quot;&gt;NICE Web site&lt;/a&gt;. &lt;/li&gt;&#xD;&#xA;    &lt;li&gt;Food allergy in children and young people. Glossary of terms. Implementing NICE guidance. London (UK): National Institute for Health and Clinical Excellence (NICE); 2011. 8 p. (Clinical guideline; no. 116). Electronic copies: Available in Portable Document Format (PDF) from the &lt;a href=&quot;http://guidance.nice.org.uk/CG116/Glossary/pdf/English&quot; title=&quot;NICE Web site&quot;&gt;NICE Web site&lt;/a&gt;. &lt;/li&gt;&#xD;&#xA;    &lt;li&gt;Food allergy in children and young people. Podcast. London (UK): National Institute for Health and Clinical Excellence (NICE); 2011. (Clinical guideline; no. 116). Electronic copies: Available from the &lt;a href=&quot;http://www.nice.org.uk/newsroom/podcasts/index.jsp?pid=14&quot; title=&quot;NICE Web site&quot;&gt;NICE Web site&lt;/a&gt;. &lt;/li&gt;&#xD;&#xA;    &lt;li&gt;The guidelines manual 2009. London (UK): National Institute for Health and Clinical Excellence (NICE); 2009 Jan. Electronic copies: Available in Portable Document Format (PDF) from the &lt;a href=&quot;http://www.nice.org.uk/aboutnice/howwework/developingniceclinicalguidelines/clinicalguidelinedevelopmentmethods/GuidelinesManual2009.jsp&quot; title=&quot;NICE Web site&quot;&gt;NICE Web site&lt;/a&gt;. &lt;/li&gt;&#xD;&#xA;&lt;/ul&gt;&lt;/div&gt;" /></Field><Field FieldID="143" OrdBy="1275" ID="457" Name="Patient Resources" Type="text"><FieldValue Value="&lt;div class=&quot;content_para&quot;&gt;&lt;p&gt;The following is available:&lt;/p&gt;&#xD;&#xA;&lt;ul style=&quot;list-style-type: disc;&quot;&gt;&#xD;&#xA;    &lt;li&gt;Testing for food allergy in children and young people. Understanding NICE guidance - Information for people who use NHS services. London (UK): National Institute for Health and Clinical Excellence (NICE); 2011 Feb. 12 p. (Clinical guideline; no. 116). Electronic copies: Available in Portable Document Format (PDF) the &lt;a href=&quot;http://guidance.nice.org.uk/CG116/PublicInfo/pdf/English&quot; title=&quot;NICE Web site&quot;&gt;NICE Web site&lt;/a&gt;. Also available in Welsh from the &lt;a href=&quot;http://guidance.nice.org.uk/CG116/PublicInfo/doc/Welsh&quot; title=&quot;NICE Web site&quot;&gt;NICE Web site&lt;/a&gt;. &lt;/li&gt;&#xD;&#xA;&lt;/ul&gt;&#xD;&#xA;&lt;p class=&quot;Disclaimer&quot;&gt;Please note: This patient information is intended to provide health professionals with information to share with their patients to help them better understand their health and their diagnosed disorders. By providing access to this patient information, it is not the intention of NGC to provide specific medical advice for particular patients. Rather we urge patients and their representatives to review this material and then to consult with a licensed health professional for evaluation of treatment options suitable for them as well as for diagnosis and answers to their personal medical questions. This patient information has been derived and prepared from a guideline for health care professionals included on NGC by the authors or publishers of that original guideline. The patient information is not reviewed by NGC to establish whether or not it accurately reflects the original guideline's content.&lt;/p&gt;&lt;/div&gt;" /></Field><Field FieldID="142" OrdBy="1280" ID="458" Name="NGC Status" Type="text"><FieldValue Value="&lt;div class=&quot;content_para&quot;&gt;&lt;p&gt;This summary was completed by ECRI Institute on April 18, 2012.&lt;/p&gt;&#xD;&#xA;&lt;p&gt;The National Institute for Health and Clinical Excellence (NICE) has granted the National Guideline Clearinghouse (NGC) permission to include summaries of their clinical guidelines with the intention of disseminating and facilitating the implementation of that guidance. NICE has not yet verified this content to confirm that it accurately reflects that original NICE guidance and therefore no guarantees are given by NICE in this regard. All NICE clinical guidelines are prepared in relation to the National Health Service in England and Wales. NICE has not been involved in the development or adaptation of NICE guidance for use in any other country. The full versions of all NICE guidance can be found at &lt;a href=&quot;http://www.nice.org.uk&quot; title=&quot;NICE Web site&quot;&gt;www.nice.org.uk&lt;/a&gt;.&lt;/p&gt;&lt;/div&gt;" /></Field><Field FieldID="141" OrdBy="1290" ID="460" Name="Copyright Statement" Type="text"><FieldValue Value="&lt;div class=&quot;content_para&quot;&gt;&lt;p&gt;This NGC summary is based on the original guideline, which is subject to the guideline developer's copyright restrictions.&lt;/p&gt;&lt;/div&gt;" /></Field></Section><Section SecID="99999" OrdBy="99999" Name="Disclaimer"><Field FieldID="99999" OrdBy="99999" ID="99999" Name="NGC Disclaimer" Type="text"><FieldValue Value="&lt;p&gt;The National Guideline Clearinghouse™ (NGC) does not develop, produce, approve, or endorse the guidelines represented on this site.&lt;/p&gt; &#xD;&#xA;&lt;p&gt;All guidelines summarized by NGC and hosted on our site are produced under the auspices of medical specialty societies, relevant professional associations, public or private organizations, other government agencies, health care organizations or plans, and similar entities.&lt;/p&gt; &#xD;&#xA;&lt;p&gt;Guidelines represented on the NGC Web site are submitted by guideline developers, and are screened solely to determine that they meet the NGC Inclusion Criteria which may be found at &lt;a href=&quot;/about/inclusion-criteria.aspx&quot;&gt;http://www.guideline.gov/about/inclusion-criteria.aspx&lt;/a&gt;.&lt;/p&gt; &#xD;&#xA;&lt;p&gt;NGC, AHRQ, and its contractor ECRI Institute make no warranties concerning the content or clinical efficacy or effectiveness of the clinical practice guidelines and related materials represented on this site. Moreover, the views and opinions of developers or authors of guidelines represented on this site do not necessarily state or reflect those of NGC, AHRQ, or its contractor ECRI Institute, and inclusion or hosting of guidelines in NGC may not be used for advertising or commercial endorsement purposes.&lt;/p&gt; &#xD;&#xA;&lt;p&gt;Readers with questions regarding guideline content are directed to contact the guideline developer.&lt;/p&gt;" /></Field></Section></Version>
