<Version><xmlsource>This XML content was developed by AHRQ's contractor ECRI Institute for the National Guideline Clearinghouse (NGC).</xmlsource><Section SecID="390" OrdBy="100" Name="General"><Field FieldID="161" OrdBy="105" ID="391" Name="Guideline Title" Type="text"><FieldValue Value="&lt;div class=&quot;content_title&quot;&gt;Tocilizumab for the treatment of rheumatoid arthritis (rapid review of technology appraisal guidance 198).&lt;/div&gt;" /></Field><Field FieldID="97" OrdBy="110" ID="392" Name="Bibliographic Source(s)" Type="citation"><FieldValue Value="&lt;table&gt;&lt;tr&gt;&lt;td&gt;National Institute for Health and Clinical Excellence (NICE). Tocilizumab for the treatment of rheumatoid arthritis. London (UK): National Institute for Health and Clinical Excellence (NICE); 2012 Feb. 55 p.&amp;nbsp;(Technology appraisal guidance; no. 247).&amp;nbsp;&lt;/td&gt;&lt;/tr&gt;&lt;/table&gt;" /></Field><Field FieldID="120" OrdBy="115" ID="393" Name="Guideline Status" Type="text"><FieldValue Value="&lt;div class=&quot;content_para&quot;&gt;&lt;p&gt;This is the current release of the guideline.&lt;/p&gt;&#xD;&#xA;&lt;p&gt;This guideline updates a previous version: National Institute for Health and Clinical Excellence (NICE). Tocilizumab for the treatment of rheumatoid arthritis. London (UK): National Institute for Health and Clinical Excellence (NICE); 2010 Aug. 50 p. (Technology appraisal guidance; no. 198).&lt;/p&gt;&lt;/div&gt;" /></Field><Field Name ="UMLS Concepts"><FieldValue Value="ICD9CM: Rheumatoid arthritis  (714.0)"/><FieldValue Value="MSH: Antibodies, Monoclonal ; Antineoplastic Combined Chemotherapy Protocols ; Arthritis, Rheumatoid ; Drug Therapy, Combination ; Interleukin 1 Receptor Antagonist Protein ; Methotrexate ; Receptors, Interleukin-6 "/><FieldValue Value="MTH: Combination Drug Therapy ; Interleukin 1 Receptor Antagonist Protein ; Interleukin 6 Receptor ; interleukin-6 receptor binding activity ; Methotrexate ; Monoclonal Antibodies ; Rheumatoid Arthritis ; tocilizumab "/><FieldValue Value="PDQ: methotrexate "/><FieldValue Value="SNOMEDCT_US: Lymphocyte antigen CD126  (103169001); Methotrexate  (387381009); Methotrexate  (68887009); Monoclonal antibody  (49616005); Rheumatoid arthritis  (69896004); Tocilizumab  (444648007); Tocilizumab  (444649004)"/></Field></Section><Section SecID="396" OrdBy="300" Name="Scope"><Field FieldID="140" OrdBy="305" ID="397" Name="Disease/Condition(s)" Type="text"><FieldValue Value="&lt;div class=&quot;content_para&quot;&gt;&lt;p&gt;Rheumatoid arthritis&lt;/p&gt;&lt;/div&gt;" /></Field><Field FieldID="103" OrdBy="310" ID="398" Name="Guideline Category" Type="picklist-many"><FieldValue Value="Assessment of Therapeutic Effectiveness" /><FieldValue Value="Treatment" /></Field><Field FieldID="113" OrdBy="315" ID="399" Name="Clinical Specialty" Type="picklist-many"><FieldValue Value="Family Practice" /><FieldValue Value="Internal Medicine" /><FieldValue Value="Rheumatology" /></Field><Field FieldID="114" OrdBy="320" ID="400" Name="Intended Users" Type="picklist-many"><FieldValue Value="Advanced Practice Nurses" /><FieldValue Value="Nurses" /><FieldValue Value="Physician Assistants" /><FieldValue Value="Physicians" /></Field><Field FieldID="129" OrdBy="325" ID="401" Name="Guideline Objective(s)" Type="text"><FieldValue Value="&lt;div class=&quot;content_para&quot;&gt;&lt;p&gt;To evaluate the clinical effectiveness and cost-effectiveness of tocilizumab for the treatment of rheumatoid arthritis&lt;/p&gt;&lt;/div&gt;" /></Field><Field FieldID="132" OrdBy="330" ID="402" Name="Target Population" Type="text"><FieldValue Value="&lt;div class=&quot;content_para&quot;&gt;&lt;p&gt;Patients in England and Wales with moderate to severe active rheumatoid arthritis whose rheumatoid arthritis has responded inadequately to one or more disease modifying anti-rheumatic drugs (DMARDs) or tumour necrosis factor alpha (TNF-&amp;alpha;) inhibitors and whose rheumatoid arthritis has responded inadequately to rituximab, or in whom rituximab is not tolerated or is contraindicated&lt;/p&gt;&lt;/div&gt;" /></Field><Field FieldID="133" OrdBy="335" ID="403" Name="Interventions and Practices Considered" Type="text"><FieldValue Value="&lt;div class=&quot;content_para&quot;&gt;&lt;p&gt;Tocilizumab in combination with methotrexate&lt;/p&gt;&lt;/div&gt;" /></Field><Field FieldID="134" OrdBy="340" ID="404" Name="Major Outcomes Considered" Type="text"><FieldValue Value="&lt;ul style=&quot;list-style-type: disc;&quot;&gt;&#xD;&#xA;    &lt;li&gt;Clinical effectiveness&#xD;&#xA;    &lt;ul style=&quot;list-style-type: disc;&quot;&gt;&#xD;&#xA;        &lt;li&gt;American College of Rheumatology (ACR) scores &lt;/li&gt;&#xD;&#xA;        &lt;li&gt;Disease Activity Scores (DAS) &lt;/li&gt;&#xD;&#xA;        &lt;li&gt;European League Against Rheumatism (EULAR) scores &lt;/li&gt;&#xD;&#xA;        &lt;li&gt;Health Assessment Questionnaire (HAQ) score &lt;/li&gt;&#xD;&#xA;        &lt;li&gt;Fatigue (FACIT-F) score &lt;/li&gt;&#xD;&#xA;        &lt;li&gt;Short Form (SF-36) scores &lt;/li&gt;&#xD;&#xA;        &lt;li&gt;The Sharp radiographic assessment scores &lt;/li&gt;&#xD;&#xA;        &lt;li&gt;Adverse events &lt;/li&gt;&#xD;&#xA;    &lt;/ul&gt;&#xD;&#xA;    &lt;/li&gt;&#xD;&#xA;    &lt;li&gt;Cost-effectiveness &lt;/li&gt;&#xD;&#xA;&lt;/ul&gt;" /></Field></Section><Section SecID="405" OrdBy="400" Name="Methodology"><Field FieldID="109" OrdBy="405" ID="406" Name="Methods Used to Collect/Select the Evidence" Type="picklist-many"><FieldValue Value="Searches of Electronic Databases" /></Field><Field FieldID="135" OrdBy="410" ID="407" Name="Description of Methods Used to Collect/Select the Evidence" Type="text"><FieldValue Value="&lt;div class=&quot;content_para&quot;&gt;&lt;p&gt;&lt;strong&gt;Note from the National Guideline Clearinghouse (NGC)&lt;/strong&gt;: The National Institute for Health and Clinical Excellence (NICE) commissioned an independent academic centre to perform a systematic literature review on the technology considered in this appraisal and prepare an Evidence Review Group (ERG) report. The ERG report for technology appraisal 198 was prepared by West Midlands Health Technology Assessment Collaboration, University of Birmingham. The Decision Support Unit (DSU) report for TA198 &lt;em&gt;Tocilizumab for the treatment of rheumatoid arthritis&lt;/em&gt; was prepared by the Centre for Health Economics, University of York. The DSU report for this appraisal, TA247 &lt;em&gt;Rheumatoid arthritis &amp;ndash; tocilizumab (rapid review TA198)&lt;/em&gt;, was prepared by the School of Health and Related Research, University of Sheffield. (See the &quot;Availability of Companion Documents&quot; field.)&lt;/p&gt;&#xD;&#xA;&lt;p&gt;&lt;span style=&quot;text-decoration: underline;&quot;&gt;&lt;strong&gt;Clinical Effectiveness&lt;/strong&gt;&lt;/span&gt;&lt;/p&gt;&#xD;&#xA;&lt;p&gt;&lt;strong&gt;Description of Manufacturer's Search Strategy and Comment on Whether the Search Strategy Was Appropriate&lt;/strong&gt;&lt;/p&gt;&#xD;&#xA;&lt;p&gt;&lt;em&gt;Summary from the Manufacturer's Submission&lt;/em&gt;&lt;/p&gt;&#xD;&#xA;&lt;p&gt;The following sources were searched between 20th and 21st January 2009: MEDLINE 1993 to date (MEYY), Medline In Process latest eight weeks (MEIP), EMBASE 1993 to date (EMYY), EMBASE latest eight weeks (EMBA), Cochrane Library, EULAR abstracts (European League Against Rheumatism) 2002-2008, ACR (American College of Rheumatology) abstracts 2002-2008. Internal study reports and regulatory submission documents were accessed through company databases.&lt;/p&gt;&#xD;&#xA;&lt;p&gt;The searches were limited to humans and clinical trials. Data from clinical studies conducted in Japan by Chugai were not included as data in this patient population was not considered relevant to European patients.&lt;/p&gt;&#xD;&#xA;&lt;p&gt;Despite the limitations of the searches, those done by the ERG of MEDLINE, EMBASE and Cochrane Library (see Appendix 1 of the ERG report [see the &quot;Availability of Companion Documents&quot; field]) verified that all relevant published studies were identified.&lt;/p&gt;&#xD;&#xA;&lt;p&gt;For additional ERG comments regarding the manufacturer's search strategy, refer to Section 4 of the ERG report.&lt;/p&gt;&#xD;&#xA;&lt;p&gt;&lt;strong&gt;Statement of the Inclusion/Exclusion Criteria Used in the Study Selection and Comment on Whether They Were Appropriate&lt;/strong&gt;&lt;/p&gt;&#xD;&#xA;&lt;p&gt;The stated inclusion and exclusion criteria were very unclear:&lt;/p&gt;&#xD;&#xA;&lt;p&gt;&lt;em&gt;Inclusion Criteria&lt;/em&gt;&lt;/p&gt;&#xD;&#xA;&lt;p&gt;Published papers or abstracts which evaluated the following were included:&lt;/p&gt;&#xD;&#xA;&lt;ul style=&quot;list-style-type: disc;&quot;&gt;&#xD;&#xA;    &lt;li&gt;Tocilizumab (or atlizumab prior to 2005) was the major focus of the paper. &lt;/li&gt;&#xD;&#xA;    &lt;li&gt;Rheumatoid arthritis was a major focus of the paper. &lt;/li&gt;&#xD;&#xA;    &lt;li&gt;Patient population consisted of patients who had responded inadequately or who were intolerant to one or more disease-modifying anti-rheumatic drugs (DMARDs) or tumour necrosis factor (TNF) antagonists, to be consistent with the European Union (EU) licence for tocilizumab, including dose &lt;/li&gt;&#xD;&#xA;    &lt;li&gt;Controlled clinical studies &lt;/li&gt;&#xD;&#xA;    &lt;li&gt;Documents relating to humans &lt;/li&gt;&#xD;&#xA;&lt;/ul&gt;&#xD;&#xA;&lt;p&gt;&lt;em&gt;Exclusion Criteria&lt;/em&gt;&lt;/p&gt;&#xD;&#xA;&lt;p&gt;Published papers or abstracts which evaluated the following were excluded:&lt;/p&gt;&#xD;&#xA;&lt;ul style=&quot;list-style-type: disc;&quot;&gt;&#xD;&#xA;    &lt;li&gt;Any papers providing a review, update or commentary on data published elsewhere were excluded. &lt;/li&gt;&#xD;&#xA;    &lt;li&gt;Any papers which only mentioned tocilizumab within a discussion of treatments for rheumatoid arthritis were excluded. &lt;/li&gt;&#xD;&#xA;    &lt;li&gt;Papers covering the use of tocilizumab in Castleman's disease, juvenile idiopathic arthritis, other autoimmune diseases or other off-licence indications were excluded. &lt;/li&gt;&#xD;&#xA;    &lt;li&gt;Clinical studies conducted in Japanese patients were not included, as data generated in this patient population was not considered sufficiently relevant to European patients. &lt;/li&gt;&#xD;&#xA;    &lt;li&gt;Animal studies or in vitro research &lt;/li&gt;&#xD;&#xA;    &lt;li&gt;Case reports &lt;/li&gt;&#xD;&#xA;&lt;/ul&gt;&#xD;&#xA;&lt;p&gt;&lt;span style=&quot;text-decoration: underline;&quot;&gt;&lt;strong&gt;Economic Evaluation&lt;/strong&gt;&lt;/span&gt;&lt;/p&gt;&#xD;&#xA;&lt;p&gt;&lt;strong&gt;Description of Manufacturer's Search Strategy and Comment&lt;/strong&gt;&lt;/p&gt;&#xD;&#xA;&lt;p&gt;&lt;em&gt;Summary from the Manufacturer's Submission&lt;/em&gt;&lt;/p&gt;&#xD;&#xA;&lt;p&gt;The review updated and extended the searches in the review by Chen et al., 2006. This review was included as were 10 already identified studies from the report.&lt;/p&gt;&#xD;&#xA;&lt;p&gt;Two search strategies (see Appendices 5 and 6 in the ERG; see the &quot;Availability of Companion Documents&quot; field) from the review by Chen et al., 2006 were combined and adapted for use in: MEDLINE, EMBASE, MEDLINE In Process, Health Technology Assessment (HTA) database (Cochrane Library 2008 Issue 4), National Health Service Economic Evaluation Database (NHS EED) (Cochrane Library 2008 Issue 4) and Health Economic Evaluation Database (HEED) between 24th December 2008 and 6th January 2009.&lt;/p&gt;&#xD;&#xA;&lt;p&gt;Only articles in English were included.&lt;/p&gt;&#xD;&#xA;&lt;p&gt;Searches for Adalimumab, Etanercept and Infliximab were limited to 2005 onwards; no time limits were applied to searches for the other interventions (Abatacept, Golimumab, Certolizumab Pegol, and Rituximab).&lt;/p&gt;&#xD;&#xA;&lt;p&gt;&lt;em&gt;Comment&lt;/em&gt;&lt;/p&gt;&#xD;&#xA;&lt;p&gt;The searches were sound overall and were unlikely to have missed relevant studies.&lt;/p&gt;&lt;/div&gt;" /></Field><Field FieldID="136" OrdBy="415" ID="408" Name="Number of Source Documents" Type="text"><FieldValue Value="&lt;div class=&quot;content_para&quot;&gt;&lt;p&gt;&lt;strong&gt;Clinical Effectiveness&lt;/strong&gt;&lt;/p&gt;&#xD;&#xA;&lt;p&gt;There were three groups of included studies:&lt;/p&gt;&#xD;&#xA;&lt;ul style=&quot;list-style-type: disc;&quot;&gt;&#xD;&#xA;    &lt;li&gt;Five randomised controlled trials (RCTs) discussed in the clinical effectiveness section of the Evidence Review Group (ERG) report (see the &quot;Availability of Companion Documents&quot; field) &lt;/li&gt;&#xD;&#xA;    &lt;li&gt;Two long term single arm extension studies of tocilizumab &lt;/li&gt;&#xD;&#xA;    &lt;li&gt;Nineteen RCTs used in the mixed treatment comparison (MTC) &lt;/li&gt;&#xD;&#xA;&lt;/ul&gt;&#xD;&#xA;&lt;p&gt;&lt;strong&gt;Cost-effectiveness&lt;/strong&gt;&lt;/p&gt;&#xD;&#xA;&lt;ul style=&quot;list-style-type: disc;&quot;&gt;&#xD;&#xA;    &lt;li&gt;No published cost-effectiveness studies were identified. &lt;/li&gt;&#xD;&#xA;    &lt;li&gt;The manufacturer submitted an economic model. &lt;/li&gt;&#xD;&#xA;&lt;/ul&gt;&lt;/div&gt;" /></Field><Field FieldID="115" OrdBy="420" ID="409" Name="Methods Used to Assess the Quality and Strength of the Evidence" Type="picklist-choice"><FieldValue Value="Expert Consensus" /></Field><Field FieldID="149" OrdBy="425" ID="410" Name="Rating Scheme for the Strength of the Evidence" Type="text"><FieldValue Value="&lt;div class=&quot;content_para&quot;&gt;&lt;p&gt;Not applicable&lt;/p&gt;&lt;/div&gt;" /></Field><Field FieldID="116" OrdBy="430" ID="411" Name="Methods Used to Analyze the Evidence" Type="picklist-many"><FieldValue Value="Meta-Analysis of Randomized Controlled Trials" /><FieldValue Value="Systematic Review with Evidence Tables" /></Field><Field FieldID="150" OrdBy="435" ID="412" Name="Description of the Methods Used to Analyze the Evidence" Type="text"><FieldValue Value="&lt;div class=&quot;content_para&quot;&gt;&lt;p&gt;&lt;strong&gt;Note from the National Guideline Clearinghouse (NGC)&lt;/strong&gt;: The National Institute for Health and Clinical Excellence (NICE) commissioned an independent academic centre to perform a systematic literature review on the technology considered in this appraisal and prepare an Evidence Review Group (ERG) report. The ERG report for technology appraisal 198 was prepared by West Midlands Health Technology Assessment Collaboration, University of Birmingham. The Decision Support Unit (DSU) report for TA198 &lt;em&gt;Tocilizumab for the treatment of rheumatoid arthritis&lt;/em&gt; was prepared by the Centre for Health Economics, University of York. The DSU report for this appraisal, TA247&amp;nbsp;&lt;em&gt;Rheumatoid arthritis &amp;ndash; tocilizumab (rapid review TA198)&lt;/em&gt;, was prepared by the School of Health and Related Research, University of Sheffield (see the &quot;Availability of Companion Documents&quot; field).&lt;/p&gt;&#xD;&#xA;&lt;p&gt;&lt;span style=&quot;text-decoration: underline;&quot;&gt;&lt;strong&gt;Clinical Effectiveness&lt;/strong&gt;&lt;/span&gt;&lt;/p&gt;&#xD;&#xA;&lt;p&gt;&lt;strong&gt;Description and Critique of Manufacturers Approach to Validity Assessment&lt;/strong&gt;&lt;/p&gt;&#xD;&#xA;&lt;p&gt;Validity assessment was by the use of standard questions, and all five included trials were discussed together for each of the questions (see Section 4.1 of the ERG report for the list of questions).&lt;/p&gt;&#xD;&#xA;&lt;p&gt;The submission mentions long term follow up of five years, but the two 5-year follow-up studies have a single arm only with patients given tocilizumab. No comparator of placebo, conventional disease modifying anti-rheumatic drugs (DMARDs) or biologic agents will be available, so it is unclear how these 5-year studies can establish effectiveness. It is debatable whether follow-up in the five included studies (24 weeks) is adequate. It is not possible to tell whether any initial treatment effect wanes after time with this short length of follow-up.&lt;/p&gt;&#xD;&#xA;&lt;p&gt;&lt;strong&gt;Describe and Critique the Statistical Approach Used&lt;/strong&gt;&lt;/p&gt;&#xD;&#xA;&lt;p&gt;The randomised controlled trials (RCTs) used standard approaches to statistical analyses. For individual RCT results, per protocol and intention-to-treat (ITT) analyses were available in the trial reports. Only the American College of Rheumatology (ACR)20, ACR50 and ACR70 results for Option (WA17822), Lithe (17823) and Toward (WA18063) RCTs were presented in the submission.&lt;/p&gt;&#xD;&#xA;&lt;p&gt;&lt;strong&gt;Critique of Submitted Evidence Syntheses&lt;/strong&gt;&lt;/p&gt;&#xD;&#xA;&lt;p&gt;The meta-analysis was of three RCTs only &amp;ndash; Option (WA17822), Lithe (WA17823) and Toward (WA18063) because the participants in these RCTs had an inadequate response to methotrexate (MTX) or DMARD. The comparator in the meta-analysis was placebo.&lt;/p&gt;&#xD;&#xA;&lt;p&gt;The meta-analysis result in the plot shown in the ERG report does not appear to be based on the adjusted odds ratios from the three trials as it looks to be too far to the left. Also the scale is not logarithmic. The axis in the submission plot is labelled odds ratio (OR) but zero and minus-one appear on the axis; minus-one is an impossible value for odds ratio and makes the plot confusing. These values are familiar for log odds ratio but it is clear that the confidence intervals (CIs) correspond to an OR rather than a log OR (i.e., they are not symmetrical about the point estimates). For a forest plot of OR to do this the x axis needs to be on a log scale. A plot of log OR would provide symmetrical CIs with the axis linear on a log OR scale.&lt;/p&gt;&#xD;&#xA;&lt;p&gt;The forest plot has been redrawn (see the ERG report) to include the unadjusted odds ratios reported for the studies.&lt;/p&gt;&#xD;&#xA;&lt;p&gt;It is unclear if or how the meta-analysis was used subsequently in the submission. The submission used ACR50 and ACR70 results as well as ACR20 scores to obtain Health Assessment Questionnaire (HAQ) values and thence utility estimates to feed the economic model. However no meta-analyses of these outcomes were presented.&lt;/p&gt;&#xD;&#xA;&lt;p&gt;Refer to Section 4 of the ERG report (see the &quot;Availability of Companion Documents&quot; field) for additional information.&lt;/p&gt;&#xD;&#xA;&lt;p&gt;In addition to the original submission, the manufacturer of tocilizumab provided updated data with a maximum of 180 weeks of follow-up. The response rates of all people who received at least one dose of tocilizumab in the OPTION, AMBITION, RADIATE and TOWARD trials were analysed. A total of 3986 people were included in the long-term analyses.&lt;/p&gt;&#xD;&#xA;&lt;p&gt;&lt;span style=&quot;text-decoration: underline;&quot;&gt;&lt;strong&gt;Economic Evaluation&lt;/strong&gt;&lt;/span&gt;&lt;/p&gt;&#xD;&#xA;&lt;p&gt;&lt;strong&gt;Overview of Manufacturer's Economic Evaluation&lt;/strong&gt;&lt;/p&gt;&#xD;&#xA;&lt;p&gt;As there were no United Kingdom (UK)-based economic evaluations of tocilizumab, the manufacturer conducted a &lt;em&gt;de novo&lt;/em&gt; economic model. Table 6 of the ERG report summarises the key features of the model.&lt;/p&gt;&#xD;&#xA;&lt;p&gt;&lt;em&gt;Populations&lt;/em&gt;&lt;/p&gt;&#xD;&#xA;&lt;p&gt;Two patient cohorts were considered, consistent with the licensed indication of tocilizumab:&lt;/p&gt;&#xD;&#xA;&lt;ul style=&quot;list-style-type: disc;&quot;&gt;&#xD;&#xA;    &lt;li&gt;Moderate to severe rheumatoid arthritis (RA) patients who have had an inadequate response to one or more traditional DMARDs. &lt;/li&gt;&#xD;&#xA;    &lt;li&gt;Moderate to severe RA patients who have had an inadequate response to one or more anti-tumour necrosis factor (TNF)-&amp;alpha; agents. &lt;/li&gt;&#xD;&#xA;&lt;/ul&gt;&#xD;&#xA;&lt;p&gt;It should be noted that no subgroup analysis of patients intolerant to methotrexate (MTX) was conducted, even though these patients are specifically mentioned in the scope. The submission assumes that tocilizumab will be administered together with MTX, so the submission has not shown any evidence of cost-effectiveness in a MTX-intolerant population.&lt;/p&gt;&#xD;&#xA;&lt;p&gt;&lt;em&gt;Perspective and Time Horizon&lt;/em&gt;&lt;/p&gt;&#xD;&#xA;&lt;p&gt;Costs were considered from a National Health Service (NHS) and Personal Social Services perspective (in practice NHS only), consistent with the NICE reference case. A time horizon over a patient lifetime was applied, as is appropriate for a chronic disease.&lt;/p&gt;&#xD;&#xA;&lt;p&gt;&lt;em&gt;Model Validation&lt;/em&gt;&lt;/p&gt;&#xD;&#xA;&lt;p&gt;Refer to Section 5.1 of the ERG report for information on model validation.&lt;/p&gt;&#xD;&#xA;&lt;p&gt;&lt;strong&gt;Critique of Approach Used&lt;/strong&gt;&lt;/p&gt;&#xD;&#xA;&lt;p&gt;A summary of the model and critical appraisal of its features can be found in Appendix 3 of the ERG report.&lt;/p&gt;&#xD;&#xA;&lt;p&gt;Refer to Section 5 of the ERG report (see the &quot;Availability of Companion Documents&quot; field) for additional information on the economic analysis.&lt;/p&gt;&lt;/div&gt;" /></Field><Field FieldID="112" OrdBy="440" ID="413" Name="Methods Used to Formulate the Recommendations" Type="picklist-choice"><FieldValue Value="Expert Consensus" /></Field><Field FieldID="145" OrdBy="445" ID="414" Name="Description of Methods Used to Formulate the Recommendations" Type="text"><FieldValue Value="&lt;div class=&quot;content_para&quot;&gt;&lt;p&gt;&lt;strong&gt;Considerations&lt;/strong&gt;&lt;/p&gt;&#xD;&#xA;&lt;p&gt;Technology appraisal recommendations are based on a review of clinical and economic evidence.&lt;/p&gt;&#xD;&#xA;&lt;p&gt;&lt;strong&gt;Technology Appraisal Process&lt;/strong&gt;&lt;/p&gt;&#xD;&#xA;&lt;p&gt;The National Institute for Health and Clinical Excellence (NICE) invites 'consultee' and 'commentator' organisations to take part in the appraisal process. Consultee organisations include national groups representing patients and carers, the bodies representing health professionals, and the manufacturers of the technology under review. Consultees are invited to submit evidence during the appraisal and to comment on the appraisal documents.&lt;/p&gt;&#xD;&#xA;&lt;p&gt;Commentator organisations include manufacturers of the products with which the technology is being compared, the National Health Service (NHS) Quality Improvement Scotland and research groups working in the area. They can comment on the evidence and other documents but are not asked to submit evidence themselves.&lt;/p&gt;&#xD;&#xA;&lt;p&gt;NICE then commissions an independent academic centre to review published evidence on the technology and prepare an 'assessment report'. Consultees and commentators are invited to comment on the report. The assessment report and the comments on it are then drawn together in a document called the evaluation report.&lt;/p&gt;&#xD;&#xA;&lt;p&gt;An independent Appraisal Committee then considers the evaluation report. It holds a meeting where it hears direct, spoken evidence from nominated clinical experts, patients and carers. The Committee uses all the evidence to make its first recommendations, in a document called the 'appraisal consultation document' (ACD). NICE sends all the consultees and commentators a copy of this document and posts it on the NICE website. Further comments are invited from everyone taking part.&lt;/p&gt;&#xD;&#xA;&lt;p&gt;When the Committee meets again it considers any comments submitted on the ACD; then it prepares its final recommendations in a document called the 'final appraisal determination' (FAD). This is submitted to NICE for approval.&lt;/p&gt;&#xD;&#xA;&lt;p&gt;Consultees have a chance to appeal against the final recommendations in the FAD. If there are no appeals, the final recommendations become the basis of the guidance that NICE issues.&lt;/p&gt;&#xD;&#xA;&lt;p&gt;&lt;strong&gt;Who Is on the Appraisal Committee?&lt;/strong&gt;&lt;/p&gt;&#xD;&#xA;&lt;p&gt;NICE technology appraisal recommendations are prepared by an independent committee. This includes health professionals working in the NHS and people who are familiar with the issues affecting patients and carers. Although the Appraisal Committee seeks the views of organisations representing health professionals, patients, carers, manufacturers and government, its advice is independent of any vested interests.&lt;/p&gt;&lt;/div&gt;" /></Field><Field FieldID="146" OrdBy="450" ID="415" Name="Rating Scheme for the Strength of the Recommendations" Type="text"><FieldValue Value="&lt;div class=&quot;content_para&quot;&gt;&lt;p&gt;Not applicable&lt;/p&gt;&lt;/div&gt;" /></Field><Field FieldID="148" OrdBy="460" ID="417" Name="Cost Analysis" Type="text"><FieldValue Value="&lt;div class=&quot;content_para&quot;&gt;&lt;p&gt;The manufacturer did not identify any economic evaluations of tocilizumab and developed an economic model for the submission. This was an individual sampling model with a hypothetical homogenous cohort. The model used a lifetime horizon for costs and benefits. The manufacturer's initial economic model compared a treatment sequence that included tocilizumab with the same treatment sequence without tocilizumab for two populations. For the DMARD-IR population (people whose rheumatoid arthritis had responded inadequately to previous disease modifying anti-rheumatic drugs [DMARDs] but before treatment with a tumour necrosis factor alpha [TNF-&amp;alpha;] inhibitor), tocilizumab plus methotrexate was the first biological treatment and if the condition did not respond or if the American College of Rheumatology (ACR)20 response rate was no longer achieved then etanercept plus methotrexate was the next treatment. This was followed by rituximab plus methotrexate, then leflunomide, then gold, then ciclosporin until people withdrew from the last treatment (ciclosporin) and moved on to palliative care. The sequence was the same for the comparator arm, but excluded tocilizumab plus methotrexate at the beginning. For the TNF-IR population (people whose rheumatoid arthritis had responded inadequately to previous TNF-&amp;alpha; inhibitors but before treatment with rituximab), the sequence was the same as the DMARD-IR population, except for the omission of etanercept plus methotrexate (that is, the first treatment in the comparator arm was rituximab plus methotrexate).&lt;/p&gt;&#xD;&#xA;&lt;p&gt;For the DMARD-IR population, the treatment sequence including tocilizumab plus methotrexate compared with the sequence without tocilizumab produced incremental costs of &amp;pound;23,253 and incremental quality-adjusted life years (QALYs) of 1.17. This resulted in a base-case incremental cost-effectiveness ratio (ICER) of &amp;pound;19,870 per QALY gained. For the TNF-IR population, the treatment sequence including tocilizumab plus methotrexate compared with the sequence without tocilizumab produced incremental costs of &amp;pound;26,640 and incremental QALYs of 1.21. This resulted in a base-case ICER of &amp;pound;22,003 per QALY gained. Probabilistic sensitivity analyses suggested that the addition of tocilizumab and methotrexate to the treatment sequences had a 56.4% and 22.4% probability of being cost effective (for the DMARD-IR and TNF-IR populations respectively) if the maximum acceptable amount to pay for a QALY gained is &amp;pound;20,000. All scenario analyses presented by the manufacturer resulted in ICERs of less than &amp;pound;30,000 per QALY gained. The ICERs increased to &amp;pound;24,905 and &amp;pound;24,739 per QALY gained for the DMARD-IR and TNF-IR populations respectively, using an assumption of no change in Health Assessment Questionnaire (HAQ) score (that is, no continued improvement on tocilizumab after the initial ACR response).&lt;/p&gt;&#xD;&#xA;&lt;p&gt;In response to three rounds of consultation for the original guidance on tocilizumab for rheumatoid arthritis (National Institute for Clinical Excellence and Health [NICE] technology appraisal guidance 198), the manufacturer presented revised ICERs for the DMARD-IR and TNF-IR populations incorporating some of the Evidence Review Group's (ERG's) suggested changes. The manufacturer's revised ICER for the DMARD-IR population increased from &amp;pound;19,870 to &amp;pound;21,733 per QALY gained, and increased from &amp;pound;22,003 to &amp;pound;23,285 per QALY gained for the TNF-IR population. The ICER for tocilizumab used after rituximab was &amp;pound;23,735 per QALY gained. The ICER for tocilizumab for people who are intolerant to rituximab or for whom rituximab is contraindicated was &amp;pound;20,242 per QALY gained.&lt;/p&gt;&#xD;&#xA;&lt;p&gt;&lt;strong&gt;Decision Support Unit Report 2010&lt;/strong&gt;&lt;/p&gt;&#xD;&#xA;&lt;p&gt;In 2010, the Decision Support Unit (DSU) was asked to undertake additional cost-effectiveness analyses to validate the manufacturer's ICERs submitted after the third round of consultation, and to conduct sensitivity analyses to address the Appraisal Committee's concerns about key parameter assumptions. Using the threshold for cost-effectiveness (&amp;pound;30,000 per QALY gained), the results of the fully incremental analysis undertaken by the DSU&amp;nbsp;in the 2010 report indicated that using tocilizumab as a first-line treatment before etanercept would not be cost effective for any approach and with any set of parameter assumptions (including the manufacturer's base-case assumptions). Using tocilizumab as a second-line treatment before rituximab would only be cost effective if it is assumed that tocilizumab has long-term HAQ improvement and there is no HAQ improvement assumed with other biological treatments. However, if tocilizumab has zero HAQ improvement, then tocilizumab would only be cost effective when used as a third-line treatment after rituximab. If tocilizumab has zero HAQ improvement and the administration costs of tocilizumab are doubled, then tocilizumab is never cost effective (that is, standard care is the most cost-effective sequence). For patients who have an intolerance to rituximab, or for whom rituximab is contraindicated, adding tocilizumab to the current standard care is cost effective. However, if tocilizumab does not have a different effect on long-term HAQ and the administration costs of tocilizumab are doubled, then the current standard care would be more cost effective for this population.&lt;/p&gt;&#xD;&#xA;&lt;p&gt;&lt;strong&gt;Decision Support Unit Report 2011&lt;/strong&gt;&lt;/p&gt;&#xD;&#xA;&lt;p&gt;In 2011, the DSU was asked to undertake a review of whether the manufacturer had correctly implemented the Department of Health approved patient access scheme within their cost-effectiveness analysis. Additionally the DSU critiqued the changes to the costs of tocilizumab and ensured the Committee's agreed assumptions from the guidance on tocilizumab for rheumatoid arthritis (NICE technology appraisal guidance 198) had been used as the starting point within the economic analysis.&lt;/p&gt;&#xD;&#xA;&lt;p&gt;The DSU reported the results of their exploratory analysis for the DMARD-IR population, which included the same treatment sequences in an incremental analysis as those modelled by the manufacturer. All ICERs incorporated the discount for tocilizumab agreed as part of the patient access scheme. In this analysis, three sequences were extendedly dominated (first: etanercept followed by rituximab; second: tocilizumab as the first treatment; third: tocilizumab as the second treatment). The ICER for tocilizumab as the third treatment in the sequence was &amp;pound;28,380 per QALY gained compared with &amp;pound;8134 per QALY gained from the manufacturer's analysis.&lt;/p&gt;&#xD;&#xA;&lt;p&gt;The DSU reported the results of their exploratory analysis for the TNF-IR population, which included the same treatment sequences in an incremental analysis as those modelled by the manufacturer. All ICERs incorporated the discount for tocilizumab agreed as part of the patient access scheme. In this analysis, tocilizumab followed by rituximab was dominated (was less effective than and at least as costly) by rituximab followed by tocilizumab. The ICER for rituximab followed by tocilizumab was &amp;pound;18,527 per QALY gained compared with the manufacturer's estimate of &amp;pound;22,690 per QALY gained.&lt;/p&gt;&#xD;&#xA;&lt;p&gt;&lt;strong&gt;Summary of Appraisal Committee's Key Conclusions&lt;/strong&gt;&lt;/p&gt;&#xD;&#xA;&lt;p&gt;The manufacturer's analysis had not taken into account extended dominance and that this had an impact on the ICERs. The Committee concluded that the DSU's 2011 exploratory analyses should be used as the basis for determining the cost-effectiveness of tocilizumab.&lt;/p&gt;&#xD;&#xA;&lt;p&gt;&lt;em&gt;Incorporation of Health-Related Quality-of-Life Benefits and Utility Values&lt;/em&gt;&lt;/p&gt;&#xD;&#xA;&lt;p&gt;The Committee noted that the manufacturer's mapping of HAQ scores to European quality of life health-state questionnaire (EQ-5D) utility values resulted in negative utility values. The Committee heard from the manufacturer that it was possible that there were some people with rheumatoid arthritis who may experience negative utility values. The Committee therefore accepted that the calculation of some ICERs would include negative utility values but concluded that this was acceptable because of the low impact on the ICERs.&lt;/p&gt;&#xD;&#xA;&lt;p&gt;&lt;em&gt;Are There Specific Groups of People for Whom the Technology Is Particularly Cost Effective?&lt;/em&gt;&lt;/p&gt;&#xD;&#xA;&lt;p&gt;The Committee heard from the manufacturer that it was seeking a recommendation for tocilizumab as an option along with other biological treatments in the treatment pathway. It therefore considered that there were four possible scenarios for including tocilizumab in the treatment pathway:&lt;/p&gt;&#xD;&#xA;&lt;ul style=&quot;list-style-type: disc;&quot;&gt;&#xD;&#xA;    &lt;li&gt;Tocilizumab after two DMARDs as an alternative to TNF-&amp;alpha; inhibitors &lt;/li&gt;&#xD;&#xA;    &lt;li&gt;Tocilizumab after TNF-&amp;alpha; inhibitors as an alternative to rituximab &lt;/li&gt;&#xD;&#xA;    &lt;li&gt;Tocilizumab after TNF-&amp;alpha; inhibitors when a person is intolerant to rituximab or for whom rituximab is contraindicated &lt;/li&gt;&#xD;&#xA;    &lt;li&gt;Tocilizumab as an addition to the treatment pathway after rituximab &lt;/li&gt;&#xD;&#xA;&lt;/ul&gt;&#xD;&#xA;&lt;p&gt;&lt;em&gt;What Are the Key Drivers of Cost-effectiveness?&lt;/em&gt;&lt;/p&gt;&#xD;&#xA;&lt;p&gt;The Committee concluded that the improved cost-effectiveness of tocilizumab as the first biological treatment compared with etanercept was due to the cost of time on treatment, rather than any substantial differences in clinical or cost-effectiveness between tocilizumab and etanercept.&lt;/p&gt;&#xD;&#xA;&lt;p&gt;&lt;em&gt;Most Likely Cost-effectiveness Estimate (Given as an ICER)&lt;/em&gt;&lt;/p&gt;&#xD;&#xA;&lt;p&gt;For the DMARD-IR population: three sequences were extendedly dominated (less effective than and at least as costly as a combination of other drug sequences). When tocilizumab is the third biological in the sequence the most plausible estimate of the ICER is &amp;pound;28,400 per QALY gained. The Committee accepted that some uncertainty around the point estimates of the ICERs was likely.&lt;/p&gt;&#xD;&#xA;&lt;p&gt;For the TNF-IR population: the Committee accepted the ICER of &amp;pound;18,500 per QALY gained as the most plausible ICER estimate for tocilizumab following rituximab in this population.&lt;/p&gt;&#xD;&#xA;&lt;p&gt;For the DMARD-IR rituximab intolerant population: the Committee noted that the most plausible estimate for the ICER ranged from &amp;pound;10,700 per QALY gained for the sequence in which etanercept followed tocilizumab to &amp;pound;30,100 per QALY gained in the sequence where tocilizumab followed etanercept.&lt;/p&gt;&#xD;&#xA;&lt;p&gt;Refer to Sections 3 and 4 of the original guideline document for details of the economic analyses provided by the manufacturer, the Evidence Review Group's (ERG) comments, the DSU report, and the Appraisal Committee considerations.&lt;/p&gt;&lt;/div&gt;" /></Field><Field FieldID="104" OrdBy="465" ID="418" Name="Method of Guideline Validation" Type="picklist-choice"><FieldValue Value="External Peer Review" /></Field><Field FieldID="130" OrdBy="470" ID="419" Name="Description of Method of Guideline Validation" Type="text"><FieldValue Value="&lt;div class=&quot;content_para&quot;&gt;&lt;p&gt;Consultee organisations from the following groups were invited to comment on the draft scope, Assessment Report and the Appraisal Consultation Document (ACD) and were provided with the opportunity to appeal against the Final Appraisal Determination.&lt;/p&gt;&#xD;&#xA;&lt;ul style=&quot;list-style-type: disc;&quot;&gt;&#xD;&#xA;    &lt;li&gt;Manufacturer/sponsors &lt;/li&gt;&#xD;&#xA;    &lt;li&gt;Professional/specialist and patient/carer groups &lt;/li&gt;&#xD;&#xA;    &lt;li&gt;Commentator organisations (without the right of appeal) &lt;/li&gt;&#xD;&#xA;&lt;/ul&gt;&#xD;&#xA;&lt;p&gt;In addition, individuals selected from clinical expert and patient advocate nominations from the professional/specialist and patient/carer groups were also invited to comment on the ACD.&lt;/p&gt;&lt;/div&gt;" /></Field></Section><Section SecID="420" OrdBy="500" Name="Recommendations"><Field FieldID="151" OrdBy="505" ID="421" Name="Major Recommendations" Type="text"><FieldValue Value="&lt;div class=&quot;content_para&quot;&gt;&lt;p&gt;This guidance replaces National Institute of Health and Clinical Excellence (NICE) technology appraisal guidance 198 issued in August 2010.&lt;/p&gt;&#xD;&#xA;&lt;p&gt;Tocilizumab, in combination with methotrexate, is recommended as an option for the treatment of rheumatoid arthritis in adults if:&lt;/p&gt;&#xD;&#xA;&lt;ul style=&quot;list-style-type: disc;&quot;&gt;&#xD;&#xA;    &lt;li&gt;The disease has responded inadequately to disease-modifying anti-rheumatic drugs (DMARDs) and it is used as described for tumour necrosis factor (TNF) inhibitor treatments in Adalimumab, etanercept and infliximab for the treatment of rheumatoid arthritis (&lt;a href=&quot;http://www.nice.org.uk/ta130&quot; title=&quot;NICE Web site&quot;&gt;NICE technology appraisal guidance 130&lt;/a&gt;), specifically the recommendations on disease activity and choice of treatment &lt;strong&gt;or&lt;/strong&gt; &lt;/li&gt;&#xD;&#xA;    &lt;li&gt;The disease has responded inadequately to DMARDs and a TNF inhibitor and the person cannot receive rituximab because of a contraindication to rituximab, or because rituximab is withdrawn because of an adverse event, and tocilizumab is used as described for TNF inhibitor treatments in Adalimumab, etanercept, infliximab, rituximab and abatacept for the treatment of rheumatoid arthritis after the failure of a TNF inhibitor (see the National Guideline Clearinghouse [NGC] summary of the NICE guideline &lt;a href=&quot;/content.aspx?id=24111&quot; title=&quot;NGC-8062&quot;&gt;Adalimumab, etanercept, infliximab, rituximab and abatacept for the treatment of rheumatoid arthritis after the failure of a TNF- inhibitor&lt;/a&gt; specifically the recommendations on disease activity &lt;strong&gt;or&lt;/strong&gt; &lt;/li&gt;&#xD;&#xA;    &lt;li&gt;The disease has responded inadequately to one or more TNF inhibitor treatments and to rituximab &lt;strong&gt;and&lt;/strong&gt; &lt;/li&gt;&#xD;&#xA;    &lt;li&gt;The manufacturer provides tocilizumab with the discount agreed as part of the patient access scheme. &lt;/li&gt;&#xD;&#xA;&lt;/ul&gt;&#xD;&#xA;&lt;p&gt;People currently receiving tocilizumab for the treatment of rheumatoid arthritis who do not meet the criteria described above should have the option to continue treatment until they and their clinicians consider it appropriate to stop.&lt;/p&gt;&lt;/div&gt;" /></Field><Field FieldID="138" OrdBy="515" ID="423" Name="Clinical Algorithm(s)" Type="text"><FieldValue Value="&lt;div class=&quot;content_para&quot;&gt;&lt;p&gt;None provided&lt;/p&gt;&lt;/div&gt;" /></Field></Section><Section SecID="424" OrdBy="600" Name="Evidence Supporting the Recommendations"><Field FieldID="139" OrdBy="610" ID="426" Name="Type of Evidence Supporting the Recommendations" Type="text"><FieldValue Value="&lt;div class=&quot;content_para&quot;&gt;&lt;p&gt;The type of evidence supporting the recommendations is not specifically stated.&lt;/p&gt;&#xD;&#xA;&lt;p&gt;The Appraisal Committee considered clinical and cost-effectiveness evidence submitted by the manufacturer of tocilizumab, a review of this submission by the Evidence Review Group (ERG), and additional analyses by the Decision Support Unit. The main clinical effectiveness evidence came from randomised controlled trials. For cost-effectiveness, the Appraisal Committee considered an economic model submitted by the manufacturer.&lt;/p&gt;&lt;/div&gt;" /></Field></Section><Section SecID="427" OrdBy="700" Name="Benefits/Harms of Implementing the Guideline Recommendations"><Field FieldID="152" OrdBy="705" ID="428" Name="Potential Benefits" Type="text"><FieldValue Value="&lt;div class=&quot;content_para&quot;&gt;&lt;p&gt;Appropriate use of tocilizumab for the treatment of rheumatoid arthritis&lt;/p&gt;&lt;/div&gt;" /></Field><Field FieldID="153" OrdBy="710" ID="429" Name="Potential Harms" Type="text"><FieldValue Value="&lt;ul style=&quot;list-style-type: disc;&quot;&gt;&#xD;&#xA;    &lt;li&gt;The summary of product characteristics (SPC) lists the following as the most commonly reported adverse drug reactions associated with tocilizumab treatment: upper respiratory tract infections, nasopharyngitis, headache, hypertension, and increased alanine transaminase. &lt;/li&gt;&#xD;&#xA;    &lt;li&gt;The manufacturer reported that adverse events associated with the mechanism of interleukine-6 receptor (IL-6R) inhibition were observed in all tocilizumab treatment groups. These adverse events included transient hepatic transaminase elevations, asymptomatic elevations of indirect bilirubin, transient neutropenia, and lipid elevations that appear to occur in association with marked decreases in acute phase proteins. In addition, serious infections associated with the immunomodulatory effects of tocilizumab were comparable with the incidence of serious infections with tumour necrosis factor (TNF)-&amp;alpha; inhibitors. &lt;/li&gt;&#xD;&#xA;    &lt;li&gt;Adverse events reported more frequently with tocilizumab 8 mg/kg monotherapy than in the methotrexate group were abdominal pain and discomfort, headache, dizziness, rash, pruritis and elevated blood pressure, neutropenia, leukopenia and hyperlipidaemia. Most of these events were mild and transient. &lt;/li&gt;&#xD;&#xA;&lt;/ul&gt;&#xD;&#xA;&lt;p&gt;For full details of side effects and contraindications, see the SPC.&lt;/p&gt;" /></Field></Section><Section SecID="430" OrdBy="800" Name="Contraindications"><Field FieldID="144" OrdBy="805" ID="431" Name="Contraindications" Type="text"><FieldValue Value="&lt;div class=&quot;content_para&quot;&gt;&lt;p&gt;Tocilizumab is contraindicated in people with active, severe infections.&lt;/p&gt;&#xA;&lt;p&gt;For full details of side effects and contraindications, see the summary of product characteristics (SPC).&lt;/p&gt;&lt;/div&gt;" /></Field></Section><Section SecID="432" OrdBy="900" Name="Qualifying Statements"><Field FieldID="137" OrdBy="905" ID="433" Name="Qualifying Statements" Type="text"><FieldValue Value="&lt;ul style=&quot;list-style-type: disc;&quot;&gt;&#xD;&#xA;    &lt;li&gt;This guidance represents the view of the National Institute for Health and Clinical Excellence (NICE) and was arrived at after careful consideration of the evidence available. Healthcare professionals are expected to take it fully into account when exercising their clinical judgement. However, the guidance does not override the individual responsibility of healthcare professionals to make decisions appropriate to the circumstances of the individual patient, in consultation with the patient and/or guardian or carer. &lt;/li&gt;&#xD;&#xA;    &lt;li&gt;Implementation of this guidance is the responsibility of local commissioners and/or providers. Commissioners and providers are reminded that it is their responsibility to implement the guidance, in their local context, in light of their duties to avoid unlawful discrimination and to have regard to promoting equality of opportunity. Nothing in this guidance should be interpreted in a way which would be inconsistent with compliance with those duties. &lt;/li&gt;&#xD;&#xA;&lt;/ul&gt;" /></Field></Section><Section SecID="434" OrdBy="1000" Name="Implementation of the Guideline"><Field FieldID="131" OrdBy="1010" ID="436" Name="Description of Implementation Strategy" Type="text"><FieldValue Value="&lt;ul style=&quot;list-style-type: disc;&quot;&gt;&#xD;&#xA;    &lt;li&gt;The Secretary of State and the Welsh Assembly Minister for Health and Social Services have issued directions to the National Health Service (NHS) in England and Wales on implementing National Institute for Health and Clinical Excellence (NICE) technology appraisal guidance. When a NICE technology appraisal recommends use of a drug or treatment, or other technology, the NHS must usually provide funding and resources for it within 3 months of the guidance being published. If the Department of Health issues a variation to the 3-month funding direction, details will be available on the NICE website. When there is no NICE technology appraisal guidance on a drug, treatment or other technology, decisions on funding should be made locally. &lt;/li&gt;&#xD;&#xA;    &lt;li&gt;The Department of Health and the manufacturer have agreed that tocilizumab will be available to the NHS with a patient access scheme in which a discount from the list price is applied to original invoices. The level of the discount is commercial in confidence. It is the responsibility of the manufacturer to communicate the level of discount to the relevant NHS organisations. Any enquiries from NHS organisations about the patient access scheme should be directed to the manufacturer customer care (0800 731 5711). &lt;/li&gt;&#xD;&#xA;    &lt;li&gt;NICE has developed tools to help organisations put this guidance into practice (listed below). These are available on the NICE website (&lt;a href=&quot;http://guidance.nice.org.uk/TA247&quot; title=&quot;NICE Web site&quot;&gt;http://guidance.nice.org.uk/TA247&lt;/a&gt;).&#xD;&#xA;    &lt;ul style=&quot;list-style-type: disc;&quot;&gt;&#xD;&#xA;        &lt;li&gt;A costing statement explaining the resource impact of this guidance &lt;/li&gt;&#xD;&#xA;    &lt;/ul&gt;&#xD;&#xA;    &lt;/li&gt;&#xD;&#xA;&lt;/ul&gt;" /></Field><Field FieldID="117" OrdBy="1015" ID="437" Name="Implementation Tools" Type="picklist-many"><FieldValue Value="Foreign Language Translations" /><FieldValue Value="Patient Resources" /><FieldValue Value="Resources" /></Field></Section><Section SecID="439" OrdBy="1100" Name="Institute of Medicine (IOM) National Healthcare Quality Report Categories"><Field FieldID="50" OrdBy="1105" ID="440" Name="IOM Care Need" Type="picklist-many"><FieldValue Value="Getting Better" /><FieldValue Value="Living with Illness" /></Field><Field FieldID="51" OrdBy="1110" ID="441" Name="IOM Domain" Type="picklist-many"><FieldValue Value="Effectiveness" /><FieldValue Value="Patient-centeredness" /></Field></Section><Section SecID="442" OrdBy="1200" Name="Identifying Information and Availability"><Field FieldID="97" OrdBy="1201" ID="392" Name="Bibliographic Source(s)" Type="citation"><FieldValue Value="&lt;table&gt;&lt;tr&gt;&lt;td&gt;National Institute for Health and Clinical Excellence (NICE). Tocilizumab for the treatment of rheumatoid arthritis. London (UK): National Institute for Health and Clinical Excellence (NICE); 2012 Feb. 55 p.&amp;nbsp;(Technology appraisal guidance; no. 247).&amp;nbsp;&lt;/td&gt;&lt;/tr&gt;&lt;/table&gt;" /></Field><Field FieldID="124" OrdBy="1205" ID="443" Name="Adaptation" Type="text"><FieldValue Value="&lt;div class=&quot;content_para&quot;&gt;&lt;p&gt;Not applicable: The guideline was not adapted from another source.&lt;/p&gt;&lt;/div&gt;" /></Field><Field FieldID="128" OrdBy="1215" ID="445" Name="Date Released" Type="text"><FieldValue Value="2010 Aug (revised 2012 Feb)" /></Field><Field FieldID="158" OrdBy="1225" ID="447" Name="Guideline Developer(s)" Type="orglist-p"><FieldValue Value="National Institute for Health and Care Excellence (NICE) - National Government Agency [Non-U.S.]" /></Field><Field FieldID="125" OrdBy="1235" ID="449" Name="Source(s) of Funding" Type="text"><FieldValue Value="&lt;div class=&quot;content_para&quot;&gt;&lt;p&gt;National Institute for Health and Clinical Excellence (NICE)&lt;/p&gt;&lt;/div&gt;" /></Field><Field FieldID="126" OrdBy="1240" ID="450" Name="Guideline Committee" Type="text"><FieldValue Value="&lt;div class=&quot;content_para&quot;&gt;&lt;p&gt;Appraisal Committee&lt;/p&gt;&lt;/div&gt;" /></Field><Field FieldID="127" OrdBy="1245" ID="451" Name="Composition of Group That Authored the Guideline" Type="text"><FieldValue Value="&lt;div class=&quot;content_para&quot;&gt;&lt;p&gt;&lt;em&gt;Committee Members&lt;/em&gt;: Professor Kathryn Abel, Reader and Consultant Psychiatrist/Director of Centre for Women's Mental Health, University of Manchester; Dr David Black, Director of Public Health, Derbyshire County Primary Care Trust; Dr Daniele Bryden, Consultant in Intensive Care Medicine and Anaesthesia, Sheffield Teaching Hospitals NHS Trust; Dr Andrew Burnett, Director for Health Improvement and Medical Director, NHS Barnet, London; David Chandler, Lay member; Dr Mary Cooke, Lecturer, School of Nursing, Midwifery and Social Work, University of Manchester; Dr Chris Cooper, General Practitioner, St John's Way Medical Centre, London; Dr Christine Davey, Research Adviser, North and East Yorkshire Alliance Research and Development Unit, York; Richard Devereaux-Phillips, Director, Public Policy and Advocacy NW Europe, BD, Oxford; Professor Rachel A Elliott, Lord Trent Professor of Medicines and Health, University of Nottingham; Dr Alan Haycox, Reader in Health Economics, University of Liverpool Management School; Professor Cathy Jackson, Professor of Primary Care Medicine, University of St Andrews; Dr Peter Jackson, Clinical Pharmacologist, University of Sheffield; Dr Janice Kohler, Senior Lecturer and Consultant in Pediatric Oncology, Southampton University Hospital Trust; Henry Marsh, Consultant Neurosurgeon, St George's Hospital, London; Professor Gary McVeigh, Professor of Cardiovascular Medicine, Queen's University Belfast and Consultant Physician, Belfast City Hospital; Professor Eugene Milne, Deputy Regional Director of Public Health, North East Strategic Health Authority, Newcastle upon Tyne; Dr Neil Myers, General Practitioner, Glasgow; Professor Stephen O'Brien, Professor of Haematology, Newcastle University; Dr Danielle Preedy, Lay member; Dr Peter Selby, Consultant Physician, Central Manchester University Hospitals NHS Foundation Trust; Dr Surinder Sethi, Consultant in Public Health Medicine, North West Specialised Services Commissioning Team, Warrington; Professor Andrew Stevens, Chair of Appraisal Committee C, Professor of Public Health, University of Birmingham; Dr Matt Stevenson, Technical Director, School of Health and Related Research, University of Sheffield; Professor Paul Trueman, Professor of Health Economics, Brunel University, London; Dr Judith Wardle, Lay member&lt;/p&gt;&lt;/div&gt;" /></Field><Field FieldID="147" OrdBy="1250" ID="452" Name="Financial Disclosures/Conflicts of Interest" Type="text"><FieldValue Value="&lt;div class=&quot;content_para&quot;&gt;&lt;p&gt;Committee members are asked to declare any interests in the technology to be appraised. If it is considered there is a conflict of interest, the member is excluded from participating further in that appraisal.&lt;/p&gt;&lt;/div&gt;" /></Field><Field FieldID="120" OrdBy="1256" ID="393" Name="Guideline Status" Type="text"><FieldValue Value="&lt;div class=&quot;content_para&quot;&gt;&lt;p&gt;This is the current release of the guideline.&lt;/p&gt;&#xD;&#xA;&lt;p&gt;This guideline updates a previous version: National Institute for Health and Clinical Excellence (NICE). Tocilizumab for the treatment of rheumatoid arthritis. London (UK): National Institute for Health and Clinical Excellence (NICE); 2010 Aug. 50 p. (Technology appraisal guidance; no. 198).&lt;/p&gt;&lt;/div&gt;" /></Field><Field FieldID="118" OrdBy="1260" ID="454" Name="Guideline Availability" Type="text"><FieldValue Value="&lt;div class=&quot;content_para&quot;&gt;&lt;p&gt;Electronic copies: Available in Portable Document Format (PDF) from the &lt;a href=&quot;http://guidance.nice.org.uk/TA247&quot; title=&quot;NICE Web site&quot;&gt;National Institute for Health and Clinical Excellence (NICE) Web site&lt;/a&gt;.&lt;/p&gt;&lt;/div&gt;" /></Field><Field FieldID="119" OrdBy="1265" ID="455" Name="Availability of Companion Documents" Type="text"><FieldValue Value="&lt;div class=&quot;content_para&quot;&gt;&lt;p&gt;The following are available:&lt;/p&gt;&#xD;&#xA;&lt;ul style=&quot;list-style-type: disc;&quot;&gt;&#xD;&#xA;    &lt;li&gt;Tocilizumab for the treatment of rheumatoid arthritis (review of NICE technology appraisal guidance 198). Costing statement. London (UK): National Institute for Health and Clinical Excellence (NICE); 2012. 4 p. (Technology appraisal 247). Electronic copies: Available in Portable Document Format (PDF) from the &lt;a href=&quot;http://guidance.nice.org.uk/TA247/CostingStatement/pdf/English&quot; title=&quot;NICE Web site&quot;&gt;National Institute for Health and Clinical Excellence (NICE) Web site&lt;/a&gt;. &lt;/li&gt;&#xD;&#xA;    &lt;li&gt;Tocilizumab for the treatment of rheumatoid arthritis. Evidence review group report. West Midlands Health Technology Assessment Collaboration. University of Birmingham; 2009 Oct. 99 p. (Technology appraisal 198). Electronic copies: Available in PDF from the &lt;a href=&quot;http://www.nice.org.uk/guidance/index.jsp?action=download&amp;amp;o=45575&quot; title=&quot;NICE Web site&quot;&gt;NICE Web site&lt;/a&gt;. &lt;/li&gt;&#xD;&#xA;    &lt;li&gt;Tocilizumab for the treatment of rheumatoid arthritis. Report by the Decision Support Unit. Centre for Health Economics, University of York; 2010 May 6. 30 p. Electronic copies: Available in PDF from the &lt;a href=&quot;http://guidance.nice.org.uk/TA/Wave18/63/Consultation/EvaluationReport/DSUReport/DSUReportMay2010/pdf/English&quot; title=&quot;NICE Web site&quot;&gt;NICE Web site&lt;/a&gt;. &lt;/li&gt;&#xD;&#xA;    &lt;li&gt;Tocilizumab for the treatment of rheumatoid arthritis. Report by the Decision Support Unit. School of Health and Related Research, University of Sheffield; 2011 Sep 2. 29 p. Electronic copies: Available in PDF from the &lt;a href=&quot;http://guidance.nice.org.uk/TA/Wave18/63/Consultation/EvaluationReport/DSUReport/DSUReportSeptember2011/pdf/English&quot; title=&quot;NICE Web site&quot;&gt;NICE Web site&lt;/a&gt;. &lt;/li&gt;&#xD;&#xA;    &lt;li&gt;Biologic drugs for the treatment of inflammatory disease in rheumatology, dermatology and gastroenterology. Commissioning guide. London (UK): National Institute for Health and Clinical Excellence (NICE); 2012 Mar. Electronic copies: Available from the &lt;a href=&quot;http://www.nice.org.uk/usingguidance/commissioningguides/biologicaltherapies/home.jsp&quot; title=&quot;NICE Web site&quot;&gt;NICE Web site&lt;/a&gt;. &lt;/li&gt;&#xD;&#xA;&lt;/ul&gt;&lt;/div&gt;" /></Field><Field FieldID="143" OrdBy="1275" ID="457" Name="Patient Resources" Type="text"><FieldValue Value="&lt;div class=&quot;content_para&quot;&gt;&lt;p&gt;The following is available:&lt;/p&gt;&#xD;&#xA;&lt;ul style=&quot;list-style-type: disc;&quot;&gt;&#xD;&#xA;    &lt;li&gt;Tocilizumab for the treatment of rheumatoid arthritis. Understanding NICE guidance. Information for people who use NHS services. London (UK): National Institute for Health and Clinical Excellence (NICE); 2012 Feb. (Technology appraisal 247). Electronic copies: Available in Portable Document Format (PDF) from the &lt;a href=&quot;http://guidance.nice.org.uk/TA247/PublicInfo/pdf/English&quot; title=&quot;NICE Web site&quot;&gt;National Institute for Health and Clinical Excellence (NICE) Web site&lt;/a&gt;. Also available in Welsh from the &lt;a href=&quot;http://guidance.nice.org.uk/TA247/PublicInfo/doc/Welsh&quot; title=&quot;NICE Web site&quot;&gt;NICE Web site&lt;/a&gt;. &lt;/li&gt;&#xD;&#xA;&lt;/ul&gt;&#xD;&#xA;&lt;p class=&quot;Disclaimer&quot;&gt;Please note: This patient information is intended to provide health professionals with information to share with their patients to help them better understand their health and their diagnosed disorders. By providing access to this patient information, it is not the intention of NGC to provide specific medical advice for particular patients. Rather we urge patients and their representatives to review this material and then to consult with a licensed health professional for evaluation of treatment options suitable for them as well as for diagnosis and answers to their personal medical questions. This patient information has been derived and prepared from a guideline for health care professionals included on NGC by the authors or publishers of that original guideline. The patient information is not reviewed by NGC to establish whether or not it accurately reflects the original guideline's content.&lt;/p&gt;&lt;/div&gt;" /></Field><Field FieldID="142" OrdBy="1280" ID="458" Name="NGC Status" Type="text"><FieldValue Value="&lt;div class=&quot;content_para&quot;&gt;&lt;p&gt;This NGC summary was completed by ECRI Institute on March 11, 2011. This NGC summary was updated by ECRI Institute on July 3, 2012.&lt;/p&gt;&#xD;&#xA;&lt;p&gt;The National Institute for Health and Clinical Excellence (NICE) has granted the National Guideline Clearinghouse (NGC) permission to include summaries of their Technology Appraisal guidance with the intention of disseminating and facilitating the implementation of that guidance. NICE has not verified this content to confirm that it accurately reflects the original NICE guidance and therefore no guarantees are given by NICE in this regard. All NICE technology appraisal guidance is prepared in relation to the National Health Service in England and Wales. NICE has not been involved in the development or adaptation of NICE guidance for use in any other country. The full versions of all NICE guidance can be found at &lt;a href=&quot;http://www.nice.org.uk&quot; title=&quot;NICE Web site&quot;&gt;www.nice.org.uk&lt;/a&gt;.&lt;/p&gt;&lt;/div&gt;" /></Field><Field FieldID="141" OrdBy="1290" ID="460" Name="Copyright Statement" Type="text"><FieldValue Value="&lt;div class=&quot;content_para&quot;&gt;&lt;p&gt;This NGC summary is based on the original guideline, which is subject to the guideline developer's copyright restrictions.&lt;/p&gt;&lt;/div&gt;" /></Field></Section><Section SecID="99999" OrdBy="99999" Name="Disclaimer"><Field FieldID="99999" OrdBy="99999" ID="99999" Name="NGC Disclaimer" Type="text"><FieldValue Value="&lt;p&gt;The National Guideline Clearinghouse™ (NGC) does not develop, produce, approve, or endorse the guidelines represented on this site.&lt;/p&gt; &#xD;&#xA;&lt;p&gt;All guidelines summarized by NGC and hosted on our site are produced under the auspices of medical specialty societies, relevant professional associations, public or private organizations, other government agencies, health care organizations or plans, and similar entities.&lt;/p&gt; &#xD;&#xA;&lt;p&gt;Guidelines represented on the NGC Web site are submitted by guideline developers, and are screened solely to determine that they meet the NGC Inclusion Criteria which may be found at &lt;a href=&quot;/about/inclusion-criteria.aspx&quot;&gt;http://www.guideline.gov/about/inclusion-criteria.aspx&lt;/a&gt;.&lt;/p&gt; &#xD;&#xA;&lt;p&gt;NGC, AHRQ, and its contractor ECRI Institute make no warranties concerning the content or clinical efficacy or effectiveness of the clinical practice guidelines and related materials represented on this site. Moreover, the views and opinions of developers or authors of guidelines represented on this site do not necessarily state or reflect those of NGC, AHRQ, or its contractor ECRI Institute, and inclusion or hosting of guidelines in NGC may not be used for advertising or commercial endorsement purposes.&lt;/p&gt; &#xD;&#xA;&lt;p&gt;Readers with questions regarding guideline content are directed to contact the guideline developer.&lt;/p&gt;" /></Field></Section></Version>
