<Version><xmlsource>This XML content was developed by AHRQ's contractor ECRI Institute for the National Guideline Clearinghouse (NGC).</xmlsource><Section SecID="390" OrdBy="100" Name="General"><Field FieldID="161" OrdBy="105" ID="391" Name="Guideline Title" Type="text"><FieldValue Value="&lt;div class=&quot;content_title&quot;&gt;Summary of evidence-based guideline update: prevention of stroke in nonvalvular atrial fibrillation. Report of the Guideline Development Subcommittee of the American Academy of Neurology.&lt;/div&gt;" /></Field><Field FieldID="97" OrdBy="110" ID="392" Name="Bibliographic Source(s)" Type="citation"><FieldValue Value="&lt;table&gt;&lt;tr&gt;&lt;td&gt;Culebras A, Messé SR, Chaturvedi S, Kase CS, Gronseth G. Summary of evidence-based guideline update: Prevention of stroke in nonvalvular atrial fibrillation: Report of the Guideline Development Subcommittee of the American Academy of Neurology. Neurology. 2014 Feb 25;82(8):716-24. [40 references] &lt;a href=&quot;http://www.ncbi.nlm.nih.gov/entrez/query.fcgi?cmd=Retrieve&amp;db=pubmed&amp;dopt=Abstract&amp;list_uids=24566225&quot; target=&quot;_blank&quot;&gt;PubMed&lt;/a&gt;&lt;/td&gt;&lt;/tr&gt;&lt;/table&gt;" /></Field><Field FieldID="120" OrdBy="115" ID="393" Name="Guideline Status" Type="text"><FieldValue Value="&lt;div class=&quot;content_para&quot;&gt;&lt;p&gt;This is the current release of the guideline.&lt;/p&gt;&#xD;&#xA;&lt;p&gt;This guideline updates a previous version: American Academy of Neurology. Practice parameter: stroke prevention in patients with nonvalvular atrial fibrillation: report of the Quality Standards Subcommittee of the American Academy of Neurology. Neurology 1998 Sep;51(3):671-3.&lt;/p&gt;&#xD;&#xA;&lt;p&gt;This guideline meets NGC's 2013 (revised) inclusion criteria.&lt;/p&gt;&lt;/div&gt;" /></Field><Field Name ="UMLS Concepts"><FieldValue Value="ICD9CM: Atrial fibrillation  (427.31); Cerebral artery occlusion, unspecified with cerebral infarction  (434.91)"/><FieldValue Value="MSH: Acenocoumarol ; Anticoagulants ; Antithrombins ; Aspirin ; Atrial Fibrillation ; Benzimidazoles ; beta-Alanine ; Brain Ischemia ; Counseling ; Drug Therapy, Combination ; Fibrinolytic Agents ; International Normalized Ratio ; Morpholines ; Platelet Aggregation Inhibitors ; Preventive Health Services ; Pyrazoles ; Pyridones ; Risk Assessment ; Salicylates ; Stroke ; Thiophenes ; Thrombolytic Therapy ; Ticlopidine ; Warfarin "/><FieldValue Value="MTH: Anticoagulants ; Antithrombins ; Aspirin ; Atrial Fibrillation ; Benzimidazoles ; Brain Ischemia ; Cardiac rhythm monitoring ; Cerebrovascular accident ; Combination Drug Therapy ; Counseling ; dabigatran ; Fibrinolytic Agents ; International Normalized Ratio ; Ischemic stroke ; Morpholines ; Patient receiving warfarin therapy for nonvalvular atrial fibrillation or atrial flutter (AFIB) ; Platelet Aggregation Inhibitors ; Risk Assessment ; Salicylates ; Warfarin "/><FieldValue Value="PDQ: acetylsalicyclic acid ; apixaban ; thrombolytic therapy ; warfarin "/><FieldValue Value="SNOMEDCT_US: Acenocoumarol  (387457003); Acenocoumarol  (79356008); Anticoagulant  (372862008); Anticoagulant  (81839001); Antithrombin  (259742007); Antithrombin  (414010005); Apixaban  (698090000); Apixaban  (703906002); Aspirin  (387458008); Aspirin  (7947003); Atrial fibrillation  (49436004); beta Alanine  (70587000); Cerebrovascular accident  (230690007); Clopidogrel  (108979001); Clopidogrel  (386952008); Counseling  (129441002); Counseling  (409063005); Dabigatran  (698871007); International normalized ratio  (165581004); International normalized ratio  (1951000175101); Ischemic encephalopathy  (389100007); Ischemic stroke  (422504002); Risk assessment  (225338004); Rivaroxaban  (442031002); Rivaroxaban  (442539005); Salicylate product  (350312004); Stroke prevention  (135875009); Stroke risk  (135877001); Thrombolytic  (303960004); Thrombolytic  (372742009); Thrombolytic therapy  (426347000); Ticlopidine  (108971003); Ticlopidine  (386950000); Warfarin  (372756006); Warfarin  (48603004)"/></Field></Section><Section SecID="396" OrdBy="300" Name="Scope"><Field FieldID="140" OrdBy="305" ID="397" Name="Disease/Condition(s)" Type="text"><FieldValue Value="&lt;ul style=&quot;list-style-type: disc;&quot;&gt;&#xD;&#xA;    &lt;li&gt;Nonvalvular atrial fibrillation (NVAF) &lt;/li&gt;&#xD;&#xA;    &lt;li&gt;Ischemic stroke &lt;/li&gt;&#xD;&#xA;&lt;/ul&gt;" /></Field><Field FieldID="103" OrdBy="310" ID="398" Name="Guideline Category" Type="picklist-many"><FieldValue Value="Prevention" /><FieldValue Value="Risk Assessment" /><FieldValue Value="Screening" /><FieldValue Value="Treatment" /></Field><Field FieldID="113" OrdBy="315" ID="399" Name="Clinical Specialty" Type="picklist-many"><FieldValue Value="Cardiology" /><FieldValue Value="Internal Medicine" /><FieldValue Value="Neurology" /></Field><Field FieldID="114" OrdBy="320" ID="400" Name="Intended Users" Type="picklist-many"><FieldValue Value="Advanced Practice Nurses" /><FieldValue Value="Nurses" /><FieldValue Value="Physician Assistants" /><FieldValue Value="Physicians" /></Field><Field FieldID="129" OrdBy="325" ID="401" Name="Guideline Objective(s)" Type="text"><FieldValue Value="&lt;ul style=&quot;list-style-type: disc;&quot;&gt;&#xD;&#xA;    &lt;li&gt;To update the 1998 American Academy of Neurology (AAN) practice parameter on stroke prevention in nonvalvular atrial fibrillation (NVAF) &lt;/li&gt;&#xD;&#xA;    &lt;li&gt;To answer the following clinical questions:&#xD;&#xA;    &lt;ul style=&quot;list-style-type: disc;&quot;&gt;&#xD;&#xA;        &lt;li&gt;How often do various technologies identify previously undetected NVAF? &lt;/li&gt;&#xD;&#xA;        &lt;li&gt;Which therapies reduce ischemic stroke risk with the least risk of hemorrhage, including intracranial hemorrhage? &lt;/li&gt;&#xD;&#xA;    &lt;/ul&gt;&#xD;&#xA;    &lt;/li&gt;&#xD;&#xA;&lt;/ul&gt;" /></Field><Field FieldID="132" OrdBy="330" ID="402" Name="Target Population" Type="text"><FieldValue Value="&lt;ul style=&quot;list-style-type: disc;&quot;&gt;&#xD;&#xA;    &lt;li&gt;Patients with known nonvalvular atrial fibrillation (NVAF) &lt;/li&gt;&#xD;&#xA;    &lt;li&gt;Patients with cryptogenic stroke without known NVAF (i.e., patients with occult NVAF) &lt;/li&gt;&#xD;&#xA;&lt;/ul&gt;" /></Field><Field FieldID="133" OrdBy="335" ID="403" Name="Interventions and Practices Considered" Type="text"><FieldValue Value="&lt;ol style=&quot;list-style-type: decimal;&quot; start=&quot;1&quot;&gt;&#xD;&#xA;    &lt;li&gt;Cardiac rhythm studies to identify patients with occult nonvalvular atrial fibrillation (NVAF) &lt;/li&gt;&#xD;&#xA;    &lt;li&gt;Selection of patients for antithrombotic therapy based on risk assessment &lt;/li&gt;&#xD;&#xA;    &lt;li&gt;Counseling patients with NVAF about increased stroke risk and the use of antithrombotics &lt;/li&gt;&#xD;&#xA;    &lt;li&gt;Oral anticoagulant therapy (with international normalized ratio [INR] monitoring)&#xD;&#xA;    &lt;ul style=&quot;list-style-type: disc;&quot;&gt;&#xD;&#xA;        &lt;li&gt;Warfarin &lt;/li&gt;&#xD;&#xA;        &lt;li&gt;Dabigatran &lt;/li&gt;&#xD;&#xA;        &lt;li&gt;Rivaroxaban &lt;/li&gt;&#xD;&#xA;        &lt;li&gt;Apixaban &lt;/li&gt;&#xD;&#xA;        &lt;li&gt;Triflusal plus acenocoumarol &lt;/li&gt;&#xD;&#xA;        &lt;li&gt;Clopidogrel plus aspirin &lt;/li&gt;&#xD;&#xA;    &lt;/ul&gt;&#xD;&#xA;    &lt;/li&gt;&#xD;&#xA;    &lt;li&gt;Considerations for special populations: the elderly, patients with dementia, patients with increased fall risk, and patients with renal failure &lt;/li&gt;&#xD;&#xA;&lt;/ol&gt;" /></Field><Field FieldID="134" OrdBy="340" ID="404" Name="Major Outcomes Considered" Type="text"><FieldValue Value="&lt;ul style=&quot;list-style-type: disc;&quot;&gt;&#xD;&#xA;    &lt;li&gt;Yield of identification of patients with occult nonvalvular atrial fibrillation &lt;/li&gt;&#xD;&#xA;    &lt;li&gt;Incidence and severity of:&#xD;&#xA;    &lt;ul style=&quot;list-style-type: disc;&quot;&gt;&#xD;&#xA;        &lt;li&gt;Stroke or systemic embolism &lt;/li&gt;&#xD;&#xA;        &lt;li&gt;Ischemic stroke &lt;/li&gt;&#xD;&#xA;        &lt;li&gt;Major bleeding &lt;/li&gt;&#xD;&#xA;        &lt;li&gt;Intracranial bleeding &lt;/li&gt;&#xD;&#xA;        &lt;li&gt;Gastrointestinal bleeding &lt;/li&gt;&#xD;&#xA;    &lt;/ul&gt;&#xD;&#xA;    &lt;/li&gt;&#xD;&#xA;&lt;/ul&gt;" /></Field></Section><Section SecID="405" OrdBy="400" Name="Methodology"><Field FieldID="109" OrdBy="405" ID="406" Name="Methods Used to Collect/Select the Evidence" Type="picklist-many"><FieldValue Value="Searches of Electronic Databases" /></Field><Field FieldID="135" OrdBy="410" ID="407" Name="Description of Methods Used to Collect/Select the Evidence" Type="text"><FieldValue Value="&lt;div class=&quot;content_para&quot;&gt;&lt;p&gt;The panel engaged a medical librarian to search MEDLINE, EMBASE, Cochrane, and Web of Science for relevant articles published between 1998 and November 2012. The key text words and index words used in the search are &quot;anticoagulation,&quot; &quot;antithrombotics,&quot; &quot;antiplatelets,&quot; &quot;atrial fibrillation,&quot; &quot;cardioembolic stroke,&quot; &quot;cryptogenic stroke,&quot; and &quot;paroxysmal atrial fibrillation.&quot; The guideline developers considered studies that addressed population screening and therapy, including special population groups such as elderly individuals, nursing home residents, people with end-stage renal disease, and people with dementia. Appendix e-3 of the data supplement (see the &quot;Availability of Companion Documents&quot; field) provides the complete search strategy. The search was restricted to peer-reviewed articles on human subjects written in English. A secondary search of references of selected articles was conducted up to March 2013 to identify any articles missed in the initial search.&lt;/p&gt;&#xD;&#xA;&lt;p&gt;The searches yielded 2,450 abstracts, each of which was reviewed for relevance by at least 2 panel members. Of those abstracts, 125 were deemed relevant, and the corresponding articles were obtained for full-text review by 2 panelists working independently.&lt;/p&gt;&lt;/div&gt;" /></Field><Field FieldID="136" OrdBy="415" ID="408" Name="Number of Source Documents" Type="text"><FieldValue Value="&lt;div class=&quot;content_para&quot;&gt;&lt;p&gt;A final selection of 83 relevant articles was made for data extraction.&lt;/p&gt;&lt;/div&gt;" /></Field><Field FieldID="115" OrdBy="420" ID="409" Name="Methods Used to Assess the Quality and Strength of the Evidence" Type="picklist-choice"><FieldValue Value="Weighting According to a Rating Scheme (Scheme Given)" /></Field><Field FieldID="149" OrdBy="425" ID="410" Name="Rating Scheme for the Strength of the Evidence" Type="text"><FieldValue Value="&lt;div class=&quot;content_para&quot;&gt;&lt;p&gt;&lt;strong&gt;&lt;span style=&quot;text-decoration: underline;&quot;&gt;Therapeutic&lt;/span&gt;&lt;/strong&gt;&lt;/p&gt;&#xD;&#xA;&lt;p&gt;&lt;strong&gt;Class I&lt;/strong&gt;&lt;/p&gt;&#xD;&#xA;&lt;ul style=&quot;list-style-type: disc;&quot;&gt;&#xD;&#xA;    &lt;li&gt;Randomized, controlled clinical trial (RCT) in a representative population &lt;/li&gt;&#xD;&#xA;    &lt;li&gt;Masked or objective outcome assessment &lt;/li&gt;&#xD;&#xA;    &lt;li&gt;Relevant baseline characteristics are presented and substantially equivalent between treatment groups, or there is appropriate statistical adjustment for differences &lt;/li&gt;&#xD;&#xA;    &lt;li&gt;Also required:&#xD;&#xA;    &lt;ol style=&quot;list-style-type: lower-alpha;&quot; start=&quot;1&quot;&gt;&#xD;&#xA;        &lt;li&gt;Concealed allocation &lt;/li&gt;&#xD;&#xA;        &lt;li&gt;No more than two primary outcomes specified &lt;/li&gt;&#xD;&#xA;        &lt;li&gt;Exclusion/inclusion criteria clearly defined &lt;/li&gt;&#xD;&#xA;        &lt;li&gt;Adequate accounting for dropouts (with at least 80 percent of enrolled subjects completing the study) and crossovers with numbers sufficiently low to have minimal potential for bias &lt;/li&gt;&#xD;&#xA;        &lt;li&gt;For noninferiority or equivalence trials claiming to prove efficacy for one or both drugs, the following are also required*:&#xD;&#xA;        &lt;ol style=&quot;list-style-type: decimal;&quot; start=&quot;1&quot;&gt;&#xD;&#xA;            &lt;li&gt;The authors explicitly state the clinically meaningful difference to be excluded by defining the threshold for equivalence or noninferiority &lt;/li&gt;&#xD;&#xA;            &lt;li&gt;The standard treatment used in the study is substantially similar to that used in previous studies establishing efficacy of the standard treatment (e.g., for a drug, the mode of administration, dose, and dosage adjustments are similar to those previously shown to be effective) &lt;/li&gt;&#xD;&#xA;            &lt;li&gt;The inclusion and exclusion criteria for patient selection and the outcomes of patients on the standard treatment are comparable to those of previous studies establishing efficacy of the standard treatment &lt;/li&gt;&#xD;&#xA;            &lt;li&gt;The interpretation of the study results is based on a per-protocol analysis that accounts for dropouts or crossovers&lt;/li&gt;&#xD;&#xA;        &lt;/ol&gt;&#xD;&#xA;        &lt;/li&gt;&#xD;&#xA;    &lt;/ol&gt;&#xD;&#xA;    &lt;ol style=&quot;list-style-type: lower-alpha;&quot; start=&quot;6&quot;&gt;&#xD;&#xA;        &lt;li&gt;For crossover trials, both period and carryover effects examined and statistical adjustments performed, if appropriate&lt;/li&gt;&#xD;&#xA;    &lt;/ol&gt;&#xD;&#xA;    &lt;/li&gt;&#xD;&#xA;&lt;/ul&gt;&#xD;&#xA;&lt;p&gt;&lt;strong&gt;Class II&lt;/strong&gt;&lt;/p&gt;&#xD;&#xA;&lt;ul style=&quot;list-style-type: disc;&quot;&gt;&#xD;&#xA;    &lt;li&gt;An RCT that lacks one or two criteria a&amp;ndash;e (see Class I) or a cohort study meeting criteria b&amp;ndash;e (see Class I) &lt;/li&gt;&#xD;&#xA;    &lt;li&gt;Randomized, crossover trial missing one of the following two criteria:&#xD;&#xA;    &lt;ol style=&quot;list-style-type: lower-alpha;&quot; start=&quot;1&quot;&gt;&#xD;&#xA;        &lt;li&gt;Period and carryover effects described &lt;/li&gt;&#xD;&#xA;        &lt;li&gt;Baseline characteristics of treatment order groups presented&lt;/li&gt;&#xD;&#xA;    &lt;/ol&gt;&#xD;&#xA;    &lt;/li&gt;&#xD;&#xA;    &lt;li&gt;All relevant baseline characteristics are presented and substantially equivalent among treatment groups, or there is appropriate statistical adjustment for differences &lt;/li&gt;&#xD;&#xA;    &lt;li&gt;Masked or objective outcome assessment&lt;/li&gt;&#xD;&#xA;&lt;/ul&gt;&#xD;&#xA;&lt;p&gt;&lt;strong&gt;Class III&lt;/strong&gt;&lt;/p&gt;&#xD;&#xA;&lt;ul style=&quot;list-style-type: disc;&quot;&gt;&#xD;&#xA;    &lt;li&gt;Controlled studies (including studies with external controls such as well-defined natural history controls) &lt;/li&gt;&#xD;&#xA;    &lt;li&gt;Crossover trial missing both of the following two criteria:&#xD;&#xA;    &lt;ol style=&quot;list-style-type: lower-alpha;&quot; start=&quot;1&quot;&gt;&#xD;&#xA;        &lt;li&gt;Period and carryover effects &lt;/li&gt;&#xD;&#xA;        &lt;li&gt;Baseline characteristics presented&lt;/li&gt;&#xD;&#xA;    &lt;/ol&gt;&#xD;&#xA;    &lt;/li&gt;&#xD;&#xA;    &lt;li&gt;A description of major confounding differences between treatment groups that could affect outcome** &lt;/li&gt;&#xD;&#xA;    &lt;li&gt;Outcome assessment masked, objective, or performed by someone who is not a member of the treatment team&lt;/li&gt;&#xD;&#xA;&lt;/ul&gt;&#xD;&#xA;&lt;p&gt;&lt;strong&gt;Class IV&lt;/strong&gt;&lt;/p&gt;&#xD;&#xA;&lt;ul style=&quot;list-style-type: disc;&quot;&gt;&#xD;&#xA;    &lt;li&gt;Did not include patients with the disease &lt;/li&gt;&#xD;&#xA;    &lt;li&gt;Did not include patients receiving different interventions &lt;/li&gt;&#xD;&#xA;    &lt;li&gt;Undefined or unaccepted interventions or outcome measures &lt;/li&gt;&#xD;&#xA;    &lt;li&gt;No measures of effectiveness or statistical precision presented or calculable&lt;/li&gt;&#xD;&#xA;&lt;/ul&gt;&#xD;&#xA;&lt;p class=&quot;Note&quot;&gt;* Numbers 1&amp;ndash;3 in Class Ie are required for Class II in equivalence trials. If any one of the three is missing, the class is automatically downgraded to Class III.&lt;/p&gt;&#xD;&#xA;&lt;p class=&quot;Note&quot;&gt;** Objective outcome measurement: An outcome measure that is unlikely to be affected by an observer's (patient, treating physician, investigator) expectation or bias (e.g., blood tests, administrative outcome data)&lt;/p&gt;&#xD;&#xA;&lt;p class=&quot;Note&quot;&gt;Note: The AAN also provides evidence classification schemes for causation and prognostic questions in the &quot;Clinical Practice Guideline Process Manual&quot; (see the &quot;Availability of Companion Documents&quot; field).&lt;/p&gt;&lt;/div&gt;" /></Field><Field FieldID="116" OrdBy="430" ID="411" Name="Methods Used to Analyze the Evidence" Type="picklist-many"><FieldValue Value="Review of Published Meta-Analyses" /><FieldValue Value="Systematic Review with Evidence Tables" /></Field><Field FieldID="150" OrdBy="435" ID="412" Name="Description of the Methods Used to Analyze the Evidence" Type="text"><FieldValue Value="&lt;div class=&quot;content_para&quot;&gt;&lt;p&gt;Evidence was synthesized and conclusions developed using a modified form of the Grading of Recommendations Assessment, Development and Evaluation (GRADE) process. The confidence in evidence was anchored to the studies' risk of bias in accordance with the rules outlined in Appendix e-5 of the data supplement (see the &quot;Availability of Companion Documents&quot; field). The overall confidence in the evidence pertinent to a question could be downgraded by 1 or more levels on the basis of the following factors: consistency, precision, directness, publication bias, or biologic plausibility. In addition, the overall confidence in the evidence pertinent to a question could be downgraded 1 or more levels or upgraded by 1 level on the basis of the following factors: magnitude of effect, dose response relationship, or direction of bias. Two panel members working together completed an evidence summary table to determine the final confidence in the evidence (see Appendix e-6 of the data supplement [see the &quot;Availability of Companion Documents&quot; field] for the evidence synthesis tables). The confidence in the evidence was indicated by use of modal operators in conclusion statements in the manuscript. &quot;Highly likely&quot; or &quot;highly probable&quot; correspond to high confidence level, &quot;likely&quot; or &quot;probable&quot; correspond to moderate confidence level, and &quot;possibly&quot; corresponds to low confidence level. Very low confidence was indicated by the phrase &quot;insufficient evidence.&quot;&lt;/p&gt;&lt;/div&gt;" /></Field><Field FieldID="112" OrdBy="440" ID="413" Name="Methods Used to Formulate the Recommendations" Type="picklist-choice"><FieldValue Value="Expert Consensus (Delphi)" /></Field><Field FieldID="145" OrdBy="445" ID="414" Name="Description of Methods Used to Formulate the Recommendations" Type="text"><FieldValue Value="&lt;div class=&quot;content_para&quot;&gt;&lt;p&gt;The panel formulated a rationale for recommendations based on the evidence systematically reviewed and stipulated axiomatic principles of care. This rationale is explained in a section which precedes each set of recommendations. From this rationale, corresponding actionable recommendations were inferred. The authors assigned a level of obligation to each recommendation using a modified Delphi process to evaluate the following prespecified domains: the confidence in the evidence systematically reviewed, the acceptability of axiomatic principles of care, the strength of indirect evidence, and the relative magnitude of anticipated health benefits to harms. Additional factors explicitly considered by the panel that could modify the level of obligation include judgments with regard to the importance of outcomes, cost of compliance to the recommendation relative to benefit, the availability of the intervention, and anticipated variations in patient preferences. The prespecified rules for determining the final level of obligation from these domains is indicated in Appendix e-7 of the data supplement (see the &quot;Availability of Companion Documents&quot; field). The level of obligation was indicated using standard modal operators. &quot;Must&quot; corresponds to &quot;Level A,&quot; very strong recommendations; &quot;should&quot; to &quot;Level B,&quot; strong recommendations; and &quot;might&quot; to &quot;Level C,&quot; weak recommendations. The panel members' judgments supporting the levels of obligation are indicated in the tables in Appendix e-8 of the data supplement (see the &quot;Availability of Companion Documents&quot; field).&lt;/p&gt;&lt;/div&gt;" /></Field><Field FieldID="146" OrdBy="450" ID="415" Name="Rating Scheme for the Strength of the Recommendations" Type="text"><FieldValue Value="&lt;div class=&quot;content_para&quot;&gt;&lt;p&gt;&lt;strong&gt;Assigning a Level of Strength to the Recommendation&lt;/strong&gt;&lt;/p&gt;&#xA;&lt;p&gt;When there is sufficient evidence to support an inference for the use of an intervention (i.e., the balance of benefits and harms favors the intervention), the author panel assigns one of three recommendation designations: A, B, or C. Each designation corresponds to a helping verb that denotes the level of strength of the recommendation. &lt;strong&gt;Level A&lt;/strong&gt; is the strongest recommendation level and is denoted by the use of the helping verb &lt;em&gt;must&lt;/em&gt;. Must recommendations are rare, as they are based on high confidence in the evidence and require both a high magnitude of benefit and low risk. &lt;strong&gt;Level B&lt;/strong&gt; corresponds to the helping verb &lt;em&gt;should&lt;/em&gt;. &lt;em&gt;Should&lt;/em&gt; recommendations tend to be more common, as the requirements are less stringent but still based on the evidence and benefit&amp;ndash;risk profile. Finally, &lt;strong&gt;Level C&lt;/strong&gt; corresponds to the helping verb &lt;em&gt;may&lt;/em&gt; or &lt;em&gt;might&lt;/em&gt;. &lt;em&gt;May&lt;/em&gt; and &lt;em&gt;might&lt;/em&gt; recommendations represent the lowest allowable recommendation level the American Academy of Neurology (AAN considers useful within the scope of clinical practice and can accommodate the highest degree of practice variation.&lt;/p&gt;&#xA;&lt;p&gt;&lt;strong&gt;Level A&lt;/strong&gt; denotes a practice recommendation that &quot;must&quot; be done. In almost all circumstances, adherence to the recommendation will improve health-related outcomes. A &lt;strong&gt;Level B&lt;/strong&gt; indicates a recommendation that &quot;should&quot; be done. In most circumstances, adherence to the recommendation will likely improve health-related outcomes. A &lt;strong&gt;Level C&lt;/strong&gt; represents a recommendation that &quot;might&quot; be done. In some circumstances, adherence to the recommendation might improve health-related outcomes. &lt;/p&gt;&#xA;&lt;p&gt;When there is insufficient evidence to support an inference for the use of an intervention (i.e., the balance of benefits and harms is unknown) a &lt;strong&gt;Level U&lt;/strong&gt; or &lt;strong&gt;Level R&lt;/strong&gt; designation is appropriate.&lt;/p&gt;&#xA;&lt;p&gt;A &lt;strong&gt;Level U&lt;/strong&gt; indicates that the available evidence is insufficient to support or refute the efficacy of an intervention. A &lt;strong&gt;Level R&lt;/strong&gt; is assigned when the balance of benefits and harms is unknown and the intervention is known to be expensive or have important risks. A &lt;strong&gt;Level R&lt;/strong&gt; designates that the intervention should not be used outside of a research setting. Non&amp;ndash;evidence-based factors that need to be transparently and systematically considered when formulating recommendations include the following:&lt;/p&gt;&#xA;&lt;ul style=&quot;list-style-type: disc;&quot;&gt;&#xA;    &lt;li&gt;The relative value of the benefit as compared with the risk; this is derived from consideration of:&#xA;    &lt;ul style=&quot;list-style-type: disc;&quot;&gt;&#xA;        &lt;li&gt;The importance to patients of the health related-outcomes (both benefits and harms) &lt;/li&gt;&#xA;        &lt;li&gt;The size of the intervention's effect &lt;/li&gt;&#xA;        &lt;li&gt;The risk of harm of the intervention (i.e., tolerability and safety)&lt;/li&gt;&#xA;    &lt;/ul&gt;&#xA;    &lt;/li&gt;&#xA;    &lt;li&gt;The feasibility of complying with the intervention (e.g., the intervention's availability) &lt;/li&gt;&#xA;    &lt;li&gt;The cost of the intervention &lt;/li&gt;&#xA;    &lt;li&gt;The expected variation in patient preferences relative to the risks, burdens, and benefits of the intervention&lt;/li&gt;&#xA;&lt;/ul&gt;&lt;/div&gt;" /></Field><Field FieldID="148" OrdBy="460" ID="417" Name="Cost Analysis" Type="text"><FieldValue Value="&lt;div class=&quot;content_para&quot;&gt;&lt;p&gt;A formal cost analysis was not performed and published cost analyses were not reviewed.&lt;/p&gt;&lt;/div&gt;" /></Field><Field FieldID="104" OrdBy="465" ID="418" Name="Method of Guideline Validation" Type="picklist-choice"><FieldValue Value="External Peer Review" /><FieldValue Value="Internal Peer Review" /></Field><Field FieldID="130" OrdBy="470" ID="419" Name="Description of Method of Guideline Validation" Type="text"><FieldValue Value="&lt;div class=&quot;content_para&quot;&gt;&lt;p&gt;Drafts of the original guideline document have been reviewed by at least 3 American Academy of Neurology (AAN) committees, a network of neurologists, &lt;em&gt;Neurology&lt;/em&gt;&amp;reg; peer reviewers, and representatives from related fields.&lt;/p&gt;&#xD;&#xA;&lt;p&gt;The guideline document was approved by the Guideline Development Subcommittee on January 12, 2013; by the Practice Committee on April 29, 2013; and by the American Academy of Neurology Institute (AANI) Board of Directors on October 29, 2013.&lt;/p&gt;&#xD;&#xA;&lt;p&gt;This guideline was endorsed by the World Stroke Organization on December 7, 2012.&lt;/p&gt;&lt;/div&gt;" /></Field></Section><Section SecID="420" OrdBy="500" Name="Recommendations"><Field FieldID="151" OrdBy="505" ID="421" Name="Major Recommendations" Type="text"><FieldValue Value="&lt;div class=&quot;content_para&quot;&gt;&lt;p&gt;Definitions of the levels of the recommendations (&lt;strong&gt;A, B, C&lt;/strong&gt;) and classification of the evidence (&lt;strong&gt;Class I-IV&lt;/strong&gt;) are provided at the end of the &quot;Major Recommendations&quot; field.&lt;/p&gt;&#xD;&#xA;&lt;p&gt;&lt;strong&gt;&lt;span style=&quot;text-decoration: underline;&quot;&gt;Identification of Patients with Occult Nonvalvular Atrial Fibrillation (NVAF)&lt;/span&gt;&lt;/strong&gt;&lt;/p&gt;&#xD;&#xA;&lt;p&gt;&lt;strong&gt;Clinical Context&lt;/strong&gt;&lt;/p&gt;&#xD;&#xA;&lt;p&gt;In patients with recent cryptogenic stroke, outpatient cardiac rhythm monitoring performed with nonimplanted devices probably detects unsuspected NVAF at a rate that ranges from 0% to 23% (weighted average 10.7% [95% confidence interval (CI) 7.9% to 14.3%]), with longer monitoring periods probably associated with a greater yield. Many of the NVAF episodes that are detected are clinically asymptomatic, and thus monitoring devices with continuous recording or automatic detection algorithms, rather than patient-triggered recording, are preferred. The risk of recurrent stroke is uncertain in patients with very brief (e.g., &amp;lt;30 seconds) or very infrequent episodes of NVAF; however, previous studies have demonstrated that NVAF tends to occur for progressively longer periods, and the stroke risk in patients with paroxysmal NVAF is similar to that in patients with persistent NVAF.&lt;/p&gt;&#xD;&#xA;&lt;p&gt;&lt;strong&gt;Practice Recommendations&lt;/strong&gt;&lt;/p&gt;&#xD;&#xA;&lt;ol style=&quot;list-style-type: decimal;&quot; start=&quot;1&quot;&gt;&#xD;&#xA;    &lt;li&gt;Clinicians might obtain outpatient cardiac rhythm studies in patients with cryptogenic stroke without known NVAF, to identify patients with occult NVAF (&lt;strong&gt;Level C&lt;/strong&gt;). &lt;/li&gt;&#xD;&#xA;    &lt;li&gt;Clinicians might obtain cardiac rhythm studies for prolonged periods (e.g., for 1 or more weeks) instead of shorter periods (e.g., 24 hours) in patients with cryptogenic stroke without known NVAF, to increase the yield of identification of patients with occult NVAF (&lt;strong&gt;Level C&lt;/strong&gt;). &lt;/li&gt;&#xD;&#xA;&lt;/ol&gt;&#xD;&#xA;&lt;p&gt;&lt;strong&gt;&lt;span style=&quot;text-decoration: underline;&quot;&gt;Selection of Patients for Antithrombotic Therapy&lt;/span&gt;&lt;/strong&gt;&lt;/p&gt;&#xD;&#xA;&lt;p&gt;&lt;strong&gt;Clinical Context&lt;/strong&gt;&lt;/p&gt;&#xD;&#xA;&lt;p&gt;Within the NVAF population, the absolute risk of ischemic stroke varies widely on the basis of the presence of other stroke risk factors. The absolute stroke risk is highest among patients with NVAF and a history of stroke and transient ischemic attack (TIA) (aggregated absolute risk about 10%/y). Although multiple risk stratification tools are available for estimating the absolute stroke risk of patients with NVAF, the absolute stroke risks estimated by these tools vary widely.&lt;/p&gt;&#xD;&#xA;&lt;p&gt;Because it is difficult to determine with precision the absolute stroke risk in patients with NVAF, determining when the benefit from reduced stroke risk outweighs the harm of increased bleeding is likewise difficult. In these circumstances, patient preferences and physician judgment become especially important.&lt;/p&gt;&#xD;&#xA;&lt;p&gt;&lt;strong&gt;Practice Recommendations&lt;/strong&gt;&lt;/p&gt;&#xD;&#xA;&lt;ol style=&quot;list-style-type: decimal;&quot; start=&quot;1&quot;&gt;&#xD;&#xA;    &lt;li&gt;Clinicians should inform patients with NVAF that these patients have an increased stroke risk and that this risk can potentially be reduced by antithrombotic use. Patients should also be informed that antithrombotic use increases their risk of major bleeding (&lt;strong&gt;Level B&lt;/strong&gt;). &lt;/li&gt;&#xD;&#xA;    &lt;li&gt;Clinicians should counsel all patients with NVAF that the decision to use antithrombotics must be made only after the potential benefit from the stroke risk reduction has been weighed against the potential harm from the increased risk of major bleeding. Clinicians should also emphasize the important role of judgment and preferences in this decision (&lt;strong&gt;Level B&lt;/strong&gt;). &lt;/li&gt;&#xD;&#xA;    &lt;li&gt;Clinicians should routinely offer anticoagulation to patients with NVAF and a history of TIA or stroke, to reduce these patients' subsequent risk of ischemic stroke (&lt;strong&gt;Level B&lt;/strong&gt;). &lt;/li&gt;&#xD;&#xA;    &lt;li&gt;Clinicians might not offer anticoagulation to patients with NVAF who lack additional risk factors (&quot;lone&quot; NVAF patients). Clinicians might reasonably offer antithrombotic therapy with aspirin to such patients or might not offer antithrombotic therapy at all (&lt;strong&gt;Level C&lt;/strong&gt;). &lt;/li&gt;&#xD;&#xA;    &lt;li&gt;To inform their judgments as to which patients with NVAF might benefit more from anticoagulation, clinicians should use a risk stratification scheme to help identify patients with NVAF who are at higher risk for stroke or at no clinically significant risk. However, clinicians should not rigidly interpret anticoagulation thresholds suggested by these tools as being definitive indicators of which patients require anticoagulation (&lt;strong&gt;Level B&lt;/strong&gt;). &lt;/li&gt;&#xD;&#xA;&lt;/ol&gt;&#xD;&#xA;&lt;p&gt;&lt;strong&gt;&lt;span style=&quot;text-decoration: underline;&quot;&gt;Selection of a Specific Oral Anticoagulant&lt;/span&gt;&lt;/strong&gt;&lt;/p&gt;&#xD;&#xA;&lt;p&gt;&lt;strong&gt;Clinical Context&lt;/strong&gt;&lt;/p&gt;&#xD;&#xA;&lt;p&gt;The guideline panel's review indicates that several anticoagulant medications decrease the risk of ischemic stroke in patients with NVAF. In clinical trials, the new oral anticoagulants are noninferior or superior to warfarin for reducing stroke, and in most patients the reduction in ischemic stroke risk outweighs the risk of bleeding complications.&lt;/p&gt;&#xD;&#xA;&lt;p&gt;&lt;strong&gt;Practice Recommendations&lt;/strong&gt;&lt;/p&gt;&#xD;&#xA;&lt;ol style=&quot;list-style-type: decimal;&quot; start=&quot;1&quot;&gt;&#xD;&#xA;    &lt;li&gt;To reduce the risk of stroke or subsequent stroke in patients with NVAF judged to require oral anticoagulants, clinicians should choose one of the following options (&lt;strong&gt;Level B&lt;/strong&gt;):&#xD;&#xA;    &lt;ul style=&quot;list-style-type: disc;&quot;&gt;&#xD;&#xA;        &lt;li&gt;Warfarin, target international normalized ratio (INR) 2.0 to 3.0 &lt;/li&gt;&#xD;&#xA;        &lt;li&gt;Dabigatran 150 mg twice daily (if creatinine clearance [CrCl] &amp;gt;30 mL/min) &lt;/li&gt;&#xD;&#xA;        &lt;li&gt;Rivaroxaban 15 mg/d (if CrCl 30 to 49 mL/ min) or 20 mg/d &lt;/li&gt;&#xD;&#xA;        &lt;li&gt;Apixaban 5 mg twice daily (if serum creatinine &amp;lt;1.5 mg/dL) or 2.5 mg twice daily if &lt;em&gt;any 2&lt;/em&gt; of the following criteria are present: serum creatinine &amp;gt;1.5 mg/dL and &amp;lt;2.5 mg/dL; body weight &amp;le;60 kg; age &amp;ge;80 years.) &lt;/li&gt;&#xD;&#xA;        &lt;li&gt;Triflusal 600 mg plus acenocoumarol, target INR 1.25 to 2.0 (patients at moderate stroke risk, mostly in developing countries) &lt;/li&gt;&#xD;&#xA;    &lt;/ul&gt;&#xD;&#xA;    &lt;/li&gt;&#xD;&#xA;&lt;/ol&gt;&#xD;&#xA;&lt;p&gt;&lt;em&gt;Patients Already Taking Warfarin&lt;/em&gt;&lt;/p&gt;&#xD;&#xA;&lt;ol style=&quot;list-style-type: decimal;&quot; start=&quot;2&quot;&gt;&#xD;&#xA;    &lt;li&gt;Clinicians might recommend that patients taking warfarin whose condition is well-controlled continue warfarin treatment rather than switch to treatment with a new oral anticoagulant (&lt;strong&gt;Level C&lt;/strong&gt;). &lt;/li&gt;&#xD;&#xA;&lt;/ol&gt;&#xD;&#xA;&lt;p&gt;&lt;em&gt;Intracranial Bleeding Risk&lt;/em&gt;&lt;/p&gt;&#xD;&#xA;&lt;ol style=&quot;list-style-type: decimal;&quot; start=&quot;3&quot;&gt;&#xD;&#xA;    &lt;li&gt;Clinicians should administer dabigatran, rivaroxaban, or apixaban to patients who have NVAF requiring anticoagulant medication and are at higher risk of intracranial bleeding (&lt;strong&gt;Level B&lt;/strong&gt;). &lt;/li&gt;&#xD;&#xA;&lt;/ol&gt;&#xD;&#xA;&lt;p&gt;&lt;em&gt;Gastrointestinal (GI) Bleeding Risk&lt;/em&gt;&lt;/p&gt;&#xD;&#xA;&lt;ol style=&quot;list-style-type: decimal;&quot; start=&quot;4&quot;&gt;&#xD;&#xA;    &lt;li&gt;Clinicians might offer apixaban to patients with NVAF and GI bleeding risk who require anticoagulant medication (&lt;strong&gt;Level C&lt;/strong&gt;). &lt;/li&gt;&#xD;&#xA;&lt;/ol&gt;&#xD;&#xA;&lt;p&gt;&lt;em&gt;Other Factors Affecting Administration of New Oral Anticoagulants&lt;/em&gt;&lt;/p&gt;&#xD;&#xA;&lt;ol style=&quot;list-style-type: decimal;&quot; start=&quot;5&quot;&gt;&#xD;&#xA;    &lt;li&gt;Clinicians should offer dabigatran, rivaroxaban, or apixaban to patients unwilling or unable to submit to frequent periodic testing of INR levels (&lt;strong&gt;Level B&lt;/strong&gt;). &lt;/li&gt;&#xD;&#xA;    &lt;li&gt;Clinicians should offer apixaban to patients unsuitable for being treated, or unwilling to be treated, with warfarin (&lt;strong&gt;Level B&lt;/strong&gt;). &lt;/li&gt;&#xD;&#xA;    &lt;li&gt;Where apixaban is unavailable, clinicians might offer dabigatran or rivaroxaban (&lt;strong&gt;Level C&lt;/strong&gt;). &lt;/li&gt;&#xD;&#xA;    &lt;li&gt;Where oral anticoagulants are unavailable, clinicians might offer a combination of aspirin and clopidogrel (&lt;strong&gt;Level C&lt;/strong&gt;). &lt;/li&gt;&#xD;&#xA;    &lt;li&gt;Where triflusal is available and patients are unable or unwilling to take new oral anticoagulants (mostly in developing countries), clinicians should offer acenocoumarol (target INR 1.25 to 2.0) and triflusal to patients with NVAF who are at moderate stroke risk and higher bleeding risk (&lt;strong&gt;Level B&lt;/strong&gt;). &lt;/li&gt;&#xD;&#xA;&lt;/ol&gt;&#xD;&#xA;&lt;p&gt;&lt;strong&gt;&lt;span style=&quot;text-decoration: underline;&quot;&gt;Special Populations&lt;/span&gt;&lt;/strong&gt;&lt;/p&gt;&#xD;&#xA;&lt;p&gt;&lt;strong&gt;Clinical Context&lt;/strong&gt;&lt;/p&gt;&#xD;&#xA;&lt;p&gt;Some clinicians are reluctant to use anticoagulants to treat elderly patients with NVAF because of perceived high risk of bleeding. However, anticoagulation with warfarin is superior to that with aspirin for reducing the risk of ischemic stroke in patients &amp;ge;75 years with NVAF, whereas rates of major bleeding are comparable. In one important subgroup, elderly patients who have frequent falls or advanced dementia, data are insufficient to determine whether anticoagulants are safe or effective. One study that used a decision analysis model estimated that an elderly patient would need to fall 295 times in 1 year to offset the stroke reduction benefits with warfarin.&lt;/p&gt;&#xD;&#xA;&lt;p&gt;Another important subgroup is patients with renal failure. For dabigatran, one of the newer anticoagulants, a lower dose of 75 mg bid is recommended by the U.S. Food and Drug Administration when the CrCl reaches 15 to 30 mL/min. Apixaban is recommended at 5 mg twice daily, if serum creatinine is &amp;lt;1.5 mg/dL, or at 2.5 mg twice daily, if serum creatinine is &amp;gt;1.5 and &amp;lt;2.5 mg/dL. Rivaroxaban was tested in patients at 15 mg daily, if CrCl is 30 to 49 mL/min, or at 20 mg daily, if CrCl is &amp;gt;50 mL/min, and recommendations are limited to these patient groups. With regard to warfarin, data have shown that warfarin treatment is associated with a decreased risk of stroke or systemic thromboembolism among patients with non&amp;ndash;end-stage chronic kidney disease (CKD) but that warfarin treatment may be associated with an increased bleeding risk.&lt;/p&gt;&#xD;&#xA;&lt;p&gt;&lt;strong&gt;Practice Recommendations&lt;/strong&gt;&lt;/p&gt;&#xD;&#xA;&lt;ol style=&quot;list-style-type: decimal;&quot; start=&quot;1&quot;&gt;&#xD;&#xA;    &lt;li&gt;Clinicians should routinely offer oral anticoagulants to elderly patients (aged &amp;gt;75 years) with NVAF if there is no history of recent unprovoked bleeding or intracranial hemorrhage (&lt;strong&gt;Level B&lt;/strong&gt;). &lt;/li&gt;&#xD;&#xA;    &lt;li&gt;Clinicians might offer oral anticoagulation to patients with NVAF who have dementia or occasional falls. However, clinicians should counsel patients or their families that the risk&amp;ndash;benefit ratio of oral anticoagulants is uncertain in patients with NVAF who have moderate to severe dementia or very frequent falls (&lt;strong&gt;Level B&lt;/strong&gt;). &lt;/li&gt;&#xD;&#xA;    &lt;li&gt;Because the risk&amp;ndash;benefit ratio of oral anticoagulants in patients with NVAF and end-stage renal disease is unknown, there is insufficient evidence for making practice recommendations (&lt;strong&gt;Level U&lt;/strong&gt;). &lt;/li&gt;&#xD;&#xA;&lt;/ol&gt;&#xD;&#xA;&lt;p&gt;&lt;strong&gt;&lt;span style=&quot;text-decoration: underline;&quot;&gt;Definitions&lt;/span&gt;&lt;/strong&gt;:&lt;/p&gt;&#xD;&#xA;&lt;p&gt;&lt;strong&gt;&lt;span style=&quot;text-decoration: underline;&quot;&gt;American Academy of Neurology (AAN) Rules for Classification of Evidence for Risk of Bias&lt;/span&gt;&lt;/strong&gt;&lt;/p&gt;&#xD;&#xA;&lt;p&gt;&lt;strong&gt;For Questions Related to Therapeutic Intervention&lt;/strong&gt;&lt;/p&gt;&#xD;&#xA;&lt;p&gt;&lt;em&gt;Class I&lt;/em&gt;&lt;/p&gt;&#xD;&#xA;&lt;ul style=&quot;list-style-type: disc;&quot;&gt;&#xD;&#xA;    &lt;li&gt;The study is a randomized clinical trial. &lt;/li&gt;&#xD;&#xA;    &lt;li&gt;All relevant baseline characteristics are presented and substantially equivalent between treatment groups or there is appropriate statistical adjustment for differences. &lt;/li&gt;&#xD;&#xA;    &lt;li&gt;Outcome measurement is objective or determined without knowledge of treatment status. &lt;/li&gt;&#xD;&#xA;    &lt;li&gt;The following also are required:&#xD;&#xA;    &lt;ol style=&quot;list-style-type: lower-alpha;&quot; start=&quot;1&quot;&gt;&#xD;&#xA;        &lt;li&gt;The primary outcome(s) is/are defined. &lt;/li&gt;&#xD;&#xA;        &lt;li&gt;The inclusion criteria are defined. &lt;/li&gt;&#xD;&#xA;        &lt;li&gt;There is accounting of dropouts and crossovers (with at least 80% of enrolled subjects completing the study). &lt;/li&gt;&#xD;&#xA;        &lt;li&gt;There is concealed allocation. &lt;/li&gt;&#xD;&#xA;        &lt;li&gt;For noninferiority or equivalence trials claiming to prove efficacy for one or both drugs, the following are also required*:&#xD;&#xA;        &lt;ol style=&quot;list-style-type: decimal;&quot; start=&quot;1&quot;&gt;&#xD;&#xA;            &lt;li&gt;The authors explicitly state the clinically meaningful difference to be excluded by defining the threshold for equivalence or noninferiority. &lt;/li&gt;&#xD;&#xA;            &lt;li&gt;The standard treatment used in the study is substantially similar to that used in previous studies establishing efficacy of the standard treatment (e.g., for a drug, the mode of administration, dose, and dosage adjustments are similar to those previously shown to be effective). &lt;/li&gt;&#xD;&#xA;            &lt;li&gt;The inclusion and exclusion criteria for patient selection and the outcomes of patients on the standard treatment are comparable with those of previous studies establishing efficacy of the standard treatment. &lt;/li&gt;&#xD;&#xA;            &lt;li&gt;The interpretation of the results of the study is based on a per-protocol analysis that takes into account dropouts or crossovers. &lt;/li&gt;&#xD;&#xA;        &lt;/ol&gt;&#xD;&#xA;        &lt;/li&gt;&#xD;&#xA;    &lt;/ol&gt;&#xD;&#xA;    &lt;/li&gt;&#xD;&#xA;&lt;/ul&gt;&#xD;&#xA;&lt;p&gt;&lt;em&gt;Class II&lt;/em&gt;&lt;/p&gt;&#xD;&#xA;&lt;ul style=&quot;list-style-type: disc;&quot;&gt;&#xD;&#xA;    &lt;li&gt;The study is a cohort study meeting criteria a&amp;ndash;c above or is a randomized, controlled trial that lacks one or two criteria a&amp;ndash;d. &lt;/li&gt;&#xD;&#xA;    &lt;li&gt;All relevant baseline characteristics are presented and substantially equivalent among treatment groups or there is appropriate statistical adjustment for differences. &lt;/li&gt;&#xD;&#xA;    &lt;li&gt;There is masked or objective outcome assessment. &lt;/li&gt;&#xD;&#xA;&lt;/ul&gt;&#xD;&#xA;&lt;p&gt;&lt;em&gt;Class III&lt;/em&gt;&lt;/p&gt;&#xD;&#xA;&lt;ul style=&quot;list-style-type: disc;&quot;&gt;&#xD;&#xA;    &lt;li&gt;The study is a controlled study (including well-defined natural history controls or patients serving as their own controls). &lt;/li&gt;&#xD;&#xA;    &lt;li&gt;The study includes a description of major confounding differences between treatment groups that could affect outcome. &lt;/li&gt;&#xD;&#xA;    &lt;li&gt;Outcome assessment is masked, objective, or performed by someone who is not a member of the treatment team.** &lt;/li&gt;&#xD;&#xA;&lt;/ul&gt;&#xD;&#xA;&lt;p&gt;&lt;em&gt;Class IV&lt;/em&gt;&lt;/p&gt;&#xD;&#xA;&lt;ul style=&quot;list-style-type: disc;&quot;&gt;&#xD;&#xA;    &lt;li&gt;The study does not include patients with the disease. &lt;/li&gt;&#xD;&#xA;    &lt;li&gt;The study does not include patients receiving different interventions. &lt;/li&gt;&#xD;&#xA;    &lt;li&gt;The study uses undefined or unaccepted interventions or outcome measures. &lt;/li&gt;&#xD;&#xA;    &lt;li&gt;No measures of effectiveness or statistical precision are presented or calculable. &lt;/li&gt;&#xD;&#xA;&lt;/ul&gt;&#xD;&#xA;&lt;p class=&quot;Note&quot;&gt;*Note that numbers 1-3 in Class Ie are required for Class II in equivalence trials. If any one of the three is missing, the class is automatically downgraded to Class III.&lt;/p&gt;&#xD;&#xA;&lt;p class=&quot;Note&quot;&gt;**Objective outcome measurement: an outcome measure that is unlikely to be affected by an observer's (patient, treating physician, investigator) expectation or bias (e.g., blood tests, administrative outcome data).&lt;/p&gt;&#xD;&#xA;&lt;p&gt;&lt;strong&gt;For Questions Related to Screening (Yield)&lt;/strong&gt;&lt;/p&gt;&#xD;&#xA;&lt;p&gt;&lt;em&gt;Class I&lt;/em&gt;&lt;/p&gt;&#xD;&#xA;&lt;p&gt;A statistical,&lt;sup&gt;a&lt;/sup&gt; population-based&lt;sup&gt;b&lt;/sup&gt; sample of patients studied at a uniform point in time (usually early) during the course of the condition. All patients undergo the intervention of interest. The outcome, if not objective,&lt;sup&gt;c&lt;/sup&gt; is determined in an evaluation that is masked to the patients' clinical presentations.&lt;/p&gt;&#xD;&#xA;&lt;p&gt;&lt;em&gt;Class II&lt;/em&gt;&lt;/p&gt;&#xD;&#xA;&lt;p&gt;A statistical,&lt;sup&gt;b&lt;/sup&gt; non&amp;ndash;referral-clinic-based&lt;sup&gt;d&lt;/sup&gt; sample of patients studied at a uniform point in time (usually early) during the course of the condition. Most (&amp;gt;80%) patients undergo the intervention of interest. The outcome, if not objective,&lt;sup&gt;c&lt;/sup&gt; is determined in an evaluation that is masked to the patients' clinical presentations.&lt;/p&gt;&#xD;&#xA;&lt;p&gt;&lt;em&gt;Class III&lt;/em&gt;&lt;/p&gt;&#xD;&#xA;&lt;p&gt;A sample of patients studied during the course of the condition. Some patients undergo the intervention of interest. The outcome, if not objective,&lt;sup&gt;c&lt;/sup&gt; is determined in an evaluation by someone other than the treating physician.&lt;/p&gt;&#xD;&#xA;&lt;p&gt;&lt;em&gt;Class IV&lt;/em&gt;&lt;/p&gt;&#xD;&#xA;&lt;p&gt;The data are derived from expert opinion, case reports, or any study not meeting criteria for Class I to III.&lt;/p&gt;&#xD;&#xA;&lt;p class=&quot;Note&quot;&gt;&lt;strong&gt;Notes&lt;/strong&gt;:&lt;/p&gt;&#xD;&#xA;&lt;p class=&quot;Note&quot;&gt;&lt;sup&gt;a&lt;/sup&gt;Statistical sample: The study uses a complete (consecutive), random, or systematic (e.g., every third patient) sample of the available population with the disease.&lt;/p&gt;&#xD;&#xA;&lt;p class=&quot;Note&quot;&gt;&lt;sup&gt;b&lt;/sup&gt;Population based: The available population for the study consists of all patients within a defined geographic region.&lt;/p&gt;&#xD;&#xA;&lt;p class=&quot;Note&quot;&gt;&lt;sup&gt;c&lt;/sup&gt;Objective: The objective consists of an outcome measure that is very unlikely to be affected by an observer's expectations (e.g., determination of death, the presence of a mass on head computed tomography, serum B12 assays).&lt;/p&gt;&#xD;&#xA;&lt;p class=&quot;Note&quot;&gt;&lt;sup&gt;d&lt;/sup&gt;Non&amp;ndash;referral-clinic based: The available population for the study consists of all patients presenting to a primary care setting with the condition. For referral-clinic-based studies, the available population consists of all patients referred to a tertiary care or specialty setting. These patients may have been selected for more severe or unusual forms of the condition and thus may be less representative.&lt;/p&gt;&#xD;&#xA;&lt;p&gt;&lt;strong&gt;Classification of Recommendations&lt;/strong&gt;&lt;/p&gt;&#xD;&#xA;&lt;p&gt;&lt;strong&gt;Level A&lt;/strong&gt; = Established as effective, ineffective or harmful (or established as useful/predictive or not useful/predictive) for the given condition in the specified population. (Level A rating requires at least two consistent Class I studies.*)&lt;/p&gt;&#xD;&#xA;&lt;p&gt;&lt;strong&gt;Level B&lt;/strong&gt; = Probably effective, ineffective or harmful (or probably useful/predictive or not useful/predictive) for the given condition in the specified population. (Level B rating requires at least one Class I study or two consistent Class II studies.)&lt;/p&gt;&#xD;&#xA;&lt;p&gt;&lt;strong&gt;Level C&lt;/strong&gt; = Possibly effective, ineffective or harmful (or possibly useful/predictive or not useful/predictive) for the given condition in the specified population. (Level C rating requires at least one Class II study or two consistent Class III studies.)&lt;/p&gt;&#xD;&#xA;&lt;p&gt;&lt;strong&gt;Level U&lt;/strong&gt; = Data inadequate or conflicting; given current knowledge, treatment (test, predictor) is unproven.&lt;/p&gt;&#xD;&#xA;&lt;p class=&quot;Note&quot;&gt;*In exceptional cases, one convincing Class I study may suffice for an &quot;A&quot; recommendation if 1) all criteria are met, 2) the magnitude of effect is large (relative rate improved outcome &amp;gt;5 and the lower limit of the confidence interval is &amp;gt;2).&lt;/p&gt;&lt;/div&gt;" /></Field><Field FieldID="138" OrdBy="515" ID="423" Name="Clinical Algorithm(s)" Type="text"><FieldValue Value="&lt;div class=&quot;content_para&quot;&gt;&lt;p&gt;None provided&lt;/p&gt;&lt;/div&gt;" /></Field></Section><Section SecID="424" OrdBy="600" Name="Evidence Supporting the Recommendations"><Field FieldID="139" OrdBy="610" ID="426" Name="Type of Evidence Supporting the Recommendations" Type="text"><FieldValue Value="&lt;div class=&quot;content_para&quot;&gt;&lt;p&gt;The type of supporting evidence is identified and graded for each recommendation (see the &quot;Major Recommendations&quot; field).&lt;/p&gt;&lt;/div&gt;" /></Field></Section><Section SecID="427" OrdBy="700" Name="Benefits/Harms of Implementing the Guideline Recommendations"><Field FieldID="152" OrdBy="705" ID="428" Name="Potential Benefits" Type="text"><FieldValue Value="&lt;div class=&quot;content_para&quot;&gt;&lt;p&gt;Appropriate management of patients with nonvalvular atrial fibrillation (NVAF)&lt;/p&gt;&lt;/div&gt;" /></Field><Field FieldID="153" OrdBy="710" ID="429" Name="Potential Harms" Type="text"><FieldValue Value="&lt;div class=&quot;content_para&quot;&gt;&lt;p&gt;Antithrombotic agents are associated with risk of hemorrhage including gastrointestinal (GI) and intracranial bleeding.&lt;/p&gt;&lt;/div&gt;" /></Field></Section><Section SecID="432" OrdBy="900" Name="Qualifying Statements"><Field FieldID="137" OrdBy="905" ID="433" Name="Qualifying Statements" Type="text"><FieldValue Value="&lt;div class=&quot;content_para&quot;&gt;&lt;p&gt;This statement is provided as an educational service of the American Academy of Neurology (AAN). It is based on an assessment of current scientific and clinical information. It is not intended to include all possible proper methods of care for a particular neurologic problem or all legitimate criteria for choosing to use a specific procedure. Neither is it intended to exclude any reasonable alternative methodologies. The AAN recognizes that specific patient care decisions are the prerogative of the patient and the physician caring for the patient, based on all of the circumstances involved. The clinical context section is made available in order to place the evidence-based guideline(s) into perspective with current practice habits and challenges. Formal practice recommendations are not intended to replace clinical judgment.&lt;/p&gt;&lt;/div&gt;" /></Field></Section><Section SecID="434" OrdBy="1000" Name="Implementation of the Guideline"><Field FieldID="131" OrdBy="1010" ID="436" Name="Description of Implementation Strategy" Type="text"><FieldValue Value="&lt;div class=&quot;content_para&quot;&gt;&lt;p&gt;An implementation strategy was not provided.&lt;/p&gt;&lt;/div&gt;" /></Field><Field FieldID="117" OrdBy="1015" ID="437" Name="Implementation Tools" Type="picklist-many"><FieldValue Value="Patient Resources" /><FieldValue Value="Quick Reference Guides/Physician Guides" /><FieldValue Value="Resources" /><FieldValue Value="Slide Presentation" /><FieldValue Value="Staff Training/Competency Material" /></Field></Section><Section SecID="439" OrdBy="1100" Name="Institute of Medicine (IOM) National Healthcare Quality Report Categories"><Field FieldID="50" OrdBy="1105" ID="440" Name="IOM Care Need" Type="picklist-many"><FieldValue Value="Living with Illness" /><FieldValue Value="Staying Healthy" /></Field><Field FieldID="51" OrdBy="1110" ID="441" Name="IOM Domain" Type="picklist-many"><FieldValue Value="Effectiveness" /><FieldValue Value="Patient-centeredness" /></Field></Section><Section SecID="442" OrdBy="1200" Name="Identifying Information and Availability"><Field FieldID="97" OrdBy="1201" ID="392" Name="Bibliographic Source(s)" Type="citation"><FieldValue Value="&lt;table&gt;&lt;tr&gt;&lt;td&gt;Culebras A, Messé SR, Chaturvedi S, Kase CS, Gronseth G. Summary of evidence-based guideline update: Prevention of stroke in nonvalvular atrial fibrillation: Report of the Guideline Development Subcommittee of the American Academy of Neurology. Neurology. 2014 Feb 25;82(8):716-24. [40 references] &lt;a href=&quot;http://www.ncbi.nlm.nih.gov/entrez/query.fcgi?cmd=Retrieve&amp;db=pubmed&amp;dopt=Abstract&amp;list_uids=24566225&quot; target=&quot;_blank&quot;&gt;PubMed&lt;/a&gt;&lt;/td&gt;&lt;/tr&gt;&lt;/table&gt;" /></Field><Field FieldID="124" OrdBy="1205" ID="443" Name="Adaptation" Type="text"><FieldValue Value="&lt;div class=&quot;content_para&quot;&gt;&lt;p&gt;Not applicable: the guideline was not adapted from another source.&lt;/p&gt;&lt;/div&gt;" /></Field><Field FieldID="128" OrdBy="1215" ID="445" Name="Date Released" Type="text"><FieldValue Value="1998 Sep (revised 2014 Feb)" /></Field><Field FieldID="158" OrdBy="1225" ID="447" Name="Guideline Developer(s)" Type="orglist-p"><FieldValue Value="American Academy of Neurology - Medical Specialty Society" /></Field><Field FieldID="125" OrdBy="1235" ID="449" Name="Source(s) of Funding" Type="text"><FieldValue Value="&lt;div class=&quot;content_para&quot;&gt;&lt;p&gt;This guideline was developed with financial support from the American Academy of Neurology. None of the authors received reimbursement, honoraria, or stipends for their participation in development of this guideline.&lt;/p&gt;&lt;/div&gt;" /></Field><Field FieldID="126" OrdBy="1240" ID="450" Name="Guideline Committee" Type="text"><FieldValue Value="&lt;div class=&quot;content_para&quot;&gt;&lt;p&gt;Guideline Development Subcommittee of the American Academy of Neurology (AAN)&lt;/p&gt;&lt;/div&gt;" /></Field><Field FieldID="127" OrdBy="1245" ID="451" Name="Composition of Group That Authored the Guideline" Type="text"><FieldValue Value="&lt;div class=&quot;content_para&quot;&gt;&lt;p&gt;&lt;em&gt;Guideline Authors&lt;/em&gt;: Antonio Culebras, MD, FAAN, FAHA; Steven R. Mess&amp;eacute;, MD, FAAN, FAHA; Seemant Chaturvedi, MD, FAAN, FAHA; Carlos S. Kase, MD, FAAN, FAHA; Gary Gronseth, MD, FAAN&lt;/p&gt;&#xD;&#xA;&lt;p&gt;&lt;em&gt;2013-2015 Guideline Development Subcommittee (GDS) Members&lt;/em&gt;: Cynthia Harden, MD (&lt;em&gt;Chair&lt;/em&gt;); Steven R. Mess&amp;eacute;, MD, FAAN (&lt;em&gt;Vice-Chair&lt;/em&gt;); Richard L. Barbano, MD, PhD, FAAN; Jane Chan, MD, FAAN; Diane Donley, MD; Terry Fife, MD, FAAN; Jeffrey Fletcher, MD; Michael Haboubi, MD; John J. Halperin, MD, FAAN; Cheryl Jaigobin, MD; Andres M. Kanner, MD; Jason Lazarou, MD; David Michelson, MD; Pushpa Narayanaswami, MD, MBBS; Maryam Oskoui, MD; Tamara Pringsheim, MD; Alexander Rae-Grant, MD; Kevin Sheth, MD, FAHA; Kelly Sullivan, PhD; Theresa A. Zesiewicz, MD, FAAN; Jonathan P. Hosey, MD, FAAN (&lt;em&gt;Ex-Officio&lt;/em&gt;); Stephen Ashwal, MD, FAAN (&lt;em&gt;Ex-Officio&lt;/em&gt;); Deborah Hirtz, MD, FAAN (&lt;em&gt;Ex-Officio&lt;/em&gt;); Jacqueline French, MD, FAAN (&lt;em&gt;Ex-Officio&lt;/em&gt;)&lt;/p&gt;&lt;/div&gt;" /></Field><Field FieldID="147" OrdBy="1250" ID="452" Name="Financial Disclosures/Conflicts of Interest" Type="text"><FieldValue Value="&lt;div class=&quot;content_para&quot;&gt;&lt;p&gt;&lt;strong&gt;Conflict of Interest&lt;/strong&gt;&lt;/p&gt;&#xD;&#xA;&lt;p&gt;The American Academy of Neurology (AAN) is committed to producing independent, critical and truthful clinical practice guidelines (CPGs). Significant efforts are made to minimize the potential for conflicts of interest to influence the recommendations of this CPG. To the extent possible, the AAN keeps separate those who have a financial stake in the success or failure of the products appraised in the CPGs and the developers of the guidelines. Conflict of interest forms were obtained from all authors and reviewed by an oversight committee prior to project initiation. AAN limits the participation of authors with substantial conflicts of interest. The AAN forbids commercial participation in, or funding of, guideline projects. The AAN Guideline Author Conflict of Interest Policy can be viewed at &lt;a href=&quot;http://www.aan.com&quot; title=&quot;AAN Web site&quot;&gt;www.aan.com&lt;/a&gt;.&lt;/p&gt;&#xD;&#xA;&lt;p&gt;&lt;strong&gt;Disclosures&lt;/strong&gt;&lt;/p&gt;&#xD;&#xA;&lt;p&gt;A. Culebras has received one-time funding for travel from J. Uriach &amp;amp; Co. (2011); serves on the editorial boards of Medlink, UpToDate.com, and the &lt;em&gt;International Journal of Stroke&lt;/em&gt;; received royalties from Informa Healthcare and Cambridge University Press; and has held stock in Clinical Stroke Research, Inc.&lt;/p&gt;&#xD;&#xA;&lt;p&gt;S. Mess&amp;eacute; has served as a consultant for GlaxoSmithKline, has received royalties for articles written for UpToDate.com, served on a speakers' bureau for Boehringer Ingelheim (resigned April 2011), and received research support from WL Gore &amp;amp; Associates and the National Institutes of Health (NIH).&lt;/p&gt;&#xD;&#xA;&lt;p&gt;S. Chaturvedi serves as a consultant for Abbott Vascular, BMS/Pfizer Partnership, Boehringer Ingelheim, and Genentech; received research support from Daiichi and Johnson &amp;amp; Johnson; and serves on the editorial boards of &lt;em&gt;Neurology&lt;/em&gt;&amp;reg; and &lt;em&gt;Stroke&lt;/em&gt;.&lt;/p&gt;&#xD;&#xA;&lt;p&gt;C. Kase serves as consultant to Boehringer Ingelheim and Gore Medical Products.&lt;/p&gt;&#xD;&#xA;&lt;p&gt;G. Gronseth served on a speakers' bureau for Boehringer Ingelheim (resigned December 2011).&lt;/p&gt;&#xD;&#xA;&lt;p&gt;Go to &lt;a href=&quot;http://www.neurology.org/&quot; title=&quot;Neurology Journal Web site&quot;&gt;Neurology.org&lt;/a&gt; for full disclosures.&lt;/p&gt;&lt;/div&gt;" /></Field><Field FieldID="159" OrdBy="1255" ID="453" Name="Guideline Endorser(s)" Type="orglist"><FieldValue Value="World Stroke Organization - International Agency" /></Field><Field FieldID="120" OrdBy="1256" ID="393" Name="Guideline Status" Type="text"><FieldValue Value="&lt;div class=&quot;content_para&quot;&gt;&lt;p&gt;This is the current release of the guideline.&lt;/p&gt;&#xD;&#xA;&lt;p&gt;This guideline updates a previous version: American Academy of Neurology. Practice parameter: stroke prevention in patients with nonvalvular atrial fibrillation: report of the Quality Standards Subcommittee of the American Academy of Neurology. Neurology 1998 Sep;51(3):671-3.&lt;/p&gt;&#xD;&#xA;&lt;p&gt;This guideline meets NGC's 2013 (revised) inclusion criteria.&lt;/p&gt;&lt;/div&gt;" /></Field><Field FieldID="118" OrdBy="1260" ID="454" Name="Guideline Availability" Type="text"><FieldValue Value="&lt;div class=&quot;content_para&quot;&gt;&lt;p&gt;Electronic copies: American Academy of Neurology (AAN) guidelines, along with a link to a Portable Document Format (PDF) file for this guideline, are available at the &lt;a href=&quot;http://www.aan.com/Guidelines/&quot; title=&quot;AAN Web site&quot;&gt;AAN Web site&lt;/a&gt;.&lt;/p&gt;&#xD;&#xA;&lt;p&gt;Print copies: Available from the AAN Member Services Center, (800) 879-1960, or from AAN, 201 Chicago Avenue South, Minneapolis, MN 55415.&lt;/p&gt;&lt;/div&gt;" /></Field><Field FieldID="119" OrdBy="1265" ID="455" Name="Availability of Companion Documents" Type="text"><FieldValue Value="&lt;div class=&quot;content_para&quot;&gt;&lt;p&gt;The following are available:&lt;/p&gt;&#xD;&#xA;&lt;ul style=&quot;list-style-type: disc;&quot;&gt;&#xD;&#xA;    &lt;li&gt;Summary of evidence-based guideline update: prevention of stroke in nonvalvular atrial fibrillation. Report of the Guideline Development Subcommittee of the American Academy of Neurology. Data supplement (e-appendices, e-references, e-tables). St. Paul (MN): American Academy of Neurology; 2014. Electronic copies: Available from the &lt;a href=&quot;http://www.neurology.org/content/82/8/716/suppl/DC1&quot; title=&quot;Neurology Journal Web site&quot;&gt;Neurology Journal Web site&lt;/a&gt;. &lt;/li&gt;&#xD;&#xA;    &lt;li&gt;Summary of evidence-based guideline update: prevention of stroke in nonvalvular atrial fibrillation. Report of the Guideline Development Subcommittee of the American Academy of Neurology. Case presentation. St. Paul (MN): American Academy of Neurology; 2014. 6 p. Electronic copies: Available in Portable Document Format (PDF) from the &lt;a href=&quot;https://www.aan.com/Guidelines/home/GetGuidelineContent/637&quot; title=&quot;AAN Web site&quot;&gt;American Academy of Neurology (AAN) Web site&lt;/a&gt;. &lt;/li&gt;&#xD;&#xA;    &lt;li&gt;Summary of evidence-based guideline update: prevention of stroke in nonvalvular atrial fibrillation. Report of the Guideline Development Subcommittee of the American Academy of Neurology. Summary of evidence-based guideline for clinicians. St. Paul (MN): American Academy of Neurology; 2014. 4 p. Electronic copies: Available in PDF from the &lt;a href=&quot;https://www.aan.com/Guidelines/home/GetGuidelineContent/635&quot; title=&quot;AAN Web site&quot;&gt;AAN Web site&lt;/a&gt;. &lt;/li&gt;&#xD;&#xA;    &lt;li&gt;Summary of evidence-based guideline update: prevention of stroke in nonvalvular atrial fibrillation. Report of the Guideline Development Subcommittee of the American Academy of Neurology. Slide presentation. St. Paul (MN): American Academy of Neurology; 2014. Electronic copies: Available from the &lt;a href=&quot;https://www.aan.com/Guidelines/home/GetGuidelineContent/638&quot; title=&quot;AAN Web site&quot;&gt;AAN Web site&lt;/a&gt;. &lt;/li&gt;&#xD;&#xA;    &lt;li&gt;Summary of evidence-based guideline update: prevention of stroke in nonvalvular atrial fibrillation. Report of the Guideline Development Subcommittee of the American Academy of Neurology. Podcast. St. Paul (MN): American Academy of Neurology; 2014. Available from the &lt;a href=&quot;http://www.neurology.org/content/82/8/716/suppl/DC2&quot; title=&quot;Neurology Journal Web site&quot;&gt;Neurology Journal Web site&lt;/a&gt;. &lt;/li&gt;&#xD;&#xA;    &lt;li&gt;AAN guideline development process [online]. St. Paul (MN): American Academy of Neurology. Electronic copies: Available from the &lt;a href=&quot;https://www.aan.com/Guidelines/Home/Development&quot; title=&quot;AAN Web site&quot;&gt;AAN Web site&lt;/a&gt;. &lt;/li&gt;&#xD;&#xA;&lt;/ul&gt;&lt;/div&gt;" /></Field><Field FieldID="143" OrdBy="1275" ID="457" Name="Patient Resources" Type="text"><FieldValue Value="&lt;div class=&quot;content_para&quot;&gt;&lt;p&gt;The following is available:&lt;/p&gt;&#xD;&#xA;&lt;ul style=&quot;list-style-type: disc;&quot;&gt;&#xD;&#xA;    &lt;li&gt;Irregular heart beat and stroke prevention. Summary of evidence-based guideline for patients and their families. St. Paul (MN): American Academy of Neurology; 2014. 3 p. Electronic copies: Available in Portable Document Format (PDF) from the &lt;a href=&quot;https://www.aan.com/Guidelines/home/GetGuidelineContent/636&quot; title=&quot;AAN Web site&quot;&gt;American Academy of Neurology (AAN) Web site&lt;/a&gt;. &lt;/li&gt;&#xD;&#xA;&lt;/ul&gt;&#xD;&#xA;&lt;p class=&quot;Disclaimer&quot;&gt;Please note: This patient information is intended to provide health professionals with information to share with their patients to help them better understand their health and their diagnosed disorders. By providing access to this patient information, it is not the intention of NGC to provide specific medical advice for particular patients. Rather we urge patients and their representatives to review this material and then to consult with a licensed health professional for evaluation of treatment options suitable for them as well as for diagnosis and answers to their personal medical questions. This patient information has been derived and prepared from a guideline for health care professionals included on NGC by the authors or publishers of that original guideline. The patient information is not reviewed by NGC to establish whether or not it accurately reflects the original guideline's content.&lt;/p&gt;&lt;/div&gt;" /></Field><Field FieldID="142" OrdBy="1280" ID="458" Name="NGC Status" Type="text"><FieldValue Value="&lt;div class=&quot;content_para&quot;&gt;&lt;p&gt;This summary was completed by ECRI Institute on April 24, 2014.&lt;/p&gt;&lt;/div&gt;" /></Field><Field FieldID="141" OrdBy="1290" ID="460" Name="Copyright Statement" Type="text"><FieldValue Value="&lt;div class=&quot;content_para&quot;&gt;&lt;p&gt;This NGC summary is based on the original guideline, which is copyrighted by the American Academy of Neurology.&lt;/p&gt;&lt;/div&gt;" /></Field></Section><Section SecID="99999" OrdBy="99999" Name="Disclaimer"><Field FieldID="99999" OrdBy="99999" ID="99999" Name="NGC Disclaimer" Type="text"><FieldValue Value="&lt;p&gt;The National Guideline Clearinghouse™ (NGC) does not develop, produce, approve, or endorse the guidelines represented on this site.&lt;/p&gt; &#xD;&#xA;&lt;p&gt;All guidelines summarized by NGC and hosted on our site are produced under the auspices of medical specialty societies, relevant professional associations, public or private organizations, other government agencies, health care organizations or plans, and similar entities.&lt;/p&gt; &#xD;&#xA;&lt;p&gt;Guidelines represented on the NGC Web site are submitted by guideline developers, and are screened solely to determine that they meet the NGC Inclusion Criteria which may be found at &lt;a href=&quot;/about/inclusion-criteria.aspx&quot;&gt;http://www.guideline.gov/about/inclusion-criteria.aspx&lt;/a&gt;.&lt;/p&gt; &#xD;&#xA;&lt;p&gt;NGC, AHRQ, and its contractor ECRI Institute make no warranties concerning the content or clinical efficacy or effectiveness of the clinical practice guidelines and related materials represented on this site. Moreover, the views and opinions of developers or authors of guidelines represented on this site do not necessarily state or reflect those of NGC, AHRQ, or its contractor ECRI Institute, and inclusion or hosting of guidelines in NGC may not be used for advertising or commercial endorsement purposes.&lt;/p&gt; &#xD;&#xA;&lt;p&gt;Readers with questions regarding guideline content are directed to contact the guideline developer.&lt;/p&gt;" /></Field></Section></Version>
