<Version><xmlsource>This XML content was developed by AHRQ's contractor ECRI Institute for the National Guideline Clearinghouse (NGC).</xmlsource><Section SecID="390" OrdBy="100" Name="General"><Field FieldID="161" OrdBy="105" ID="391" Name="Guideline Title" Type="text"><FieldValue Value="&lt;div class=&quot;content_title&quot;&gt;Treatment of anemia in patients with heart disease: a clinical practice guideline from the American College of Physicians.&lt;/div&gt;" /></Field><Field FieldID="97" OrdBy="110" ID="392" Name="Bibliographic Source(s)" Type="citation"><FieldValue Value="&lt;table&gt;&lt;tr&gt;&lt;td&gt;Qaseem A, Humphrey LL, Fitterman N, Starkey M, Shekelle P, Clinical Guidelines Committee of the American College of Physicians. Treatment of anemia in patients with heart disease: a clinical practice guideline from the American College of Physicians. Ann Intern Med. 2013 Dec 3;159(11):770-9. [67 references] &lt;a href=&quot;http://www.ncbi.nlm.nih.gov/entrez/query.fcgi?cmd=Retrieve&amp;db=pubmed&amp;dopt=Abstract&amp;list_uids=24297193&quot; target=&quot;_blank&quot;&gt;PubMed&lt;/a&gt;&lt;/td&gt;&lt;/tr&gt;&lt;/table&gt;" /></Field><Field FieldID="120" OrdBy="115" ID="393" Name="Guideline Status" Type="text"><FieldValue Value="&lt;div class=&quot;content_para&quot;&gt;&lt;p&gt;This is the current release of the guideline.&lt;/p&gt;&#xD;&#xA;&lt;p&gt;This guideline meets NGC's 2013 (revised) inclusion criteria.&lt;/p&gt;&lt;/div&gt;" /></Field><Field Name ="UMLS Concepts"><FieldValue Value="ICD9CM: Congestive heart failure, unspecified  (428.0); Heart disease, unspecified  (429.9); Heart failure, unspecified  (428.9); Iron deficiency anemia, unspecified  (280.9)"/><FieldValue Value="MSH: Anemia, Iron-Deficiency ; Coronary Artery Disease ; Coronary Disease ; Erythrocyte Transfusion ; Heart Diseases ; Heart Failure ; Infusions, Intravenous ; Iron Compounds "/><FieldValue Value="MTH: Congestive heart failure ; Coronary Artery Disease ; Coronary heart disease ; Erythropoiesis-stimulating Agent [EPC] ; Heart Diseases ; Heart failure ; Intravenous infusion procedures ; Iron Compounds, Unspecified ; Iron deficiency ; Iron deficiency anemia ; Red Blood Cell Transfusion "/><FieldValue Value="SNOMEDCT_US: Congestive heart failure  (42343007); Disorder of coronary artery  (414024009); Heart disease  (56265001); Heart failure  (84114007); Intravenous infusion  (14152002); Iron compound  (71482002); Iron deficiency  (35240004); Iron deficiency anemia  (87522002); Transfusion of red blood cells  (116863004)"/></Field></Section><Section SecID="396" OrdBy="300" Name="Scope"><Field FieldID="140" OrdBy="305" ID="397" Name="Disease/Condition(s)" Type="text"><FieldValue Value="&lt;div class=&quot;content_para&quot;&gt;&lt;p&gt;Anemia and iron deficiency associated with heart disease (coronary heart disease [CHD] and congestive heart failure [CHF])&lt;/p&gt;&lt;/div&gt;" /></Field><Field FieldID="103" OrdBy="310" ID="398" Name="Guideline Category" Type="picklist-many"><FieldValue Value="Management" /><FieldValue Value="Treatment" /></Field><Field FieldID="113" OrdBy="315" ID="399" Name="Clinical Specialty" Type="picklist-many"><FieldValue Value="Cardiology" /><FieldValue Value="Family Practice" /><FieldValue Value="Geriatrics" /><FieldValue Value="Hematology" /><FieldValue Value="Internal Medicine" /></Field><Field FieldID="114" OrdBy="320" ID="400" Name="Intended Users" Type="picklist-many"><FieldValue Value="Advanced Practice Nurses" /><FieldValue Value="Physician Assistants" /><FieldValue Value="Physicians" /></Field><Field FieldID="129" OrdBy="325" ID="401" Name="Guideline Objective(s)" Type="text"><FieldValue Value="&lt;div class=&quot;content_para&quot;&gt;&lt;p&gt;To present the evidence and provide clinical recommendations on the treatment of anemia and iron deficiency in adult patients with heart disease&lt;/p&gt;&lt;/div&gt;" /></Field><Field FieldID="132" OrdBy="330" ID="402" Name="Target Population" Type="text"><FieldValue Value="&lt;div class=&quot;content_para&quot;&gt;&lt;p&gt;Anemic or iron deficient adult patients with heart disease&lt;/p&gt;&lt;/div&gt;" /></Field><Field FieldID="133" OrdBy="335" ID="403" Name="Interventions and Practices Considered" Type="text"><FieldValue Value="&lt;ol style=&quot;list-style-type: decimal;&quot; start=&quot;1&quot;&gt;&#xD;&#xA;    &lt;li&gt;Red blood cell (RBC) transfusion (liberal versus restrictive transfusion strategies) &lt;/li&gt;&#xD;&#xA;    &lt;li&gt;Erythropoiesis-stimulating agents (ESAs) (not recommended for mild-to-moderate anemia) &lt;/li&gt;&#xD;&#xA;    &lt;li&gt;Intravenous iron (considered but no recommendation made because of insufficient evidence) &lt;/li&gt;&#xD;&#xA;&lt;/ol&gt;" /></Field><Field FieldID="134" OrdBy="340" ID="404" Name="Major Outcomes Considered" Type="text"><FieldValue Value="&lt;ul style=&quot;list-style-type: disc;&quot;&gt;&#xD;&#xA;    &lt;li&gt;Mortality (all-cause and disease-specific) &lt;/li&gt;&#xD;&#xA;    &lt;li&gt;Hospitalization (all-cause and disease-specific) &lt;/li&gt;&#xD;&#xA;    &lt;li&gt;Exercise tolerance &lt;/li&gt;&#xD;&#xA;    &lt;li&gt;Quality of life &lt;/li&gt;&#xD;&#xA;    &lt;li&gt;Cardiovascular events (defined as myocardial infarction, congestive heart failure exacerbation, arrhythmia, cardiac death) &lt;/li&gt;&#xD;&#xA;    &lt;li&gt;Harms, including hypertension, venous thromboembolic events, ischemic cerebrovascular events &lt;/li&gt;&#xD;&#xA;&lt;/ul&gt;" /></Field></Section><Section SecID="405" OrdBy="400" Name="Methodology"><Field FieldID="109" OrdBy="405" ID="406" Name="Methods Used to Collect/Select the Evidence" Type="picklist-many"><FieldValue Value="Hand-searches of Published Literature (Primary Sources)" /><FieldValue Value="Hand-searches of Published Literature (Secondary Sources)" /><FieldValue Value="Searches of Electronic Databases" /></Field><Field FieldID="135" OrdBy="410" ID="407" Name="Description of Methods Used to Collect/Select the Evidence" Type="text"><FieldValue Value="&lt;div class=&quot;content_para&quot;&gt;&lt;p&gt;&lt;strong&gt;Note from the National Guideline Clearinghouse (NGC)&lt;/strong&gt;: A systematic evidence review was prepared by the Evidence-based Synthesis Program Center (EPC) at the Portland Veterans Affairs Medical Center, Portland, OR for the Department of Veterans Affairs, Veterans Health Administration, Health Services Research &amp;amp; Development Service (see the &quot;Availability of Companion Documents&quot; field).&lt;/p&gt;&#xD;&#xA;&lt;p&gt;&lt;strong&gt;Data Sources and Searches&lt;/strong&gt;&lt;/p&gt;&#xD;&#xA;&lt;p&gt;The EPC staff conducted a search for literature published in MEDLINE, the Cochrane Central Register of Controlled Trials, and the Cochrane Database of Systematic Reviews from database inception to August 2012. They searched EMBASE through November 2010 because they could not retain a license for this database beyond that time frame. The search strategy included such terms as &lt;em&gt;anemia, congestive heart failure, coronary heart disease, ischemic heart disease&lt;/em&gt;, &lt;em&gt;erythropoiesis-stimulating agents (ESAs), iron&lt;/em&gt;, and &lt;em&gt;red blood cell transfusion&lt;/em&gt;. The detailed search strategy is provided in Table 1 of the Supplement (see the &quot;Availability of Companion Documents&quot; field). Additional articles were obtained from systematic reviews; reference lists of pertinent studies, reviews, and editorials; and consulting experts. The review team also searched for ongoing and recently completed studies on ClinicalTrials.gov and included reports of trials that had been published as of April 2013.&lt;/p&gt;&#xD;&#xA;&lt;p&gt;&lt;strong&gt;Study Selection&lt;/strong&gt;&lt;/p&gt;&#xD;&#xA;&lt;p&gt;The analytic framework that guided the review and synthesis of the literature is provided in Appendix Figure 1 of the systematic evidence review. Eligible articles had English-language abstracts and provided primary data about the effects of ESAs, iron, or blood transfusions in adult populations with anemia (hemoglobin levels &amp;lt;13 g/dL in men and &amp;lt;12 g/dL in women) and symptomatic congestive heart failure (CHF) (with or without decreased systolic function) or coronary heart disease (CHD) (the acute coronary syndrome, the post-acute coronary syndrome, and history of myocardial infarction [MI] or angina). Trials with mixed populations of patients with and without anemia were included as long as data specific to the anemia subgroup were reported. Trials comparing interventions with placebo or those comparing more intensive with less intensive interventions (that is, trials examining different transfusion thresholds or hemoglobin targets) were also included. Because few trials of red blood cell transfusion were found, the review team included observational studies to characterize the evidence on which current transfusion practice is based. Outcomes of interest included mortality, hospitalization, exercise tolerance, cardiovascular events, quality of life, and adverse effects of treatment.&lt;/p&gt;&#xD;&#xA;&lt;p&gt;Three investigators reviewed the titles and abstracts of citations identified from literature searches, and 2 reviewers independently assessed the selected full-text articles for inclusion on the basis of the eligibility criteria shown in Table 2 of the Supplement. Disagreements were resolved by consensus.&lt;/p&gt;&lt;/div&gt;" /></Field><Field FieldID="136" OrdBy="415" ID="408" Name="Number of Source Documents" Type="text"><FieldValue Value="&lt;div class=&quot;content_para&quot;&gt;&lt;p&gt;Fifty-five articles comprising 52 primary studies met inclusion criteria.&lt;/p&gt;&lt;/div&gt;" /></Field><Field FieldID="115" OrdBy="420" ID="409" Name="Methods Used to Assess the Quality and Strength of the Evidence" Type="picklist-choice"><FieldValue Value="Weighting According to a Rating Scheme (Scheme Given)" /></Field><Field FieldID="149" OrdBy="425" ID="410" Name="Rating Scheme for the Strength of the Evidence" Type="text"><FieldValue Value="&lt;div class=&quot;content_para&quot;&gt;&lt;p&gt;&lt;strong&gt;Grading of Quality of Evidence&lt;/strong&gt;&lt;/p&gt;&#xD;&#xA;&lt;p&gt;&lt;strong&gt;High-Quality Evidence&lt;/strong&gt;: Evidence is considered high quality when it is obtained from 1 or more well-designed and well-executed randomized, controlled trials (RCTs) that yield consistent and directly applicable results. This also means that further research is very unlikely to change confidence in the estimate of effect.&lt;/p&gt;&#xD;&#xA;&lt;p&gt;&lt;strong&gt;Moderate-Quality Evidence&lt;/strong&gt;: Evidence is considered moderate quality when it is obtained from RCTs with important limitations&amp;mdash;for example, biased assessment of the treatment effect, large loss to follow-up, lack of blinding, unexplained heterogeneity (even if it is generated from rigorous RCTs), indirect evidence originating from similar (but not identical) populations of interest, and RCTs with a very small number of participants or observed events. In addition, evidence from well-designed controlled trials without randomization, well-designed cohort or case&amp;ndash;control analytic studies, and multiple time series with or without intervention are in this category. Moderate-quality evidence also means that further research will probably have an important effect on confidence in the estimate of effect and may change the estimate.&lt;/p&gt;&#xD;&#xA;&lt;p&gt;&lt;strong&gt;Low-Quality Evidence&lt;/strong&gt;: Evidence obtained from observational studies would typically be rated as low quality because of the risk for bias. Low-quality evidence means that further research is very likely to have an important effect on confidence in the estimate of effect and will probably change the estimate. However, the quality of evidence may be rated as moderate or even high, depending on circumstances under which evidence is obtained from observational studies. Factors that may contribute to upgrading the quality of evidence include a large magnitude of the observed effect, a dose&amp;ndash;response association, or the presence of an observed effect when all plausible confounders would decrease the observed effect.&lt;/p&gt;&#xD;&#xA;&lt;p&gt;&lt;strong&gt;Insufficient Evidence to Determine Net Benefits or Risks&lt;/strong&gt;: When the evidence is insufficient to determine for or against routinely providing a service, the recommendation is graded as &quot;insufficient evidence to determine net benefits or risks.&quot; Evidence may be conflicting, of poor quality, or lacking, and hence the balance of benefits and harms cannot be determined. Any estimate of effect that is very uncertain as evidence is either unavailable or does not permit a conclusion.&lt;/p&gt;&lt;/div&gt;" /></Field><Field FieldID="116" OrdBy="430" ID="411" Name="Methods Used to Analyze the Evidence" Type="picklist-many"><FieldValue Value="Meta-Analysis" /><FieldValue Value="Review of Published Meta-Analyses" /><FieldValue Value="Systematic Review with Evidence Tables" /></Field><Field FieldID="150" OrdBy="435" ID="412" Name="Description of the Methods Used to Analyze the Evidence" Type="text"><FieldValue Value="&lt;div class=&quot;content_para&quot;&gt;&lt;p&gt;&lt;strong&gt;Note from the National Guideline Clearinghouse (NGC)&lt;/strong&gt;: A systematic evidence review was prepared by the Evidence-based Synthesis Program Center at the Portland Veterans Affairs Medical Center, Portland, OR for the Department of Veterans Affairs, Veterans Health Administration, Health Services Research &amp;amp; Development Service (see the &quot;Availability of Companion Documents&quot; field).&lt;/p&gt;&#xD;&#xA;&lt;p&gt;&lt;strong&gt;Data Extraction and Quality Assessment&lt;/strong&gt;&lt;/p&gt;&#xD;&#xA;&lt;p&gt;From each study, the evidence review team abstracted study design, objectives, setting, population characteristics (including sex, age, left ventricular ejection fraction, baseline New York Heart Association [NYHA] class, and coronary heart disease [CHD] definition), participant eligibility and exclusion criteria, number of participants, years of enrollment, duration of follow-up, the study and comparator interventions, important co-interventions, baseline hemoglobin levels, change in hemoglobin levels, health outcomes, and adverse effects. If only the hematocrit was reported, the reviewers used a conversion of 3:1 to approximate the hemoglobin value. To evaluate harms, data on adverse effects were collected from all included trials and specifically gathered data from each erythropoiesis-stimulating agent (ESA) trial on hypertension, venous thromboembolic events (including deep venous thrombosis, pulmonary embolism, and vascular access thrombosis), and ischemic cerebrovascular events. In trials examining blood transfusions, reviewers specifically looked for reporting of transfusion reactions.&lt;/p&gt;&#xD;&#xA;&lt;p&gt;Two reviewers independently assessed the quality of each trial using a tool developed by the Cochrane Collaboration. Disagreements were resolved by discussion. Each study was given an overall summary assessment of low, high, or unclear risk of bias. Reviewers assessed the overall quality of evidence for outcomes using a method developed by the Grading of Recommendations Assessment, Development and Evaluation Working Group (see the &quot;Rating Scheme for the Strength of the Evidence&quot; field), which considers the consistency, coherence, and applicability of a body of evidence, as well as the internal validity of individual studies, to classify the grade of evidence across outcomes.&lt;/p&gt;&#xD;&#xA;&lt;p&gt;Although there is no widely accepted standard for quality assessment of observational studies, the reviewers adapted existing tools relevant to this review and specifically assessed whether each observational blood transfusion study conducted an analysis adjusting for patient propensity to receive a blood transfusion, accounted for bleeding complications (regardless of whether they were procedure-related), and accounted for the timing of transfusion given the potential for survival bias in which patients who died could not have received a transfusion. The detailed assessment of quality for each study is provided in Tables 3 to 6 of the Supplement (see the &quot;Availability of Companion Documents&quot; field). An overall summary assessment for observational studies was not reported because there are no validated criteria for doing so.&lt;/p&gt;&#xD;&#xA;&lt;p&gt;&lt;strong&gt;Data Synthesis and Analysis&lt;/strong&gt;&lt;/p&gt;&#xD;&#xA;&lt;p&gt;The review team did meta-analyses of study-level data evaluating the effects of liberal compared with restrictive transfusion strategies on short-term mortality rates (defined as death during or within 30 days after the hospital stay) and cardiovascular events (defined as myocardial infarction [MI], congestive heart failure [CHF] exacerbation, arrhythmia, or cardiac death&amp;mdash;in-hospital events were distinguished from those occurring during longer-term follow-up). The number of events and total participants were abstracted from each treatment group and a pooled estimate of relative risk (RR) was obtained using a random-effects model. The reviewers preferentially used 30-day mortality for the analysis, followed by in-hospital and 72-hour mortality. A sensitivity analysis was conducted on the basis of the definition of short-term mortality. If trials included mixed populations of patients with and without heart disease, authors were contacted for subgroup information if it was not available in published reports.&lt;/p&gt;&#xD;&#xA;&lt;p&gt;The review team also did meta-analyses of ESA trials for each of the following outcomes: mean difference in the change in NYHA class, exercise duration during the 6-minute walk test, all-cause mortality, hospitalizations, cardiovascular events, hypertension events, and ischemic cerebrovascular events. Given the variety of assessment tools used, the team did not do meta-analyses of quality-of-life outcomes. Sensitivity analyses were run for all outcomes, excluding studies with high or unclear risk of bias.&lt;/p&gt;&#xD;&#xA;&lt;p&gt;All analyses were done using Stata 10.0 (StataCorp, College Station, Texas). Statistical heterogeneity among the trials combined in meta-analysis was assessed by the Cochran &lt;em&gt;Q&lt;/em&gt; test and &lt;em&gt;I&lt;/em&gt;&lt;sup&gt;&lt;em&gt;2&lt;/em&gt;&lt;/sup&gt; statistic. Publication bias was not assessed because of the small number of trials that could be combined. The review team qualitatively synthesized the results of trials of iron therapy because only 3 trials examined the effects of iron, with 1 large trial dominating.&lt;/p&gt;&lt;/div&gt;" /></Field><Field FieldID="112" OrdBy="440" ID="413" Name="Methods Used to Formulate the Recommendations" Type="picklist-choice"><FieldValue Value="Expert Consensus" /></Field><Field FieldID="145" OrdBy="445" ID="414" Name="Description of Methods Used to Formulate the Recommendations" Type="text"><FieldValue Value="&lt;div class=&quot;content_para&quot;&gt;&lt;p&gt;This guideline is based on a systematic evidence review and summary paper that addressed the following key questions related to the treatment of anemia in patients with heart disease:&lt;/p&gt;&#xD;&#xA;&lt;ol style=&quot;list-style-type: decimal;&quot; start=&quot;1&quot;&gt;&#xD;&#xA;    &lt;li&gt;In patients with congestive heart failure (CHF) or coronary heart disease (CHD), what are the health benefits and harms of treating anemia with red blood cells (RBC) transfusions? &lt;/li&gt;&#xD;&#xA;    &lt;li&gt;In patients with CHF or CHD, what are the health benefits and harms of treating anemia with erythropoiesis-stimulating agents (ESAs)? &lt;/li&gt;&#xD;&#xA;    &lt;li&gt;In patients with CHF or CHD, what are the health benefits and harms of using iron to treat iron deficiency with or without anemia? &lt;/li&gt;&#xD;&#xA;&lt;/ol&gt;&lt;/div&gt;" /></Field><Field FieldID="146" OrdBy="450" ID="415" Name="Rating Scheme for the Strength of the Recommendations" Type="text"><FieldValue Value="&lt;table border=&quot;1&quot; cellspacing=&quot;1&quot; cellpadding=&quot;3&quot; summary=&quot;Table: American College of Physicians Guideline Grading System&quot;&gt;&#xD;&#xA;    &lt;thead&gt;&#xD;&#xA;        &lt;tr&gt;&#xD;&#xA;            &lt;th class=&quot;Center&quot; valign=&quot;top&quot; colspan=&quot;3&quot;&gt;The American College of Physicians Guideline Grading System*&lt;/th&gt;&#xD;&#xA;        &lt;/tr&gt;&#xD;&#xA;        &lt;tr&gt;&#xD;&#xA;            &lt;th valign=&quot;top&quot;&gt;Quality of Evidence&lt;/th&gt;&#xD;&#xA;            &lt;th class=&quot;Center&quot; valign=&quot;top&quot; colspan=&quot;2&quot;&gt;Strength of Recommendation&lt;/th&gt;&#xD;&#xA;        &lt;/tr&gt;&#xD;&#xA;        &lt;tr&gt;&#xD;&#xA;            &lt;td class=&quot;Center&quot; valign=&quot;top&quot;&gt;&amp;nbsp;&lt;/td&gt;&#xD;&#xA;            &lt;th class=&quot;Center&quot; valign=&quot;top&quot;&gt;Benefits Clearly Outweigh Risks and Burden or Risks and Burden Clearly Outweigh Benefits&lt;/th&gt;&#xD;&#xA;            &lt;th class=&quot;Center&quot; valign=&quot;top&quot;&gt;Benefits Finely Balanced with Risks and Burden&lt;/th&gt;&#xD;&#xA;        &lt;/tr&gt;&#xD;&#xA;    &lt;/thead&gt;&#xD;&#xA;    &lt;tbody&gt;&#xD;&#xA;        &lt;tr&gt;&#xD;&#xA;            &lt;td valign=&quot;top&quot;&gt;High&lt;/td&gt;&#xD;&#xA;            &lt;td class=&quot;Center&quot; valign=&quot;top&quot;&gt;Strong&lt;/td&gt;&#xD;&#xA;            &lt;td class=&quot;Center&quot; valign=&quot;top&quot;&gt;Weak&lt;/td&gt;&#xD;&#xA;        &lt;/tr&gt;&#xD;&#xA;        &lt;tr&gt;&#xD;&#xA;            &lt;td valign=&quot;top&quot;&gt;Moderate&lt;/td&gt;&#xD;&#xA;            &lt;td class=&quot;Center&quot; valign=&quot;top&quot;&gt;Strong&lt;/td&gt;&#xD;&#xA;            &lt;td class=&quot;Center&quot; valign=&quot;top&quot;&gt;Weak&lt;/td&gt;&#xD;&#xA;        &lt;/tr&gt;&#xD;&#xA;        &lt;tr&gt;&#xD;&#xA;            &lt;td valign=&quot;top&quot;&gt;Low&lt;/td&gt;&#xD;&#xA;            &lt;td class=&quot;Center&quot; valign=&quot;top&quot;&gt;Strong&lt;/td&gt;&#xD;&#xA;            &lt;td class=&quot;Center&quot; valign=&quot;top&quot;&gt;Weak&lt;/td&gt;&#xD;&#xA;        &lt;/tr&gt;&#xD;&#xA;        &lt;tr&gt;&#xD;&#xA;            &lt;td class=&quot;Center&quot; valign=&quot;top&quot; colspan=&quot;3&quot;&gt;Insufficient evidence to determine net benefits or risks&lt;/td&gt;&#xD;&#xA;        &lt;/tr&gt;&#xD;&#xA;    &lt;/tbody&gt;&#xD;&#xA;&lt;/table&gt;&#xD;&#xA;&lt;p class=&quot;Note&quot;&gt;*Adopted from the classification developed by the GRADE (Grading of Recommendations Assessment, Development and Evaluation) Working Group.&lt;/p&gt;" /></Field><Field FieldID="148" OrdBy="460" ID="417" Name="Cost Analysis" Type="text"><FieldValue Value="&lt;div class=&quot;content_para&quot;&gt;&lt;p&gt;A formal cost analysis was not performed and published cost analyses were not reviewed.&lt;/p&gt;&lt;/div&gt;" /></Field><Field FieldID="104" OrdBy="465" ID="418" Name="Method of Guideline Validation" Type="picklist-choice"><FieldValue Value="Internal Peer Review" /></Field><Field FieldID="130" OrdBy="470" ID="419" Name="Description of Method of Guideline Validation" Type="text"><FieldValue Value="&lt;div class=&quot;content_para&quot;&gt;&lt;p&gt;This guideline was approved by the American College of Physicians (ACP) Board of Regents on 30 July 2013.&lt;/p&gt;&lt;/div&gt;" /></Field></Section><Section SecID="420" OrdBy="500" Name="Recommendations"><Field FieldID="151" OrdBy="505" ID="421" Name="Major Recommendations" Type="text"><FieldValue Value="&lt;div class=&quot;content_para&quot;&gt;&lt;p&gt;Definitions for the overall quality of evidence &lt;strong&gt;(high, moderate, low, insufficient)&lt;/strong&gt; and strength of recommendations &lt;strong&gt;(strong, weak)&lt;/strong&gt; are provided at the end of the &quot;Major Recommendations&quot; field.&lt;/p&gt;&#xD;&#xA;&lt;p&gt;&lt;strong&gt;Recommendation 1&lt;/strong&gt;: &lt;em&gt;The American College of Physicians (ACP) recommends using a restrictive red blood cell (RBC) transfusion strategy (trigger hemoglobin threshold of 7 to 8 g/dL compared with higher hemoglobin levels) in hospitalized patients with coronary heart disease (CHD).&lt;/em&gt; &lt;strong&gt;(Grade: weak recommendation; low-quality evidence)&lt;/strong&gt;&lt;/p&gt;&#xD;&#xA;&lt;p&gt;Low-quality evidence showed no mortality benefit of liberal compared with restrictive transfusion strategies across the patient populations studied. Most evidence did not show a substantial difference in benefit between liberal and restrictive RBC transfusions. In addition, low-quality evidence showed conflicting results for cardiovascular events. Low-quality evidence showed no mortality benefit of a higher (liberal) transfusion threshold (hemoglobin levels &amp;gt;10 g/dL) and fewer cardiovascular events with a lower (restrictive) transfusion threshold (hemoglobin levels of 7 to 8 g/dL) in noncardiac surgery patients. Studies showed no short-term mortality benefit in hip fracture and vascular surgery patients treated with liberal RBC transfusion compared with restrictive transfusion and found no difference in outcomes. Observational studies also failed to find a mortality benefit with aggressive liberal transfusion. For noncardiac surgeries other than hip fracture surgery, data are inconclusive. Low-quality evidence showed that patients with the acute coronary syndrome who received liberal RBC transfusions (hemoglobin threshold of 10 g/dL) had a mortality benefit compared with those who received more restrictive transfusion thresholds. However, this result was from a small study that included patients with stable and unstable CHD, and the difference was not statistically significant. Harms were sparsely reported, and no trials reported a difference in adverse events for liberal compared with restrictive transfusions.&lt;/p&gt;&#xD;&#xA;&lt;p&gt;&lt;strong&gt;Recommendation 2&lt;/strong&gt;: &lt;em&gt;ACP recommends against the use of erythropoiesis-stimulating agents (ESAs) in patients with mild to moderate anemia and congestive heart failure (CHF) or CHD&lt;/em&gt;. &lt;strong&gt;(Grade: strong recommendation; moderate-quality evidence)&lt;/strong&gt;&lt;/p&gt;&#xD;&#xA;&lt;p&gt;The harms outweigh the benefits for treating patients with mild to moderate anemia using ESAs. The potential harms associated with ESA therapy include increased risk for thromboembolic events shown in 3 studies and a suggestion of increased stroke rates in 1 study. Although anemia is common in patients with CHF and CHD, high-quality evidence showed that treatment with ESAs did not improve mortality or affect cardiovascular events or hospitalizations, and moderate-quality evidence showed no improvement for quality of life. Baseline hemoglobin levels for study patients ranged from 9 to 10 g/dL.&lt;/p&gt;&#xD;&#xA;&lt;p&gt;&lt;strong&gt;&lt;span style=&quot;text-decoration: underline;&quot;&gt;Definitions&lt;/span&gt;&lt;/strong&gt;:&lt;/p&gt;&#xD;&#xA;&lt;p&gt;&lt;strong&gt;Grading of Quality of Evidence&lt;/strong&gt;&lt;/p&gt;&#xD;&#xA;&lt;p&gt;&lt;strong&gt;High-Quality Evidence&lt;/strong&gt;: Evidence is considered high quality when it is obtained from 1 or more well-designed and well-executed randomized, controlled trials (RCTs) that yield consistent and directly applicable results. This also means that further research is very unlikely to change confidence in the estimate of effect.&lt;/p&gt;&#xD;&#xA;&lt;p&gt;&lt;strong&gt;Moderate-Quality Evidence&lt;/strong&gt;: Evidence is considered moderate quality when it is obtained from RCTs with important limitations&amp;mdash;for example, biased assessment of the treatment effect, large loss to follow-up, lack of blinding, unexplained heterogeneity (even if it is generated from rigorous RCTs), indirect evidence originating from similar (but not identical) populations of interest, and RCTs with a very small number of participants or observed events. In addition, evidence from well-designed controlled trials without randomization, well-designed cohort or case&amp;ndash;control analytic studies, and multiple time series with or without intervention are in this category. Moderate-quality evidence also means that further research will probably have an important effect on confidence in the estimate of effect and may change the estimate.&lt;/p&gt;&#xD;&#xA;&lt;p&gt;&lt;strong&gt;Low-Quality Evidence&lt;/strong&gt;: Evidence obtained from observational studies would typically be rated as low quality because of the risk for bias. Low-quality evidence means that further research is very likely to have an important effect on confidence in the estimate of effect and will probably change the estimate. However, the quality of evidence may be rated as moderate or even high, depending on circumstances under which evidence is obtained from observational studies. Factors that may contribute to upgrading the quality of evidence include a large magnitude of the observed effect, a dose&amp;ndash;response association, or the presence of an observed effect when all plausible confounders would decrease the observed effect.&lt;/p&gt;&#xD;&#xA;&lt;p&gt;&lt;strong&gt;Insufficient Evidence to Determine Net Benefits or Risks&lt;/strong&gt;: When the evidence is insufficient to determine for or against routinely providing a service, the recommendation is graded as &quot;insufficient evidence to determine net benefits or risks.&quot; Evidence may be conflicting, of poor quality, or lacking, and hence the balance of benefits and harms cannot be determined. Any estimate of effect that is very uncertain as evidence is either unavailable or does not permit a conclusion.&lt;/p&gt;&#xD;&#xA;&lt;table border=&quot;1&quot; cellspacing=&quot;1&quot; cellpadding=&quot;3&quot; summary=&quot;Table: American College of Physicians Guideline Grading System&quot;&gt;&#xD;&#xA;    &lt;thead&gt;&#xD;&#xA;        &lt;tr&gt;&#xD;&#xA;            &lt;th class=&quot;Center&quot; valign=&quot;top&quot; colspan=&quot;3&quot;&gt;The American College of Physicians Guideline Grading System*&lt;/th&gt;&#xD;&#xA;        &lt;/tr&gt;&#xD;&#xA;        &lt;tr&gt;&#xD;&#xA;            &lt;th valign=&quot;top&quot;&gt;Quality of Evidence&lt;/th&gt;&#xD;&#xA;            &lt;th class=&quot;Center&quot; valign=&quot;top&quot; colspan=&quot;2&quot;&gt;Strength of Recommendation&lt;/th&gt;&#xD;&#xA;        &lt;/tr&gt;&#xD;&#xA;        &lt;tr&gt;&#xD;&#xA;            &lt;td class=&quot;Center&quot; valign=&quot;top&quot;&gt;&amp;nbsp;&lt;/td&gt;&#xD;&#xA;            &lt;th class=&quot;Center&quot; valign=&quot;top&quot;&gt;Benefits Clearly Outweigh Risks and Burden or Risks and Burden Clearly Outweigh Benefits&lt;/th&gt;&#xD;&#xA;            &lt;th class=&quot;Center&quot; valign=&quot;top&quot;&gt;Benefits Finely Balanced with Risks and Burden&lt;/th&gt;&#xD;&#xA;        &lt;/tr&gt;&#xD;&#xA;    &lt;/thead&gt;&#xD;&#xA;    &lt;tbody&gt;&#xD;&#xA;        &lt;tr&gt;&#xD;&#xA;            &lt;td valign=&quot;top&quot;&gt;High&lt;/td&gt;&#xD;&#xA;            &lt;td class=&quot;Center&quot; valign=&quot;top&quot;&gt;Strong&lt;/td&gt;&#xD;&#xA;            &lt;td class=&quot;Center&quot; valign=&quot;top&quot;&gt;Weak&lt;/td&gt;&#xD;&#xA;        &lt;/tr&gt;&#xD;&#xA;        &lt;tr&gt;&#xD;&#xA;            &lt;td valign=&quot;top&quot;&gt;Moderate&lt;/td&gt;&#xD;&#xA;            &lt;td class=&quot;Center&quot; valign=&quot;top&quot;&gt;Strong&lt;/td&gt;&#xD;&#xA;            &lt;td class=&quot;Center&quot; valign=&quot;top&quot;&gt;Weak&lt;/td&gt;&#xD;&#xA;        &lt;/tr&gt;&#xD;&#xA;        &lt;tr&gt;&#xD;&#xA;            &lt;td valign=&quot;top&quot;&gt;Low&lt;/td&gt;&#xD;&#xA;            &lt;td class=&quot;Center&quot; valign=&quot;top&quot;&gt;Strong&lt;/td&gt;&#xD;&#xA;            &lt;td class=&quot;Center&quot; valign=&quot;top&quot;&gt;Weak&lt;/td&gt;&#xD;&#xA;        &lt;/tr&gt;&#xD;&#xA;        &lt;tr&gt;&#xD;&#xA;            &lt;td class=&quot;Center&quot; valign=&quot;top&quot; colspan=&quot;3&quot;&gt;Insufficient evidence to determine net benefits or risks&lt;/td&gt;&#xD;&#xA;        &lt;/tr&gt;&#xD;&#xA;    &lt;/tbody&gt;&#xD;&#xA;&lt;/table&gt;&#xD;&#xA;&lt;p class=&quot;Note&quot;&gt;*Adopted from the classification developed by the GRADE (Grading of Recommendations Assessment, Development and Evaluation) Working Group.&lt;/p&gt;&lt;/div&gt;" /></Field><Field FieldID="138" OrdBy="515" ID="423" Name="Clinical Algorithm(s)" Type="text"><FieldValue Value="&lt;div class=&quot;content_para&quot;&gt;&lt;p&gt;None provided&lt;/p&gt;&lt;/div&gt;" /></Field></Section><Section SecID="424" OrdBy="600" Name="Evidence Supporting the Recommendations"><Field FieldID="139" OrdBy="610" ID="426" Name="Type of Evidence Supporting the Recommendations" Type="text"><FieldValue Value="&lt;div class=&quot;content_para&quot;&gt;&lt;p&gt;The type of supporting evidence is identified and graded for each recommendation (see the &quot;Major Recommendations&quot; field).&lt;/p&gt;&lt;/div&gt;" /></Field></Section><Section SecID="427" OrdBy="700" Name="Benefits/Harms of Implementing the Guideline Recommendations"><Field FieldID="152" OrdBy="705" ID="428" Name="Potential Benefits" Type="text"><FieldValue Value="&lt;div class=&quot;content_para&quot;&gt;&lt;p&gt;See the &quot;Benefits&quot; sections in the original guideline document for specific benefits of treating anemia with red blood cell (RBC) transfusion and erythropoiesis-stimulating agents (ESAs) and treating iron deficiency with intravenous iron.&lt;/p&gt;&lt;/div&gt;" /></Field><Field FieldID="153" OrdBy="710" ID="429" Name="Potential Harms" Type="text"><FieldValue Value="&lt;div class=&quot;content_para&quot;&gt;&lt;p&gt;See the &quot;Harms&quot; sections in the original guideline document for specific harms of treating anemia with red blood cell (RBC) transfusion and erythropoiesis-stimulating agents (ESAs) and treating iron deficiency with intravenous iron.&lt;/p&gt;&lt;/div&gt;" /></Field></Section><Section SecID="432" OrdBy="900" Name="Qualifying Statements"><Field FieldID="137" OrdBy="905" ID="433" Name="Qualifying Statements" Type="text"><FieldValue Value="&lt;ul style=&quot;list-style-type: disc;&quot;&gt;&#xD;&#xA;    &lt;li&gt;Clinical practice guidelines are &quot;guides&quot; only and may not apply to all patients and all clinical situations. Thus, they are not intended to override clinicians' judgment. All American College of Physicians (ACP) clinical practice guidelines are considered automatically withdrawn or invalid 5 years after publication, or once an update has been issued. &lt;/li&gt;&#xD;&#xA;    &lt;li&gt;The authors of this article are responsible for its contents, including any clinical or treatment recommendations. No statement in this article should be construed as an official position of the U.S Department of Veterans Affairs. &lt;/li&gt;&#xD;&#xA;&lt;/ul&gt;" /></Field></Section><Section SecID="434" OrdBy="1000" Name="Implementation of the Guideline"><Field FieldID="131" OrdBy="1010" ID="436" Name="Description of Implementation Strategy" Type="text"><FieldValue Value="&lt;div class=&quot;content_para&quot;&gt;&lt;p&gt;An implementation strategy was not provided.&lt;/p&gt;&lt;/div&gt;" /></Field><Field FieldID="117" OrdBy="1015" ID="437" Name="Implementation Tools" Type="picklist-many"><FieldValue Value="Mobile Device Resources" /><FieldValue Value="Patient Resources" /><FieldValue Value="Staff Training/Competency Material" /></Field></Section><Section SecID="439" OrdBy="1100" Name="Institute of Medicine (IOM) National Healthcare Quality Report Categories"><Field FieldID="50" OrdBy="1105" ID="440" Name="IOM Care Need" Type="picklist-many"><FieldValue Value="Getting Better" /><FieldValue Value="Living with Illness" /></Field><Field FieldID="51" OrdBy="1110" ID="441" Name="IOM Domain" Type="picklist-many"><FieldValue Value="Effectiveness" /><FieldValue Value="Patient-centeredness" /></Field></Section><Section SecID="442" OrdBy="1200" Name="Identifying Information and Availability"><Field FieldID="97" OrdBy="1201" ID="392" Name="Bibliographic Source(s)" Type="citation"><FieldValue Value="&lt;table&gt;&lt;tr&gt;&lt;td&gt;Qaseem A, Humphrey LL, Fitterman N, Starkey M, Shekelle P, Clinical Guidelines Committee of the American College of Physicians. Treatment of anemia in patients with heart disease: a clinical practice guideline from the American College of Physicians. Ann Intern Med. 2013 Dec 3;159(11):770-9. [67 references] &lt;a href=&quot;http://www.ncbi.nlm.nih.gov/entrez/query.fcgi?cmd=Retrieve&amp;db=pubmed&amp;dopt=Abstract&amp;list_uids=24297193&quot; target=&quot;_blank&quot;&gt;PubMed&lt;/a&gt;&lt;/td&gt;&lt;/tr&gt;&lt;/table&gt;" /></Field><Field FieldID="124" OrdBy="1205" ID="443" Name="Adaptation" Type="text"><FieldValue Value="&lt;div class=&quot;content_para&quot;&gt;&lt;p&gt;Not applicable: The guideline was not adapted from another source.&lt;/p&gt;&lt;/div&gt;" /></Field><Field FieldID="128" OrdBy="1215" ID="445" Name="Date Released" Type="text"><FieldValue Value="2013 Dec 3" /></Field><Field FieldID="158" OrdBy="1225" ID="447" Name="Guideline Developer(s)" Type="orglist-p"><FieldValue Value="American College of Physicians - Medical Specialty Society" /></Field><Field FieldID="125" OrdBy="1235" ID="449" Name="Source(s) of Funding" Type="text"><FieldValue Value="&lt;div class=&quot;content_para&quot;&gt;&lt;p&gt;Financial support for the development of this guideline comes exclusively from the American College of Physicians (ACP) operating budget.&lt;/p&gt;&lt;/div&gt;" /></Field><Field FieldID="126" OrdBy="1240" ID="450" Name="Guideline Committee" Type="text"><FieldValue Value="&lt;div class=&quot;content_para&quot;&gt;&lt;p&gt;Clinical Guidelines Committee of the American College of Physicians&lt;/p&gt;&lt;/div&gt;" /></Field><Field FieldID="127" OrdBy="1245" ID="451" Name="Composition of Group That Authored the Guideline" Type="text"><FieldValue Value="&lt;div class=&quot;content_para&quot;&gt;&lt;p&gt;&lt;em&gt;Authors&lt;/em&gt;: Amir Qaseem, MD, PhD, MHA; Linda L. Humphrey, MD, MPH; Nick Fitterman, MD; Melissa Starkey, PhD; and Paul Shekelle, MD, PhD&lt;/p&gt;&#xD;&#xA;&lt;p&gt;&lt;em&gt;Clinical Guidelines Committee Members&lt;/em&gt;: Paul Shekelle, MD, PhD (&lt;em&gt;Chair&lt;/em&gt;); Roger Chou, MD; Molly Cooke, MD; Paul Dallas, MD; Thomas D. Denberg, MD, PhD; Paul Dallas, MD; Nick Fitterman, MD; Mary Ann Forciea, MD; Linda L. Humphrey, MD, MPH; Tanveer P. Mir, MD; Holger J. Sch&amp;uuml;nemann, MD, PhD; Donna E. Sweet, MD; and Timothy Wilt, MD, MPH&lt;/p&gt;&lt;/div&gt;" /></Field><Field FieldID="147" OrdBy="1250" ID="452" Name="Financial Disclosures/Conflicts of Interest" Type="text"><FieldValue Value="&lt;div class=&quot;content_para&quot;&gt;&lt;p&gt;&lt;strong&gt;Potential Conflicts of Interest&lt;/strong&gt;: Dr. Shekelle: &lt;em&gt;Grants&lt;/em&gt;: Agency for Healthcare Research and Quality, Veterans Affairs, Centers for Medicare &amp;amp; Medicaid Services, Office of the National Coordinator for Health Information Technology; &lt;em&gt;Personal fees&lt;/em&gt;: ECRI Institute, Veterans Affairs, UpToDate. All other authors have no disclosures.&lt;/p&gt;&#xD;&#xA;&lt;p&gt;Disclosures can also be viewed at &lt;a href=&quot;http://www.acponline.org/authors/icmje/ConflictOfInterestForms.do?msNum=M13-1830&quot; title=&quot;ACP Web site&quot;&gt;www.acponline.org/authors/icmje/ConflictOfInterestForms.do?msNum=M13-1830&lt;/a&gt;. A record of conflicts of interest is kept for each Clinical Guidelines Committee meeting and conference call and can be viewed at &lt;a href=&quot;http://www.acponline.org/clinical_information/guidelines/guidelines/conflicts_cgc.htm&quot; title=&quot;ACP Web site&quot;&gt;www.acponline.org/clinical_information/guidelines/guidelines/conflicts_cgc.htm&lt;/a&gt;.&lt;/p&gt;&lt;/div&gt;" /></Field><Field FieldID="120" OrdBy="1256" ID="393" Name="Guideline Status" Type="text"><FieldValue Value="&lt;div class=&quot;content_para&quot;&gt;&lt;p&gt;This is the current release of the guideline.&lt;/p&gt;&#xD;&#xA;&lt;p&gt;This guideline meets NGC's 2013 (revised) inclusion criteria.&lt;/p&gt;&lt;/div&gt;" /></Field><Field FieldID="118" OrdBy="1260" ID="454" Name="Guideline Availability" Type="text"><FieldValue Value="&lt;div class=&quot;content_para&quot;&gt;&lt;p&gt;Electronic copies: Available from the &lt;a href=&quot;http://annals.org/article.aspx?articleid=1784292&quot; title=&quot;Annals of Internal Medicine Web site&quot;&gt;Annals of Internal Medicine Web site&lt;/a&gt;.&lt;/p&gt;&#xD;&#xA;&lt;p&gt;Print copies: Available from the American College of Physicians (ACP), 190 N. Independence Mall West, Philadelphia PA 19106-1572.&lt;/p&gt;&lt;/div&gt;" /></Field><Field FieldID="119" OrdBy="1265" ID="455" Name="Availability of Companion Documents" Type="text"><FieldValue Value="&lt;div class=&quot;content_para&quot;&gt;&lt;p&gt;The following are available:&lt;/p&gt;&#xD;&#xA;&lt;ul style=&quot;list-style-type: disc;&quot;&gt;&#xD;&#xA;    &lt;li&gt;Qaseem A, Snow V, Owens DK, Shekelle P. The development of clinical practice guidelines and guidance statements of the American College of Physicians: summary of methods. Ann Intern Med. 2010 Aug 3;153(3):194-199. Electronic copies: Available from the &lt;a href=&quot;http://www.annals.org/content/153/3/194.full&quot; title=&quot;Annals of Internal Medicine Web site&quot;&gt;Annals of Internal Medicine Web site&lt;/a&gt;. &lt;/li&gt;&#xD;&#xA;    &lt;li&gt;Kansagara D, Dyer E, Englander H, Fu R, Freeman M, Kagen D. Treatment of anemia in patients with heart disease. A systematic review. Ann Intern Med. 2013;159:746-57. Electronic copies: Available from the &lt;a href=&quot;http://annals.org/article.aspx?articleid=1784290&quot; title=&quot;Annals of Internal Medicine Web site&quot;&gt;Annals of Internal Medicine Web site&lt;/a&gt;. &lt;/li&gt;&#xD;&#xA;    &lt;li&gt;Kansagara D, Dyer E, Englander H, Freeman M, Kagen D. Treatment of anemia in patients with heart disease: a systematic review. VA-ESP Project no. 05-225. Washington (DC): Department of Veterans Affairs; 2011 Oct. 82 p. Electronic copies: Available from the &lt;a href=&quot;http://www.hsrd.research.va.gov/publications/esp/anemia.cfm&quot; title=&quot;Health Services Research and Development Service Web site&quot; target=&quot;_blank&quot;&gt;Health Services Research &amp;amp; Development Service Web site&lt;/a&gt;. &lt;/li&gt;&#xD;&#xA;    &lt;li&gt;Treatment of anemia in patients with heart disease: a clinical practice guideline from the American College of Physicians. Continuing Medical Education. Available from the &lt;a href=&quot;http://annals.org/article.aspx?articleid=1784292#tab7&quot; title=&quot;Annals of Internal Medicine Web site&quot;&gt;Annals of Internal Medicine Web site&lt;/a&gt;. &lt;/li&gt;&#xD;&#xA;&lt;/ul&gt;&#xD;&#xA;&lt;p&gt;Print copies: Available from the American College of Physicians (ACP), 190 N. Independence Mall West, Philadelphia PA 19106-1572.&lt;/p&gt;&#xD;&#xA;&lt;p&gt;A collection of Recommendation Summaries for all current American College of Physicians Clinical Guidelines is now available for download to mobile devices from the &lt;a href=&quot;http://www.acponline.org/clinical_information/guidelines/mobile.htm&quot; title=&quot;ACP Web site&quot;&gt;American College of Physicians Web site&lt;/a&gt;.&lt;/p&gt;&lt;/div&gt;" /></Field><Field FieldID="143" OrdBy="1275" ID="457" Name="Patient Resources" Type="text"><FieldValue Value="&lt;div class=&quot;content_para&quot;&gt;&lt;p&gt;The following is available:&lt;/p&gt;&#xD;&#xA;&lt;ul style=&quot;list-style-type: disc;&quot;&gt;&#xD;&#xA;    &lt;li&gt;Summaries for patients. Treatment of anemia in patients with heart disease: a clinical practice guideline From the American College of Physicians. Ann Intern Med 2013 Dec 3;159(11):I-32. Electronic copies: Available from the &lt;a href=&quot;http://annals.org/article.aspx?articleID=1784286&quot; title=&quot;Annals of Internal Medicine Web site&quot;&gt;Annals of Internal Medicine Web site&lt;/a&gt;. &lt;/li&gt;&#xD;&#xA;&lt;/ul&gt;&#xD;&#xA;&lt;p&gt;Print copies: Available from the American College of Physicians (ACP), 190 N. Independence Mall West, Philadelphia PA 19106-1572.&lt;/p&gt;&#xD;&#xA;&lt;p class=&quot;Disclaimer&quot;&gt;Please note: This patient information is intended to provide health professionals with information to share with their patients to help them better understand their health and their diagnosed disorders. By providing access to this patient information, it is not the intention of NGC to provide specific medical advice for particular patients. Rather we urge patients and their representatives to review this material and then to consult with a licensed health professional for evaluation of treatment options suitable for them as well as for diagnosis and answers to their personal medical questions. This patient information has been derived and prepared from a guideline for health care professionals included on NGC by the authors or publishers of that original guideline. The patient information is not reviewed by NGC to establish whether or not it accurately reflects the original guideline's content.&lt;/p&gt;&lt;/div&gt;" /></Field><Field FieldID="142" OrdBy="1280" ID="458" Name="NGC Status" Type="text"><FieldValue Value="&lt;div class=&quot;content_para&quot;&gt;&lt;p&gt;This NGC summary was completed by ECRI Institute on January 29, 2014.&lt;/p&gt;&lt;/div&gt;" /></Field><Field FieldID="141" OrdBy="1290" ID="460" Name="Copyright Statement" Type="text"><FieldValue Value="&lt;div class=&quot;content_para&quot;&gt;&lt;p&gt;This NGC summary is based on the original guideline, which is subject to the guideline developer's copyright restrictions.&lt;/p&gt;&lt;/div&gt;" /></Field></Section><Section SecID="99999" OrdBy="99999" Name="Disclaimer"><Field FieldID="99999" OrdBy="99999" ID="99999" Name="NGC Disclaimer" Type="text"><FieldValue Value="&lt;p&gt;The National Guideline Clearinghouse™ (NGC) does not develop, produce, approve, or endorse the guidelines represented on this site.&lt;/p&gt; &#xD;&#xA;&lt;p&gt;All guidelines summarized by NGC and hosted on our site are produced under the auspices of medical specialty societies, relevant professional associations, public or private organizations, other government agencies, health care organizations or plans, and similar entities.&lt;/p&gt; &#xD;&#xA;&lt;p&gt;Guidelines represented on the NGC Web site are submitted by guideline developers, and are screened solely to determine that they meet the NGC Inclusion Criteria which may be found at &lt;a href=&quot;/about/inclusion-criteria.aspx&quot;&gt;http://www.guideline.gov/about/inclusion-criteria.aspx&lt;/a&gt;.&lt;/p&gt; &#xD;&#xA;&lt;p&gt;NGC, AHRQ, and its contractor ECRI Institute make no warranties concerning the content or clinical efficacy or effectiveness of the clinical practice guidelines and related materials represented on this site. Moreover, the views and opinions of developers or authors of guidelines represented on this site do not necessarily state or reflect those of NGC, AHRQ, or its contractor ECRI Institute, and inclusion or hosting of guidelines in NGC may not be used for advertising or commercial endorsement purposes.&lt;/p&gt; &#xD;&#xA;&lt;p&gt;Readers with questions regarding guideline content are directed to contact the guideline developer.&lt;/p&gt;" /></Field></Section></Version>
