<Version><xmlsource>This XML content was developed by AHRQ's contractor ECRI Institute for the National Guideline Clearinghouse (NGC).</xmlsource><Section SecID="390" OrdBy="100" Name="General"><Field FieldID="161" OrdBy="105" ID="391" Name="Guideline Title" Type="text"><FieldValue Value="&lt;div class=&quot;content_title&quot;&gt;Recommendations for optimal warfarin management for prevention of thromboembolic events in patients with atrial fibrillation.&lt;/div&gt;" /></Field><Field FieldID="97" OrdBy="110" ID="392" Name="Bibliographic Source(s)" Type="citation"><FieldValue Value="&lt;table&gt;&lt;tr&gt;&lt;td&gt;Canadian Agency for Drugs and Technologies in Health (CADTH). Recommendations for optimal warfarin management for prevention of thromboembolic events in patients with atrial fibrillation. Ottawa (ON): Canadian Agency for Drugs and Technologies in Health (CADTH); 2011 Nov. 20 p.  [13 references]&lt;/td&gt;&lt;/tr&gt;&lt;/table&gt;" /></Field><Field FieldID="120" OrdBy="115" ID="393" Name="Guideline Status" Type="text"><FieldValue Value="&lt;div class=&quot;content_para&quot;&gt;&lt;p&gt;This is the current release of the guideline.&lt;/p&gt;&lt;/div&gt;" /></Field><Field Name ="UMLS Concepts"><FieldValue Value="ICD9CM: Atrial fibrillation  (427.31); Intracerebral hemorrhage  (431); Other venous embolism and thrombosis of unspecified site  (453.9); Unspecified transient cerebral ischemia  (435.9)"/><FieldValue Value="MSH: Anticoagulants ; Atrial Fibrillation ; Cerebral Hemorrhage ; International Normalized Ratio ; Ischemic Attack, Transient ; Medication Therapy Management ; Self Care ; Stroke ; Thromboembolism ; Warfarin "/><FieldValue Value="MTH: Anticoagulants ; Atrial Fibrillation ; Cerebral Hemorrhage ; Cerebrovascular accident ; International Normalized Ratio ; Ischemic stroke ; Self-care interventions ; Thromboembolism ; Transient Cerebral Ischemia ; Transient Ischemic Attack ; Warfarin "/><FieldValue Value="PDQ: thromboembolism ; warfarin "/><FieldValue Value="SNOMEDCT_US: Anticoagulant  (372862008); Anticoagulant  (81839001); Atrial fibrillation  (49436004); Cerebral hemorrhage  (274100004); Cerebrovascular accident  (230690007); International normalized ratio  (165581004); International normalized ratio  (1951000175101); Ischemic stroke  (422504002); Self-care interventions  (384758001); Thromboembolic disorder  (13713005); Thromboembolic disorder  (371039008); Transient cerebral ischemia  (266257000); Warfarin  (372756006); Warfarin  (48603004)"/></Field></Section><Section SecID="396" OrdBy="300" Name="Scope"><Field FieldID="140" OrdBy="305" ID="397" Name="Disease/Condition(s)" Type="text"><FieldValue Value="&lt;div class=&quot;content_para&quot;&gt;&lt;p&gt;Thromboembolic events associated with non-valvular atrial fibrillation&lt;/p&gt;&lt;/div&gt;" /></Field><Field FieldID="103" OrdBy="310" ID="398" Name="Guideline Category" Type="picklist-many"><FieldValue Value="Management" /><FieldValue Value="Prevention" /><FieldValue Value="Treatment" /></Field><Field FieldID="113" OrdBy="315" ID="399" Name="Clinical Specialty" Type="picklist-many"><FieldValue Value="Cardiology" /><FieldValue Value="Family Practice" /><FieldValue Value="Geriatrics" /><FieldValue Value="Hematology" /><FieldValue Value="Internal Medicine" /><FieldValue Value="Pharmacology" /><FieldValue Value="Preventive Medicine" /></Field><Field FieldID="114" OrdBy="320" ID="400" Name="Intended Users" Type="picklist-many"><FieldValue Value="Advanced Practice Nurses" /><FieldValue Value="Allied Health Personnel" /><FieldValue Value="Health Care Providers" /><FieldValue Value="Health Plans" /><FieldValue Value="Hospitals" /><FieldValue Value="Managed Care Organizations" /><FieldValue Value="Nurses" /><FieldValue Value="Patients" /><FieldValue Value="Pharmacists" /><FieldValue Value="Physician Assistants" /><FieldValue Value="Physicians" /><FieldValue Value="Utilization Management" /></Field><Field FieldID="129" OrdBy="325" ID="401" Name="Guideline Objective(s)" Type="text"><FieldValue Value="&lt;ul style=&quot;list-style-type: disc;&quot;&gt;&#xD;&#xA;    &lt;li&gt;To provide recommendations for the optimal management of warfarin for the prevention of thromboembolic events in patients with atrial fibrillation &lt;/li&gt;&#xD;&#xA;    &lt;li&gt;To help health care decision-makers, patients, health care professionals, health systems leaders, and policy-makers make well-informed decisions and thereby improve the quality of health care services &lt;/li&gt;&#xD;&#xA;&lt;/ul&gt;" /></Field><Field FieldID="132" OrdBy="330" ID="402" Name="Target Population" Type="text"><FieldValue Value="&lt;div class=&quot;content_para&quot;&gt;&lt;p&gt;Patients with non-valvular atrial fibrillation requiring warfarin therapy&lt;/p&gt;&lt;/div&gt;" /></Field><Field FieldID="133" OrdBy="335" ID="403" Name="Interventions and Practices Considered" Type="text"><FieldValue Value="&lt;ol style=&quot;list-style-type: decimal;&quot; start=&quot;1&quot;&gt;&#xD;&#xA;    &lt;li&gt;Use of specialized anticoagulation services versus other options for the optimal management of warfarin therapy &lt;/li&gt;&#xD;&#xA;    &lt;li&gt;Patient self-testing and patient self-management of warfarin therapy (not recommended routinely) &lt;/li&gt;&#xD;&#xA;    &lt;li&gt;Role of warfarin management options in remote areas (no recommendation made) &lt;/li&gt;&#xD;&#xA;&lt;/ol&gt;" /></Field><Field FieldID="134" OrdBy="340" ID="404" Name="Major Outcomes Considered" Type="text"><FieldValue Value="&lt;ul style=&quot;list-style-type: disc;&quot;&gt;&#xD;&#xA;    &lt;li&gt;Time in therapeutic international normalized ratio (INR) range &lt;/li&gt;&#xD;&#xA;    &lt;li&gt;Stroke (ischemic, hemorrhagic, transient ischemic attack, any) &lt;/li&gt;&#xD;&#xA;    &lt;li&gt;Systemic embolism &lt;/li&gt;&#xD;&#xA;    &lt;li&gt;Bleeding (major, minor, fatal, intracranial, gastrointestinal) &lt;/li&gt;&#xD;&#xA;    &lt;li&gt;Quality of life &lt;/li&gt;&#xD;&#xA;    &lt;li&gt;Mortality &lt;/li&gt;&#xD;&#xA;    &lt;li&gt;Costs &lt;/li&gt;&#xD;&#xA;    &lt;li&gt;Resource utilization &lt;/li&gt;&#xD;&#xA;    &lt;li&gt;Incremental cost-effectiveness ratio &lt;/li&gt;&#xD;&#xA;&lt;/ul&gt;" /></Field></Section><Section SecID="405" OrdBy="400" Name="Methodology"><Field FieldID="109" OrdBy="405" ID="406" Name="Methods Used to Collect/Select the Evidence" Type="picklist-many"><FieldValue Value="Hand-searches of Published Literature (Primary Sources)" /><FieldValue Value="Hand-searches of Published Literature (Secondary Sources)" /><FieldValue Value="Searches of Electronic Databases" /><FieldValue Value="Searches of Unpublished Data" /></Field><Field FieldID="135" OrdBy="410" ID="407" Name="Description of Methods Used to Collect/Select the Evidence" Type="text"><FieldValue Value="&lt;div class=&quot;content_para&quot;&gt;&lt;p&gt;The evidence for developing recommendations on the optimal management of warfarin for preventing thromboembolic events in patients with atrial fibrillation was derived from Canadian Agency for Drugs and Technologies in Health (CADTH) science reports. The Canadian Optimal Medication Prescribing and Utilization Service (COMPUS) Expert Review Committee (CERC) members had access to the bibliographies of these reports early in the process (see the &quot;Availability of Companion Documents&quot; field).&lt;/p&gt;&#xD;&#xA;&lt;p&gt;&lt;span style=&quot;text-decoration: underline;&quot;&gt;&lt;strong&gt;Systematic Review&lt;/strong&gt;&lt;/span&gt;&lt;/p&gt;&#xD;&#xA;&lt;p&gt;&lt;strong&gt;Research Questions&lt;/strong&gt;&lt;/p&gt;&#xD;&#xA;&lt;ol style=&quot;list-style-type: decimal;&quot; start=&quot;1&quot;&gt;&#xD;&#xA;    &lt;li&gt;What are the clinical benefits and harms associated with the use of individual specialized anticoagulation services, compared with usual care for adult patients receiving long-term warfarin therapy? &lt;/li&gt;&#xD;&#xA;    &lt;li&gt;What are the clinical benefits and harms associated with the use of one type of specialized anticoagulation service compared with another type, for adult patients receiving long-term warfarin therapy? &lt;/li&gt;&#xD;&#xA;    &lt;li&gt;What are the costs associated with specialized anticoagulation services? &lt;/li&gt;&#xD;&#xA;&lt;/ol&gt;&#xD;&#xA;&lt;p&gt;&lt;strong&gt;Literature Search Strategy&lt;/strong&gt;&lt;/p&gt;&#xD;&#xA;&lt;p&gt;The literature search was performed by an information specialist using a peer-reviewed search strategy. Published literature was identified by searching the following bibliographic databases: MEDLINE (1946 to present) with in-process records and daily updates via Ovid; EMBASE (1980 to present) via Ovid; The Cochrane Library (2011, Issue 5) via Wiley; and PubMed. The search strategy comprised both controlled vocabulary, such as the National Library of Medicine's MeSH (Medical Subject Headings), and keywords. The main search concepts were warfarin and specialized anticoagulation services. Keywords were searched in title only and controlled vocabulary restricted to major subject headings.&lt;/p&gt;&#xD;&#xA;&lt;p&gt;Methodological filters were applied to limit retrieval to health technology assessments, systematic reviews, meta-analyses, randomized controlled trials, and non-randomized studies. Conference abstracts were excluded from the search results. Where possible, retrieval was limited to the human population. Retrieval was also limited to documents published between January 1, 2006, and May 31, 2011. The initial search was completed on May 31, 2011. Regular alerts were established to update the search until the publication of the final report.&lt;/p&gt;&#xD;&#xA;&lt;p&gt;Additionally, a search on warfarin and atrial fibrillation was conducted using the same databases listed above. Methodological filters were applied to limit retrieval to health technology assessments, systematic reviews, meta-analyses, and guidelines. Retrieval was also limited to documents published between January 1, 2006, and May 12, 2011. The initial search was completed on May 12, 2011. Regular alerts were established to update the search until the publication of the final report.&lt;/p&gt;&#xD;&#xA;&lt;p&gt;Grey literature (literature that is not commercially published) was identified by searching the health technology assessment agencies and guidelines sections of the Grey Matters checklist (&lt;a href=&quot;http://www.cadth.ca/en/resources/finding-evidence-is/grey-matters&quot; title=&quot;CADTH Web site&quot;&gt;www.cadth.ca/resources/grey-matters&lt;/a&gt;). Google and other Internet search engines were used to search for additional web-based materials. These searches were supplemented by reviewing the bibliographies of key papers and through contacts with appropriate experts and industry.&lt;/p&gt;&#xD;&#xA;&lt;p&gt;The authors of this report also consulted the primary authors of the 2012 American College of Chest Physicians guidelines on management of anticoagulation therapy.&lt;/p&gt;&#xD;&#xA;&lt;p&gt;&lt;strong&gt;Selection Criteria and Method&lt;/strong&gt;&lt;/p&gt;&#xD;&#xA;&lt;p&gt;Two reviewers independently screened citations and selected health technology assessments (HTAs), systematic reviews, meta-analyses, randomized controlled trials, and non-randomized studies regarding specialized anticoagulation services for management of warfarin dosing. The decision to order an article was based on the title and abstract, where available. In cases of insufficient information, the article was ordered. The same two reviewers selected the final articles for inclusion based on full-text publications. An article was included for review according to selection criteria established a priori (see below). Any disagreement between reviewers was discussed until consensus was reached.&lt;/p&gt;&#xD;&#xA;&lt;p&gt;Selection criteria were defined for population, intervention, comparator, outcomes, and study designs (see section 5.2 in the systematic review; see the &quot;Availability of Companion Documents&quot; field).&lt;/p&gt;&#xD;&#xA;&lt;p&gt;&lt;strong&gt;Exclusion Criteria&lt;/strong&gt;&lt;/p&gt;&#xD;&#xA;&lt;p&gt;Studies were excluded if they did not meet the selection criteria; focused only on patients with mechanical heart valves; were narrative reviews or editorials; were performed in a pediatric population; or were included in a selected HTA, systematic review, or meta-analysis. Additionally, systematic reviews were excluded if all reviewed studies were included in a more recent systematic review or meta-analysis.&lt;/p&gt;&lt;/div&gt;" /></Field><Field FieldID="136" OrdBy="415" ID="408" Name="Number of Source Documents" Type="text"><FieldValue Value="&lt;div class=&quot;content_para&quot;&gt;&lt;p&gt;Twenty-seven publications were included in the clinical systematic review from the electronic literature search, search of grey literature, and hand searching. Of these, nine were health technology assessments or systematic reviews, and 18 were primary studies (6 randomized controlled trials and 12 non-randomized controlled trials).&lt;/p&gt;&#xD;&#xA;&lt;p&gt;Four articles were identified for inclusion in the economic report from the limited literature search, including one cost-utility study and three costs analyses.&lt;/p&gt;&lt;/div&gt;" /></Field><Field FieldID="115" OrdBy="420" ID="409" Name="Methods Used to Assess the Quality and Strength of the Evidence" Type="picklist-choice"><FieldValue Value="Expert Consensus" /></Field><Field FieldID="149" OrdBy="425" ID="410" Name="Rating Scheme for the Strength of the Evidence" Type="text"><FieldValue Value="&lt;div class=&quot;content_para&quot;&gt;&lt;p&gt;Not applicable&lt;/p&gt;&lt;/div&gt;" /></Field><Field FieldID="116" OrdBy="430" ID="411" Name="Methods Used to Analyze the Evidence" Type="picklist-many"><FieldValue Value="Review of Published Meta-Analyses" /><FieldValue Value="Systematic Review with Evidence Tables" /></Field><Field FieldID="150" OrdBy="435" ID="412" Name="Description of the Methods Used to Analyze the Evidence" Type="text"><FieldValue Value="&lt;div class=&quot;content_para&quot;&gt;&lt;p&gt;The evidence for developing recommendations on the optimal management of warfarin for preventing thromboembolic events in patients with atrial fibrillation was derived from the Canadian Agency for Drugs and Technologies in Health (CADTH) science reports. The Canadian Optimal Medication Prescribing and Utilization Service (COMPUS) Expert Review Committee (CERC) members had access to the bibliographies of these reports early in the process (see the &quot;Availability of Companion Documents&quot; field).&lt;/p&gt;&#xD;&#xA;&lt;p&gt;&lt;strong&gt;Data Extraction Strategy&lt;/strong&gt;&lt;/p&gt;&#xD;&#xA;&lt;p&gt;One reviewer extracted clinical and economic data for each article to tabulate relevant characteristics and outcomes from the included studies. Data extraction was verified by a second reviewer to confirm accuracy.&lt;/p&gt;&#xD;&#xA;&lt;p&gt;&lt;strong&gt;Critical Appraisal of Individual Studies&lt;/strong&gt;&lt;/p&gt;&#xD;&#xA;&lt;p&gt;Two reviewers independently appraised the included studies. The quality of systematic reviews was evaluated using the AMSTAR instrument. The quality of randomized controlled trials and non-randomized studies was assessed using the Downs and Black instrument. Methodological quality of clinical effectiveness evidence was evaluated based on randomization, adequate concealment of randomization, degree of blinding, use of intention to treat analysis, and description of dropouts and withdrawals, where appropriate. A numeric score was not calculated for each study; instead, strengths and limitations were described. Any disagreements were resolved through discussion until consensus was reached.&lt;/p&gt;&#xD;&#xA;&lt;p&gt;The BMJ checklist was used to evaluate the quality of the cost-utility study. The key limitations were described for the other study types. Study results were described using a narrative approach.&lt;/p&gt;&#xD;&#xA;&lt;p&gt;&lt;strong&gt;Data Analysis Methods&lt;/strong&gt;&lt;/p&gt;&#xD;&#xA;&lt;p&gt;Because of heterogeneity present across the selected studies, a formal meta-analysis was not conducted. Studies were described using a narrative approach.&lt;/p&gt;&lt;/div&gt;" /></Field><Field FieldID="112" OrdBy="440" ID="413" Name="Methods Used to Formulate the Recommendations" Type="picklist-choice"><FieldValue Value="Expert Consensus" /></Field><Field FieldID="145" OrdBy="445" ID="414" Name="Description of Methods Used to Formulate the Recommendations" Type="text"><FieldValue Value="&lt;div class=&quot;content_para&quot;&gt;&lt;p&gt;&lt;strong&gt;Project Overview&lt;/strong&gt;&lt;/p&gt;&#xD;&#xA;&lt;p&gt;Once a topic is selected, the Canadian Agency for Drugs and Technologies in Health (CADTH) undertakes activities related to key areas in the procedure. The Optimal Use Working Group and the Formulary Working Group will provide advice and guidance throughout the process, through to supporting intervention and evaluation tools. The Canadian Optimal Medication Prescribing and Utilization Service (COMPUS) Expert Review Committee (CERC) provides expert advice and recommendations on the topic area relating to the identification, evaluation, and promotion of optimal prescribing and use of drugs. A broad range of stakeholders are invited to provide feedback at key stages in the CADTH process.&lt;/p&gt;&#xD;&#xA;&lt;p&gt;Three specific questions were asked to CERC members:&lt;/p&gt;&#xD;&#xA;&lt;ul style=&quot;list-style-type: disc;&quot;&gt;&#xD;&#xA;    &lt;li&gt;Question 1: What is the role of specialized anticoagulation services or other anticoagulation management options for the optimal management of warfarin therapy? &lt;/li&gt;&#xD;&#xA;    &lt;li&gt;Question 2: What is the role of patient self-testing and patient self-management for the optimal management of warfarin therapy? &lt;/li&gt;&#xD;&#xA;    &lt;li&gt;Question 3: In remote areas, what types of anticoagulation management options can be recommended? &lt;/li&gt;&#xD;&#xA;&lt;/ul&gt;&#xD;&#xA;&lt;p&gt;&lt;strong&gt;COMPUS Expert Review Committee Process and Perspective&lt;/strong&gt;&lt;/p&gt;&#xD;&#xA;&lt;p&gt;CERC members consider clinical effectiveness (i.e., benefits and harms), burdens, and cost data when formulating Optimal Use Recommendations. Committee members bring their individual expertise and experience to bear (as experts, general practitioners, interventionists, consumers, and members of the public) and draw upon their own values and preferences to discuss the evidence and reach conclusions.&lt;/p&gt;&#xD;&#xA;&lt;p&gt;Detailed information regarding the recommendations (i.e., vote results, the rating of overall quality of clinical evidence, underlying values and preferences related to the recommendations and notes from CERC deliberations) is provided in Appendix B and Appendix C of the original guideline document.&lt;/p&gt;&#xD;&#xA;&lt;p&gt;&lt;strong&gt;CERC Voting Process&lt;/strong&gt;&lt;/p&gt;&#xD;&#xA;&lt;p&gt;During their deliberations, CERC members were asked to make recommendations for each question, based on clinical evidence, economic evidence, and values and preferences. CERC members were also asked to rate the quality of evidence for each question. Recommendations were first formulated based on consideration of the clinical evidence, followed by a round of voting. Recommendations were then revised based on economic evidence and values and preferences, followed by a final round of voting.&lt;/p&gt;&lt;/div&gt;" /></Field><Field FieldID="146" OrdBy="450" ID="415" Name="Rating Scheme for the Strength of the Recommendations" Type="text"><FieldValue Value="&lt;div class=&quot;content_para&quot;&gt;&lt;p&gt;Not applicable&lt;/p&gt;&lt;/div&gt;" /></Field><Field FieldID="148" OrdBy="460" ID="417" Name="Cost Analysis" Type="text"><FieldValue Value="&lt;div class=&quot;content_para&quot;&gt;&lt;p&gt;The objective was to review the published literature for Canadian studies that provided information on the following question: What are the costs associated with specialized anticoagulation services? See the Economic Evidence Report for full details of the methodology and results of the Review of Canadian Economic Studies (see the &quot;Availability of Companion Documents&quot; field).&lt;/p&gt;&#xD;&#xA;&lt;p&gt;&lt;strong&gt;Canadian Optimal Medication Prescribing and Utilization Service (COMPUS) Expert Review Committee (CERC) Consideration of Economic Evidence&lt;/strong&gt;&lt;/p&gt;&#xD;&#xA;&lt;p&gt;&lt;strong&gt;Question 1&lt;/strong&gt;: What is the role of specialized anticoagulation services or other anticoagulation management options for the optimal management of warfarin therapy?&lt;/p&gt;&#xD;&#xA;&lt;p&gt;The committee considered the results of a review of published literature containing information on Canadian costs associated with specialized anticoagulation services. Three costing studies provided information on the costs of different models of specialized anticoagulation services and usual care in Canadian settings.&lt;/p&gt;&#xD;&#xA;&lt;p&gt;Key findings suggest that the literature evaluating the relative costs of hospital-based services (either managed by physicians or pharmacists) compared with community physician-managed care was inconclusive. Anticoagulation services were associated with lower costs in two studies, and higher costs in a third. Not all relevant costs were considered in these studies.&lt;/p&gt;&#xD;&#xA;&lt;p&gt;&lt;strong&gt;Question 2&lt;/strong&gt;: What is the role of patient self-testing (PST) and patient self-management (PSM) for the optimal management of warfarin therapy?&lt;/p&gt;&#xD;&#xA;&lt;p&gt;The committee considered the results of a review of published literature containing information on Canadian costs associated with PST or PSM. One cost-utility analysis provided information on PSM versus physician-managed anticoagulation from a Canadian health payer perspective.&lt;/p&gt;&#xD;&#xA;&lt;p&gt;Key findings suggest the following:&lt;/p&gt;&#xD;&#xA;&lt;ul style=&quot;list-style-type: disc;&quot;&gt;&#xD;&#xA;    &lt;li&gt;The incremental cost-effectiveness ratio of PSM compared with physician management of anticoagulation was Canadian (C) $14,000 over a five-year period. &lt;/li&gt;&#xD;&#xA;    &lt;li&gt;Costs for PSM were high in the first year due to start-up costs of C$1,567 per patient for training and support. &lt;/li&gt;&#xD;&#xA;    &lt;li&gt;Mean incremental costs were C$1,420 more for PSM versus usual care for the first year, C$989 per year after five years, and C$599 per year after 10 years. These are aggregate costs. Costs in the PSM strategy were partially offset by a reduction in costs associated with clinical events (hemorrhage, thromboembolic event) compared with physician management. &lt;/li&gt;&#xD;&#xA;&lt;/ul&gt;&#xD;&#xA;&lt;p&gt;&lt;strong&gt;Question 3&lt;/strong&gt;: In remote areas, what types of anticoagulation management options can be recommended?&lt;/p&gt;&#xD;&#xA;&lt;p&gt;No economic evidence was available regarding the costs associated with different warfarin management options in remote areas.&lt;/p&gt;&lt;/div&gt;" /></Field><Field FieldID="104" OrdBy="465" ID="418" Name="Method of Guideline Validation" Type="picklist-choice"><FieldValue Value="External Peer Review" /></Field><Field FieldID="130" OrdBy="470" ID="419" Name="Description of Method of Guideline Validation" Type="text"><FieldValue Value="&lt;div class=&quot;content_para&quot;&gt;&lt;p&gt;A broad range of stakeholders are invited to provide feedback at key stages in the Canadian Agency for Drugs and Technologies in Health (CADTH) process.&lt;/p&gt;&lt;/div&gt;" /></Field></Section><Section SecID="420" OrdBy="500" Name="Recommendations"><Field FieldID="151" OrdBy="505" ID="421" Name="Major Recommendations" Type="text"><FieldValue Value="&lt;div class=&quot;content_para&quot;&gt;&lt;p&gt;&lt;strong&gt;Question 1&lt;/strong&gt;: What is the role of specialized anticoagulation services or other anticoagulation management options for the optimal management of warfarin therapy?&lt;/p&gt;&#xD;&#xA;&lt;p&gt;&lt;strong&gt;Recommendation&lt;/strong&gt;: The Canadian Optimal Medication Prescribing and Utilization Service (COMPUS) Expert Review Committee (CERC) recommends that patients with non-valvular atrial fibrillation (NVAF) requiring warfarin be managed by a well-coordinated, structured approach dedicated to their anticoagulation therapy.*&lt;/p&gt;&#xD;&#xA;&lt;p class=&quot;Note&quot;&gt;*This does not need to be restricted to specialized anticoagulation clinics.&lt;/p&gt;&#xD;&#xA;&lt;p&gt;&lt;em&gt;Values and Preferences&lt;/em&gt;&lt;/p&gt;&#xD;&#xA;&lt;p&gt;During their deliberations, committee members identified the following considerations as important (in no order of preference):&lt;/p&gt;&#xD;&#xA;&lt;ul style=&quot;list-style-type: disc;&quot;&gt;&#xD;&#xA;    &lt;li&gt;Rate of adoption of warfarin therapy can be limited based on patient beliefs (e.g., stigma associated with &quot;rat poison&quot;) and preferences. &lt;/li&gt;&#xD;&#xA;    &lt;li&gt;The need for decision aids that outline the frequency and severity of strokes versus bleeds with warfarin therapy for atrial fibrillation (AF), to be more broadly used in practice to enable patients to consider their own preferences regarding the relative importance of preventing stroke and risking bleeds. &lt;/li&gt;&#xD;&#xA;    &lt;li&gt;Patient convenience and the impact on burden of treatment (e.g., need for laboratory services or clinic visits). &lt;/li&gt;&#xD;&#xA;    &lt;li&gt;Personal costs to patient. &lt;/li&gt;&#xD;&#xA;    &lt;li&gt;Maintenance of continuity of care. Patients on warfarin often have multiple other medical conditions that must be addressed along with AF. &lt;/li&gt;&#xD;&#xA;    &lt;li&gt;Ability to reach therapeutic range quickly and efficiently. &lt;/li&gt;&#xD;&#xA;    &lt;li&gt;Role of anticoagulation clinics early versus later in therapy should be considered (e.g., effect on international normalized ratio [INR] and impact on thrombosis and bleeding risk at treatment initiation). &lt;/li&gt;&#xD;&#xA;    &lt;li&gt;Need to define coordinated care (e.g., communication between care providers regarding warfarin treatment pre- and post-surgery) &lt;/li&gt;&#xD;&#xA;    &lt;li&gt;Equity issues versus patient choice and/or preference. &lt;/li&gt;&#xD;&#xA;    &lt;li&gt;Use of warfarin is associated with many barriers (some are serious, preventing some patients from electing to use warfarin). &lt;/li&gt;&#xD;&#xA;&lt;/ul&gt;&#xD;&#xA;&lt;p&gt;&lt;strong&gt;Question 2&lt;/strong&gt;: What is the role of patient self-testing (PST) and patient self-management (PSM) for the optimal management of warfarin therapy?&lt;/p&gt;&#xD;&#xA;&lt;p&gt;&lt;strong&gt;Recommendation&lt;/strong&gt;: CERC does not recommend self-management for most patients with NVAF requiring warfarin.&lt;/p&gt;&#xD;&#xA;&lt;p&gt;&lt;em&gt;Values and Preferences&lt;/em&gt;&lt;/p&gt;&#xD;&#xA;&lt;p&gt;During their deliberations, committee members identified the following considerations as important (in no order of preference):&lt;/p&gt;&#xD;&#xA;&lt;ul style=&quot;list-style-type: disc;&quot;&gt;&#xD;&#xA;    &lt;li&gt;There may be a niche for PST or PSM as part of a well-coordinated and structured approach to anticoagulation therapy with some patients (e.g., remote areas). &lt;/li&gt;&#xD;&#xA;    &lt;li&gt;There is a need to provide a choice between organized care and PST or PSM to patients. &lt;/li&gt;&#xD;&#xA;    &lt;li&gt;Carefully selected patients may be considered for PST or PSM. Access issues could make the costs acceptable. &lt;/li&gt;&#xD;&#xA;&lt;/ul&gt;&#xD;&#xA;&lt;p&gt;&lt;strong&gt;Question 3&lt;/strong&gt;: In remote areas, what types of anticoagulation management options can be recommended?&lt;/p&gt;&#xD;&#xA;&lt;p&gt;&lt;strong&gt;Statement&lt;/strong&gt;: CERC determined that there is no evidence to make a recommendation on the role of warfarin management options in remote areas.&lt;/p&gt;&#xD;&#xA;&lt;p&gt;&lt;em&gt;Values and Preferences&lt;/em&gt;&lt;/p&gt;&#xD;&#xA;&lt;p&gt;During their deliberations, committee members identified the following considerations as important (in no order of preference):&lt;/p&gt;&#xD;&#xA;&lt;ul style=&quot;list-style-type: disc;&quot;&gt;&#xD;&#xA;    &lt;li&gt;There is no evidence available to support a recommendation on this question. &lt;/li&gt;&#xD;&#xA;    &lt;li&gt;Access to warfarin management services may be limited due to cost associated with distance in remote areas. &lt;/li&gt;&#xD;&#xA;    &lt;li&gt;Remote areas are an example where PST testing may be considered. &lt;/li&gt;&#xD;&#xA;    &lt;li&gt;There may be a niche for PST or PSM as part of a well-coordinated and structured approach to anticoagulation therapy with some patients (e.g., remote areas). &lt;/li&gt;&#xD;&#xA;    &lt;li&gt;Carefully selected patients may be considered for PST or PSM. Access issues could make the costs acceptable. &lt;/li&gt;&#xD;&#xA;    &lt;li&gt;The lack of evidence regarding warfarin management options in remote areas is a major research gap. &lt;/li&gt;&#xD;&#xA;&lt;/ul&gt;&lt;/div&gt;" /></Field><Field FieldID="138" OrdBy="515" ID="423" Name="Clinical Algorithm(s)" Type="text"><FieldValue Value="&lt;div class=&quot;content_para&quot;&gt;&lt;p&gt;None provided&lt;/p&gt;&lt;/div&gt;" /></Field></Section><Section SecID="424" OrdBy="600" Name="Evidence Supporting the Recommendations"><Field FieldID="139" OrdBy="610" ID="426" Name="Type of Evidence Supporting the Recommendations" Type="text"><FieldValue Value="&lt;div class=&quot;content_para&quot;&gt;&lt;p&gt;The type of evidence supporting the recommendations is not specifically stated.&lt;/p&gt;&#xD;&#xA;&lt;p&gt;The recommendations are based on clinical evidence (health technology assessments, systematic reviews, randomized controlled trials and non-randomized trials), economic evidence, and values and preferences.&lt;/p&gt;&lt;/div&gt;" /></Field></Section><Section SecID="427" OrdBy="700" Name="Benefits/Harms of Implementing the Guideline Recommendations"><Field FieldID="152" OrdBy="705" ID="428" Name="Potential Benefits" Type="text"><FieldValue Value="&lt;div class=&quot;content_para&quot;&gt;&lt;p&gt;Optimal warfarin management for prevention of stroke, systemic embolism, and bleeding events in patients with atrial fibrillation&lt;/p&gt;&lt;/div&gt;" /></Field><Field FieldID="153" OrdBy="710" ID="429" Name="Potential Harms" Type="text"><FieldValue Value="&lt;div class=&quot;content_para&quot;&gt;&lt;p&gt;Not stated&lt;/p&gt;&lt;/div&gt;" /></Field></Section><Section SecID="432" OrdBy="900" Name="Qualifying Statements"><Field FieldID="137" OrdBy="905" ID="433" Name="Qualifying Statements" Type="text"><FieldValue Value="&lt;ul style=&quot;list-style-type: disc;&quot;&gt;&#xD;&#xA;    &lt;li&gt;The information in this report is intended to help health care decision-makers, patients, health care professionals, health systems leaders, and policy-makers make well-informed decisions and thereby improve the quality of health care services. The information in this report should not be used as a substitute for the application of clinical judgment in respect to the care of a particular patient or other professional judgment in any decision-making process, nor is it intended to replace professional medical advice. While the Canadian Agency for Drugs and Technologies in Health (CADTH) has taken care in the preparation of this report to ensure that its contents are accurate, complete, and up-to-date, CADTH does not make any guarantee to that effect. CADTH is not responsible for any errors or omissions or injury, loss, or damage arising from or as a result of the use (or misuse) of any information contained in or implied by the information in this report. &lt;/li&gt;&#xD;&#xA;    &lt;li&gt;CADTH takes sole responsibility for the final form and content of this report. The statements, conclusions, and views expressed herein do not necessarily represent the view of Health Canada or any provincial or territorial government. &lt;/li&gt;&#xD;&#xA;&lt;/ul&gt;" /></Field></Section><Section SecID="434" OrdBy="1000" Name="Implementation of the Guideline"><Field FieldID="131" OrdBy="1010" ID="436" Name="Description of Implementation Strategy" Type="text"><FieldValue Value="&lt;div class=&quot;content_para&quot;&gt;&lt;p&gt;&lt;strong&gt;The Canadian Optimal Medication Prescribing and Utilization Service (COMPUS) Expert Review Committee (CERC) Process and Perspective&lt;/strong&gt;&lt;/p&gt;&#xD;&#xA;&lt;p&gt;CERC develops recommendations and advice to contribute to optimal health outcomes and to foster a sustainable health care system for Canadians. CERC considers the practical needs of policy-makers, health care providers, and consumers in implementing and using the recommendations and advice toward the promotion of optimal practices. To assist with the interpretation of the recommendations and provide commentary relating to the evidence, key statements from CERC deliberations are noted in the original guideline document.&lt;/p&gt;&#xD;&#xA;&lt;p&gt;&lt;strong&gt;Next Steps&lt;/strong&gt;&lt;/p&gt;&#xD;&#xA;&lt;p&gt;The Optimal Use Recommendations will be widely disseminated to encourage uptake and implementation by decision-makers at various levels (e.g., policy decision-makers, health care professionals, and patients). Gaps in practice and knowledge related to the use of warfarin will be identified by comparing the final recommendations with information on current practice and utilization of these products in Canada.&lt;/p&gt;&#xD;&#xA;&lt;p&gt;Key messages to promote the optimal warfarin management for the prevention of thromboembolic events in patients with atrial fibrillation will be developed to address identified gaps in practice and knowledge. Intervention tools will be populated with the key messages and related evidence for implementation across Canada.&lt;/p&gt;&lt;/div&gt;" /></Field><Field FieldID="117" OrdBy="1015" ID="437" Name="Implementation Tools" Type="picklist-many"><FieldValue Value="Quick Reference Guides/Physician Guides" /></Field></Section><Section SecID="439" OrdBy="1100" Name="Institute of Medicine (IOM) National Healthcare Quality Report Categories"><Field FieldID="50" OrdBy="1105" ID="440" Name="IOM Care Need" Type="picklist-many"><FieldValue Value="Living with Illness" /><FieldValue Value="Staying Healthy" /></Field><Field FieldID="51" OrdBy="1110" ID="441" Name="IOM Domain" Type="picklist-many"><FieldValue Value="Effectiveness" /><FieldValue Value="Patient-centeredness" /></Field></Section><Section SecID="442" OrdBy="1200" Name="Identifying Information and Availability"><Field FieldID="97" OrdBy="1201" ID="392" Name="Bibliographic Source(s)" Type="citation"><FieldValue Value="&lt;table&gt;&lt;tr&gt;&lt;td&gt;Canadian Agency for Drugs and Technologies in Health (CADTH). Recommendations for optimal warfarin management for prevention of thromboembolic events in patients with atrial fibrillation. Ottawa (ON): Canadian Agency for Drugs and Technologies in Health (CADTH); 2011 Nov. 20 p.  [13 references]&lt;/td&gt;&lt;/tr&gt;&lt;/table&gt;" /></Field><Field FieldID="124" OrdBy="1205" ID="443" Name="Adaptation" Type="text"><FieldValue Value="&lt;div class=&quot;content_para&quot;&gt;&lt;p&gt;Not applicable: The guideline was not adapted from another source.&lt;/p&gt;&lt;/div&gt;" /></Field><Field FieldID="128" OrdBy="1215" ID="445" Name="Date Released" Type="text"><FieldValue Value="2011 Nov" /></Field><Field FieldID="158" OrdBy="1225" ID="447" Name="Guideline Developer(s)" Type="orglist-p"><FieldValue Value="Canadian Agency for Drugs and Technologies in Health - Nonprofit Organization" /></Field><Field FieldID="125" OrdBy="1235" ID="449" Name="Source(s) of Funding" Type="text"><FieldValue Value="&lt;div class=&quot;content_para&quot;&gt;&lt;p&gt;Production of this report is made possible through a financial contribution from Health Canada.&lt;/p&gt;&lt;/div&gt;" /></Field><Field FieldID="126" OrdBy="1240" ID="450" Name="Guideline Committee" Type="text"><FieldValue Value="&lt;div class=&quot;content_para&quot;&gt;&lt;p&gt;Canadian Optimal Medication Prescribing and Utilization Service (COMPUS) Expert Review Committee (CERC)&lt;/p&gt;&lt;/div&gt;" /></Field><Field FieldID="127" OrdBy="1245" ID="451" Name="Composition of Group That Authored the Guideline" Type="text"><FieldValue Value="&lt;div class=&quot;content_para&quot;&gt;&lt;p&gt;&lt;em&gt;Participating Canadian Optimal Medication Prescribing and Utilization Service (COMPUS) Expert Review Committee (CERC) Members&lt;/em&gt;: Dr. Lisa Dolovich (&lt;em&gt;Chair&lt;/em&gt;), Research Director and Associate Professor, Department of Family Medicine, McMaster University Ambulatory Care Pharmacotherapy Specialist, St. Joseph's Healthcare Hamilton, Associate Director, Centre for Evaluation of Medicines; Dr. Michael Allen, Associate Professor, Director, Evidence-based Programs, Continuing Medical Education, Dalhousie University; Dr. Michael Evans, Director, Patient Self-Management and Knowledge Support, Centre for Effective Practice, Department of Family and Community Medicine, University of Toronto; Dr. Scott Klarenbach, Associate Professor, Department of Medicine, Division of Nephrology, University of Alberta, Fellow, Institute of Health Economics; Ms. Cathy MacNutt, Public Member; Panos Petrides, Public Member; Dr. Jim Silvius, Senior Medical Director, Seniors' Health, Alberta Health Services, Associate Professor, Division of Geriatric Medicine, Department of Medicine, University of Calgary; Dr. Adil Virani, Director, Pharmacy Services, Fraser Health Authority, Associate Professor, Faculty of Pharmaceutical Sciences, University of British Columbia&lt;/p&gt;&#xD;&#xA;&lt;p&gt;&lt;em&gt;Specialist Members&lt;/em&gt;: Dr. Marc Carrier, Associate Scientist, Clinical Epidemiology, Ottawa Hospital Research Institute, Physician, Hematology (Thrombosis), The Ottawa Hospital, Assistant Professor, Department of Medicine, University of Ottawa; Dr. Agnes Y. Lee, Associate Professor of Medicine, Division of Hematology, University of British Columbia, Medical Director, Thrombosis Program, Vancouver Coastal Health, Diamond Health Care Centre; Dr. Jafna Cox, Heart and Stroke Foundation Endowed Chair in Cardiovascular Outcomes, Director of Research, Division of Cardiology, Professor, Departments of Medicine and of Community Health and Epidemiology, Dalhousie University, Staff Cardiologist, Capital Health; Dr. Anne Holbrook, Professor and Director, Division of Clinical Pharmacology and Therapeutics, Department of Medicine, McMaster University, Senior Scientist, Centre for Evaluation of Medicines, Staff Physician, St. Joseph's Healthcare Hamilton, Staff Physician, Hamilton Health Sciences; Dr. Mario Talajic, Cardiac electrophysiologist, Director, Cardiac Genetics Centre, Montreal Heart Institute, JC Edwards Professor of Medicine, Director, Specialty Training Programs, Department of Medicine, University of Montreal; Dr. Leslie Zypchen &amp;mdash; designated backup for Dr. Agnes Lee (sharing votes), Clinical Assistant Professor, Division of Hematology, University of British Columbia, Staff Hematologist, Vancouver General Hospital&lt;/p&gt;&#xD;&#xA;&lt;p&gt;&lt;em&gt;Contributors from Canadian Agency for Drugs and Technologies in Health (CADTH)&lt;/em&gt;: Mr. Chris Kamel, Clinical Research Officer; Ms. Gaetanne Murphy, Clinical Research Officer; Ms. Agnieszka Kus, Clinical Research Assistant; Ms. Kelly Farrah, Information Specialist; Ms. Heidi Staples, Clinical Research Officer; Dr. Janice Mann, Knowledge Exchange Officer; Ms. Kasia Kaluzny, Knowledge Exchange Officer; Ms. Andra Morrison, Environmental Scanning Officer; Dr. Mohammed Jabr, Health Economist; Dr. Vijay Shukla, Senior Advisor, Advancing the Science; Mr. Michel Boucher, Theme Lead, Cardiovascular and Cerebrovascular; Dr. Srabani Banerjee, Manager, Clinical Research; Dr. Chander Sehgal, Director, Formulary Reviews, Acting Director, Optimal Use and Health Technology Assessment; Mr. Denis Belanger, Director, Impact, Partnership and Outreach&lt;/p&gt;&lt;/div&gt;" /></Field><Field FieldID="147" OrdBy="1250" ID="452" Name="Financial Disclosures/Conflicts of Interest" Type="text"><FieldValue Value="&lt;div class=&quot;content_para&quot;&gt;&lt;p&gt;No members declared any conflicts of interest. Conflict of Interest Guidelines are posted on the &lt;a href=&quot;http://www.cadth.ca/&quot; title=&quot;Canadian Agency for Drugs and Technologies in Health (CADTH) Web site&quot;&gt;Canadian Agency for Drugs and Technologies in Health (CADTH) Web site&lt;/a&gt;.&lt;/p&gt;&lt;/div&gt;" /></Field><Field FieldID="120" OrdBy="1256" ID="393" Name="Guideline Status" Type="text"><FieldValue Value="&lt;div class=&quot;content_para&quot;&gt;&lt;p&gt;This is the current release of the guideline.&lt;/p&gt;&lt;/div&gt;" /></Field><Field FieldID="118" OrdBy="1260" ID="454" Name="Guideline Availability" Type="text"><FieldValue Value="&lt;div class=&quot;content_para&quot;&gt;&lt;p&gt;Electronic copies: Available in Portable Document Format (PDF) from the &lt;a href=&quot;http://www.cadth.ca/media/pdf/OP0508_warfarin_rec-report_e.pdf&quot; title=&quot;Canadian Agency for Drugs and Technologies in Health (CADTH) Web site&quot;&gt;Canadian Agency for Drugs and Technologies in Health (CADTH) Web site&lt;/a&gt;.&lt;/p&gt;&lt;/div&gt;" /></Field><Field FieldID="119" OrdBy="1265" ID="455" Name="Availability of Companion Documents" Type="text"><FieldValue Value="&lt;div class=&quot;content_para&quot;&gt;&lt;p&gt;The following are available:&lt;/p&gt;&#xD;&#xA;&lt;ul style=&quot;list-style-type: disc;&quot;&gt;&#xD;&#xA;    &lt;li&gt;Optimal warfarin management for the prevention of thromboembolic events in patients with atrial fibrillation: a systematic review of the clinical evidence. Ottawa (ON): Canadian Agency for Drugs and Technology in Health (CADTH); 2011 Nov. 44 p. Electronic copies: Available in Portable Document Format (PDF) from the &lt;a href=&quot;http://www.cadth.ca/media/pdf/OP0508_warfarin-science-report-1_clinical_e.pdf&quot; title=&quot;Canadian Agency for Drugs and Technology in Health (CADTH) Web site&quot;&gt;Canadian Agency for Drugs and Technology in Health (CADTH) Web site&lt;/a&gt;. &lt;/li&gt;&#xD;&#xA;    &lt;li&gt;Optimal warfarin management for the prevention of thromboembolic events in patients with atrial fibrillation: review of Canadian economic studies. Ottawa (ON): Canadian Agency for Drugs and Technology in Health (CADTH); 2011 Nov. 27 p. Electronic copies: Available in PDF from the &lt;a href=&quot;http://www.cadth.ca/media/pdf/OP0508_warfarin_science-report-2_cost_e.pdf&quot; title=&quot;Canadian Agency for Drugs and Technology in Health (CADTH) Web site&quot;&gt;CADTH Web site&lt;/a&gt;. &lt;/li&gt;&#xD;&#xA;    &lt;li&gt;Optimal warfarin management for the prevention of thromboembolic events in patients with atrial fibrillation: warfarin management in patients with atrial fibrillation &amp;mdash; current practice study. Ottawa (ON): Canadian Agency for Drugs and Technology in Health (CADTH); 2012 Mar. 87 p. Electronic copies: Available in PDF from the &lt;a href=&quot;http://www.cadth.ca/media/pdf/OP0508_Warfarin_Current_Practice_report_e.pdf&quot; title=&quot;Canadian Agency for Drugs and Technology in Health (CADTH) Web site&quot;&gt;CADTH Web site&lt;/a&gt;. &lt;/li&gt;&#xD;&#xA;    &lt;li&gt;Optimal warfarin management for the prevention of thromboembolic events in patients with atrial fibrillation: optimal use project in brief. Ottawa (ON): Canadian Agency for Drugs and Technology in Health (CADTH); 2011 Dec. 1 p. Electronic copies: Available in PDF from the &lt;a href=&quot;http://www.cadth.ca/media/pdf/OP0508_Warfarin_PiB_e.pdf&quot; title=&quot;Canadian Agency for Drugs and Technology in Health (CADTH) Web site&quot;&gt;CADTH Web site&lt;/a&gt;. &lt;/li&gt;&#xD;&#xA;&lt;/ul&gt;&lt;/div&gt;" /></Field><Field FieldID="143" OrdBy="1275" ID="457" Name="Patient Resources" Type="text"><FieldValue Value="&lt;div class=&quot;content_para&quot;&gt;&lt;p&gt;None available&lt;/p&gt;&lt;/div&gt;" /></Field><Field FieldID="142" OrdBy="1280" ID="458" Name="NGC Status" Type="text"><FieldValue Value="&lt;div class=&quot;content_para&quot;&gt;&lt;p&gt;This NGC summary was completed by ECRI Institute on January 16, 2013. The information was verified by the guideline developer on March 6, 2013.&lt;/p&gt;&lt;/div&gt;" /></Field><Field FieldID="141" OrdBy="1290" ID="460" Name="Copyright Statement" Type="text"><FieldValue Value="&lt;div class=&quot;content_para&quot;&gt;&lt;p&gt;This report may be reproduced for non-commercial purposes only, and provided appropriate credit is given to Canadian Agency for Drugs and Technologies in Health (CADTH).&lt;/p&gt;&lt;/div&gt;" /></Field></Section><Section SecID="99999" OrdBy="99999" Name="Disclaimer"><Field FieldID="99999" OrdBy="99999" ID="99999" Name="NGC Disclaimer" Type="text"><FieldValue Value="&lt;p&gt;The National Guideline Clearinghouse™ (NGC) does not develop, produce, approve, or endorse the guidelines represented on this site.&lt;/p&gt; &#xD;&#xA;&lt;p&gt;All guidelines summarized by NGC and hosted on our site are produced under the auspices of medical specialty societies, relevant professional associations, public or private organizations, other government agencies, health care organizations or plans, and similar entities.&lt;/p&gt; &#xD;&#xA;&lt;p&gt;Guidelines represented on the NGC Web site are submitted by guideline developers, and are screened solely to determine that they meet the NGC Inclusion Criteria which may be found at &lt;a href=&quot;/about/inclusion-criteria.aspx&quot;&gt;http://www.guideline.gov/about/inclusion-criteria.aspx&lt;/a&gt;.&lt;/p&gt; &#xD;&#xA;&lt;p&gt;NGC, AHRQ, and its contractor ECRI Institute make no warranties concerning the content or clinical efficacy or effectiveness of the clinical practice guidelines and related materials represented on this site. Moreover, the views and opinions of developers or authors of guidelines represented on this site do not necessarily state or reflect those of NGC, AHRQ, or its contractor ECRI Institute, and inclusion or hosting of guidelines in NGC may not be used for advertising or commercial endorsement purposes.&lt;/p&gt; &#xD;&#xA;&lt;p&gt;Readers with questions regarding guideline content are directed to contact the guideline developer.&lt;/p&gt;" /></Field></Section></Version>
