<Version><xmlsource>This XML content was developed by AHRQ's contractor ECRI Institute for the National Guideline Clearinghouse (NGC).</xmlsource><Section SecID="390" OrdBy="100" Name="General"><Field FieldID="161" OrdBy="105" ID="391" Name="Guideline Title" Type="text"><FieldValue Value="&lt;div class=&quot;content_title&quot;&gt;Stroke recognition and pre-hospital care. In: Clinical guidelines for stroke management 2010.&lt;/div&gt;" /></Field><Field FieldID="97" OrdBy="110" ID="392" Name="Bibliographic Source(s)" Type="citation"><FieldValue Value="&lt;table&gt;&lt;tr&gt;&lt;td&gt;Stroke recognition and pre-hospital care. In: Clinical guidelines for stroke management 2010. Melbourne (Australia): National Stroke Foundation; 2010 Sep. p. 50-1.&lt;/td&gt;&lt;/tr&gt;&lt;/table&gt;" /></Field><Field FieldID="120" OrdBy="115" ID="393" Name="Guideline Status" Type="text"><FieldValue Value="&lt;div class=&quot;content_para&quot;&gt;&lt;p&gt;This is the current release of the guideline.&lt;/p&gt;&#xD;&#xA;&lt;p&gt;This guideline updates a previous version: Pre-hospital care. In: National Stroke Foundation. Clinical guidelines for acute stroke management. Melbourne (Australia): National Stroke Foundation; 2007 Oct. p. 16.&lt;/p&gt;&lt;/div&gt;" /></Field><Field Name ="UMLS Concepts"><FieldValue Value="ICD9CM: Cerebral artery occlusion, unspecified with cerebral infarction  (434.91); Cerebral artery occlusion, unspecified without mention of cerebral infarction  (434.90); Neurologic examination  (89.13); Unspecified intracranial hemorrhage  (432.9); Unspecified transient cerebral ischemia  (435.9)"/><FieldValue Value="MSH: Ambulances ; Brain Ischemia ; Emergency Medical Services ; Hospital Units ; Inservice Training ; Intracranial Hemorrhages ; Ischemic Attack, Transient ; Neurologic Examination ; Patient Education as Topic ; Stroke ; Transportation of Patients ; Triage "/><FieldValue Value="MTH: Ambulances ; Brain hemorrhage ; Brain Ischemia ; Cerebrovascular accident ; Emergency medical service ; Inservice Training ; Ischemic stroke ; Neurologic Examination ; Patient education (procedure) ; Transient Cerebral Ischemia ; Transient Ischemic Attack ; Triage "/><FieldValue Value="SNOMEDCT_US: Ambulance  (49122002); Cerebral artery occlusion  (20059004); Cerebrovascular accident  (230690007); Emergency medical services  (409971007); Intracranial hemorrhage  (1386000); Ischemic encephalopathy  (389100007); Ischemic stroke  (422504002); Neurological assessment  (225398001); Neurological assessment  (84728005); Patient education  (311401005); Pre-admission assessment  (406153003); Pre-hospital care  (409972000); Stroke unit  (309966001); Transient cerebral ischemia  (266257000); Triage  (225390008)"/><FieldValue Value="UMD: Ambulances  (10-085)"/></Field></Section><Section SecID="396" OrdBy="300" Name="Scope"><Field FieldID="140" OrdBy="305" ID="397" Name="Disease/Condition(s)" Type="text"><FieldValue Value="&lt;ul style=&quot;list-style-type: disc;&quot;&gt;&#xD;&#xA;    &lt;li&gt;Stroke &lt;/li&gt;&#xD;&#xA;    &lt;li&gt;Transient ischaemic attack (TIA) &lt;/li&gt;&#xD;&#xA;&lt;/ul&gt;&#xD;&#xA;&lt;p class=&quot;Note&quot;&gt;&lt;strong&gt;Note&lt;/strong&gt;: These guidelines do not cover:&lt;/p&gt;&#xD;&#xA;&lt;ul class=&quot;contentListFont&quot;&gt;&#xD;&#xA;    &lt;li&gt;Subarachnoid haemorrhage &lt;/li&gt;&#xD;&#xA;    &lt;li&gt;Stroke in infants, children and youth (i.e., &amp;lt;18 years old), or &lt;/li&gt;&#xD;&#xA;    &lt;li&gt;Primary prevention of stroke (refer to Guidelines for the assessment of absolute cardiovascular disease risk 2009) &lt;/li&gt;&#xD;&#xA;&lt;/ul&gt;" /></Field><Field FieldID="103" OrdBy="310" ID="398" Name="Guideline Category" Type="picklist-many"><FieldValue Value="Counseling" /><FieldValue Value="Evaluation" /><FieldValue Value="Management" /></Field><Field FieldID="113" OrdBy="315" ID="399" Name="Clinical Specialty" Type="picklist-many"><FieldValue Value="Emergency Medicine" /><FieldValue Value="Neurology" /><FieldValue Value="Preventive Medicine" /></Field><Field FieldID="114" OrdBy="320" ID="400" Name="Intended Users" Type="picklist-many"><FieldValue Value="Allied Health Personnel" /><FieldValue Value="Emergency Medical Technicians/Paramedics" /><FieldValue Value="Health Plans" /><FieldValue Value="Hospitals" /><FieldValue Value="Patients" /><FieldValue Value="Physician Assistants" /><FieldValue Value="Physicians" /></Field><Field FieldID="129" OrdBy="325" ID="401" Name="Guideline Objective(s)" Type="text"><FieldValue Value="&lt;div class=&quot;content_para&quot;&gt;&lt;p&gt;To provide evidence-based recommendations related to recovery from stroke and transient ischaemic attack (TIA) to assist decision-making based on the best evidence available at the time of development&lt;/p&gt;&lt;/div&gt;" /></Field><Field FieldID="132" OrdBy="330" ID="402" Name="Target Population" Type="text"><FieldValue Value="&lt;div class=&quot;content_para&quot;&gt;&lt;p&gt;Adults (18 years or older) with stroke or transient ischemic attack (TIA) symptoms&lt;/p&gt;&lt;/div&gt;" /></Field><Field FieldID="133" OrdBy="335" ID="403" Name="Interventions and Practices Considered" Type="text"><FieldValue Value="&lt;div class=&quot;content_para&quot;&gt;&lt;p&gt;&lt;strong&gt;Diagnosis/Evaluation&lt;/strong&gt;&lt;/p&gt;&#xD;&#xA;&lt;p&gt;Pre-hospital assessment using validated screening tools&lt;/p&gt;&#xD;&#xA;&lt;p&gt;&lt;strong&gt;Management&lt;/strong&gt;&lt;/p&gt;&#xD;&#xA;&lt;ol style=&quot;list-style-type: decimal;&quot;&gt;&#xD;&#xA;    &lt;li&gt;Education of the general public on recognition of stroke &lt;/li&gt;&#xD;&#xA;    &lt;li&gt;Prioritization of ambulance service triage for transportation of stroke patient &lt;/li&gt;&#xD;&#xA;    &lt;li&gt;Prenotification of stroke patient transport &lt;/li&gt;&#xD;&#xA;    &lt;li&gt;Transportation to hospital with a stroke unit &lt;/li&gt;&#xD;&#xA;&lt;/ol&gt;&lt;/div&gt;" /></Field><Field FieldID="134" OrdBy="340" ID="404" Name="Major Outcomes Considered" Type="text"><FieldValue Value="&lt;ul style=&quot;list-style-type: disc;&quot;&gt;&#xD;&#xA;    &lt;li&gt;Delays to hospital presentation&lt;/li&gt;&#xD;&#xA;    &lt;li&gt;Number of stroke presentations to emergency department&lt;/li&gt;&#xD;&#xA;    &lt;li&gt;Diagnostic accuracy &lt;/li&gt;&#xD;&#xA;&lt;/ul&gt;" /></Field></Section><Section SecID="405" OrdBy="400" Name="Methodology"><Field FieldID="109" OrdBy="405" ID="406" Name="Methods Used to Collect/Select the Evidence" Type="picklist-many"><FieldValue Value="Hand-searches of Published Literature (Primary Sources)" /><FieldValue Value="Hand-searches of Published Literature (Secondary Sources)" /><FieldValue Value="Searches of Electronic Databases" /></Field><Field FieldID="135" OrdBy="410" ID="407" Name="Description of Methods Used to Collect/Select the Evidence" Type="text"><FieldValue Value="&lt;div class=&quot;content_para&quot;&gt;&lt;p&gt;&lt;strong&gt;Finding Relevant Studies&lt;/strong&gt;&lt;/p&gt;&#xD;&#xA;&lt;p&gt;Systematic identification of relevant studies was conducted between May and August 2009. An external consultant undertook all the electronic database searches. EMBASE, Medline and Cochrane databases were used for all questions. CINAHL and PsycINFO databases were searched where relevant (e.g., questions relating to rehabilitation, discharge planning or long-term recovery). The PEDro database was used by the National Stroke Foundation (NSF) project team to check studies related to physical therapy. A second updated search of the literature up to February 19, 2010 using Medline and EMBASE databases was conducted. Updated Cochrane reviews were also searched and included.&lt;/p&gt;&#xD;&#xA;&lt;p&gt;Where the questions were the same as those used in the previous acute management guidelines (2007), the literature was searched from the beginning of 2007. Where the questions were the same as those used in the previous rehabilitation guidelines (2005), the literature was searched from the beginning of 2005. For topics not previously addressed, searches were carried out from 1966 onwards.&lt;/p&gt;&#xD;&#xA;&lt;p&gt;Searching of EMBASE, Medline and Cochrane libraries was conducted in four broad steps:&lt;/p&gt;&#xD;&#xA;&lt;ol style=&quot;list-style-type: decimal;&quot;&gt;&#xD;&#xA;    &lt;li&gt;Terms for the patient group were abridged from the Cochrane Collaboration's Stroke Group. &lt;/li&gt;&#xD;&#xA;    &lt;li&gt;A second search term specific to the particular question (i.e., specific terms relevant to an intervention or assessment) was added. &lt;/li&gt;&#xD;&#xA;    &lt;li&gt;Relevant evidence filters (Cochrane sensitive filter or Medline diagnostic filter) were applied. &lt;/li&gt;&#xD;&#xA;    &lt;li&gt;If the search was for an update to an authoritative meta-analysis (NSF or other), it was limited to the years after the relevant document was published. &lt;/li&gt;&#xD;&#xA;&lt;/ol&gt;&#xD;&#xA;&lt;p&gt;Search strategies are available from the NSF. Table A2.1 in the original guideline document outlines the number of articles found for each of the nine broad topic areas.&lt;/p&gt;&#xD;&#xA;&lt;p&gt;A total of 39,930 potential articles were identified up until August 2009 and an additional 7337 at February 2010. Reference lists of identified articles and other guidelines were then used to identify further studies. Existing international guidelines identified and used included those published by the Scottish Intercollegiate Guidelines Network (SIGN), the National Institute for Health and Clinical Excellence UK, the Royal College of Physicians (London, UK), the Canadian Stroke Network and the Heart and Stroke Foundation of Canada, the American Heart/Stroke Association and the European Stroke Organisation. Correspondence with SIGN identified overlapping topics that had recently been systematically searched by SIGN and hence this information was kindly provided and used for several rehabilitation-related topics. A number of key journals were also searched by hand from October 2009 to March 2010: &lt;em&gt;Stroke, Cerebrovascular Disease, Lancet (&lt;/em&gt;and &lt;em&gt;Lancet Neurology),&lt;/em&gt; and &lt;em&gt;Archives of Physical Medicine and Rehabilitation&lt;/em&gt;. Further, an internet search was undertaken (using the 'Google' search engine). Finally, where possible, experts in the field were contacted to review the identified studies and suggest other new studies not yet identified.&lt;/p&gt;&#xD;&#xA;&lt;p&gt;One reviewer initially scanned the titles and available abstracts of all studies identified by the searches and excluded any clearly irrelevant studies. Based on the titles and abstracts of the remaining studies, two reviewers assessed and selected potentially eligible studies using the following inclusion criteria:&lt;/p&gt;&#xD;&#xA;&lt;ul style=&quot;list-style-type: disc;&quot;&gt;&#xD;&#xA;    &lt;li&gt;Type of study. Relevant systematic reviews were first identified. Where no systematic review was found, randomized controlled trials (RCTs) were searched. If there was a sparsity of Level I or Level II evidence, the search was expanded to consider lower levels of evidence. &lt;/li&gt;&#xD;&#xA;    &lt;li&gt;Type of participant. Initially only studies which included adults (&amp;gt;18 years) with stroke or transient ischaemic attack (TIA) were included. Studies in other related populations (e.g., general elderly population or those with traumatic brain injury) were then included if the particular intervention was deemed to be transferable to those with stroke. &lt;/li&gt;&#xD;&#xA;    &lt;li&gt;Language. Only studies published in English were used. &lt;/li&gt;&#xD;&#xA;&lt;/ul&gt;&#xD;&#xA;&lt;p&gt;Disagreements on inclusion of particular studies were resolved by consensus. If necessary a relevant member of the expert working group (EWG) provided a third and final vote.&lt;/p&gt;&#xD;&#xA;&lt;p&gt;In addition to the initial searches, economic literature was searched via the Australian Medical Index, Econlit, EMBASE, Medline, Health Technology Assessment, and National Health Service (NHS) Economic Evaluation Databases. Searches were carried out from the beginning of 2005 to identify papers published after the rehabilitation guidelines (2005). A total of 1033 references were retrieved after de-duplication (Table A2.2 in the original guideline document). One person initially reviewed all references and selected 44 potentially relevant articles. These abstracts were scrutinised by two people and 35 appropriate papers were retrieved and reviewed.&lt;/p&gt;&lt;/div&gt;" /></Field><Field FieldID="136" OrdBy="415" ID="408" Name="Number of Source Documents" Type="text"><FieldValue Value="&lt;div class=&quot;content_para&quot;&gt;&lt;p&gt;35 appropriate papers were retrieved.&lt;/p&gt;&lt;/div&gt;" /></Field><Field FieldID="115" OrdBy="420" ID="409" Name="Methods Used to Assess the Quality and Strength of the Evidence" Type="picklist-choice"><FieldValue Value="Expert Consensus" /><FieldValue Value="Weighting According to a Rating Scheme (Scheme Given)" /></Field><Field FieldID="149" OrdBy="425" ID="410" Name="Rating Scheme for the Strength of the Evidence" Type="text"><FieldValue Value="&lt;div class=&quot;content_para&quot;&gt;&lt;p&gt;&lt;strong&gt;Designation of Levels of Evidence According to Type of Research Question&lt;/strong&gt;&lt;/p&gt;&#xD;&#xA;&lt;table border=&quot;1&quot; cellspacing=&quot;1&quot; summary=&quot;Designation of Levels of Evidence According to Type of Research Question&quot; cellpadding=&quot;3&quot;&gt;&#xD;&#xA;    &lt;thead&gt;&#xD;&#xA;        &lt;tr&gt;&#xD;&#xA;            &lt;th class=&quot;Center&quot; valign=&quot;top&quot;&gt;Level&lt;/th&gt;&#xD;&#xA;            &lt;th class=&quot;Center&quot; valign=&quot;top&quot;&gt;Intervention&lt;/th&gt;&#xD;&#xA;            &lt;th class=&quot;Center&quot; valign=&quot;top&quot;&gt;Diagnosis&lt;/th&gt;&#xD;&#xA;            &lt;th class=&quot;Center&quot; valign=&quot;top&quot;&gt;Prognosis&lt;/th&gt;&#xD;&#xA;            &lt;th class=&quot;Center&quot; valign=&quot;top&quot;&gt;Aetiology&lt;/th&gt;&#xD;&#xA;            &lt;th class=&quot;Center&quot; valign=&quot;top&quot;&gt;Screening&lt;/th&gt;&#xD;&#xA;        &lt;/tr&gt;&#xD;&#xA;    &lt;/thead&gt;&#xD;&#xA;    &lt;tbody&gt;&#xD;&#xA;        &lt;tr&gt;&#xD;&#xA;            &lt;td valign=&quot;top&quot;&gt;I&lt;/td&gt;&#xD;&#xA;            &lt;td valign=&quot;top&quot;&gt;A systematic review of Level II studies&lt;/td&gt;&#xD;&#xA;            &lt;td valign=&quot;top&quot;&gt;A systematic review of Level II studies&lt;/td&gt;&#xD;&#xA;            &lt;td valign=&quot;top&quot;&gt;A systematic review of Level II studies&lt;/td&gt;&#xD;&#xA;            &lt;td valign=&quot;top&quot;&gt;A systematic review of Level II studies&lt;/td&gt;&#xD;&#xA;            &lt;td valign=&quot;top&quot;&gt;A systematic review of Level II studies&lt;/td&gt;&#xD;&#xA;        &lt;/tr&gt;&#xD;&#xA;        &lt;tr&gt;&#xD;&#xA;            &lt;td valign=&quot;top&quot;&gt;II&lt;/td&gt;&#xD;&#xA;            &lt;td valign=&quot;top&quot;&gt;A randomised controlled trial&lt;/td&gt;&#xD;&#xA;            &lt;td valign=&quot;top&quot;&gt;A study of test accuracy with: an independent, blinded comparison with a valid reference standard, among consecutive patients with a defined clinical presentation&lt;/td&gt;&#xD;&#xA;            &lt;td valign=&quot;top&quot;&gt;A prospective cohort study&lt;/td&gt;&#xD;&#xA;            &lt;td valign=&quot;top&quot;&gt;A prospective cohort study&lt;/td&gt;&#xD;&#xA;            &lt;td valign=&quot;top&quot;&gt;A randomised controlled trial&lt;/td&gt;&#xD;&#xA;        &lt;/tr&gt;&#xD;&#xA;        &lt;tr&gt;&#xD;&#xA;            &lt;td valign=&quot;top&quot;&gt;III-1&lt;/td&gt;&#xD;&#xA;            &lt;td valign=&quot;top&quot;&gt;A pseudo-randomised controlled trial (i.e., alternate allocation or some other method)&lt;/td&gt;&#xD;&#xA;            &lt;td valign=&quot;top&quot;&gt;A study of test accuracy with: an independent, blinded comparison with a valid reference standard, among consecutive patients with a defined clinical presentation&lt;/td&gt;&#xD;&#xA;            &lt;td valign=&quot;top&quot;&gt;All or none&lt;/td&gt;&#xD;&#xA;            &lt;td valign=&quot;top&quot;&gt;All or none&lt;/td&gt;&#xD;&#xA;            &lt;td valign=&quot;top&quot;&gt;A pseudo-randomised controlled trial (i.e., alternate allocation or some other method)&lt;/td&gt;&#xD;&#xA;        &lt;/tr&gt;&#xD;&#xA;        &lt;tr&gt;&#xD;&#xA;            &lt;td valign=&quot;top&quot;&gt;III-2&lt;/td&gt;&#xD;&#xA;            &lt;td valign=&quot;top&quot;&gt;A comparative study with concurrent controls:&#xD;&#xA;            &lt;ul style=&quot;list-style-type: disc;&quot;&gt;&#xD;&#xA;                &lt;li&gt;Non-randomised experimental trial &lt;/li&gt;&#xD;&#xA;                &lt;li&gt;Cohort study &lt;/li&gt;&#xD;&#xA;                &lt;li&gt;Case-control study &lt;/li&gt;&#xD;&#xA;                &lt;li&gt;Interrupted time series without a parallel control group &lt;/li&gt;&#xD;&#xA;            &lt;/ul&gt;&#xD;&#xA;            &lt;/td&gt;&#xD;&#xA;            &lt;td valign=&quot;top&quot;&gt;A comparison with a reference standard that does not meet the criteria required for Level II and Level III-1 evidence&lt;/td&gt;&#xD;&#xA;            &lt;td valign=&quot;top&quot;&gt;Analysis of prognostic factors amongst untreated control patients in a randomised controlled trial&lt;/td&gt;&#xD;&#xA;            &lt;td valign=&quot;top&quot;&gt;A retrospective cohort study&lt;/td&gt;&#xD;&#xA;            &lt;td valign=&quot;top&quot;&gt;A comparative study with concurrent controls:&#xD;&#xA;            &lt;ul style=&quot;list-style-type: disc;&quot;&gt;&#xD;&#xA;                &lt;li&gt;Nonrandomised, experimental trial &lt;/li&gt;&#xD;&#xA;                &lt;li&gt;Cohort study &lt;/li&gt;&#xD;&#xA;                &lt;li&gt;Case-control study &lt;/li&gt;&#xD;&#xA;            &lt;/ul&gt;&#xD;&#xA;            &lt;/td&gt;&#xD;&#xA;        &lt;/tr&gt;&#xD;&#xA;        &lt;tr&gt;&#xD;&#xA;            &lt;td valign=&quot;top&quot;&gt;III-3&lt;/td&gt;&#xD;&#xA;            &lt;td valign=&quot;top&quot;&gt;A comparative study without concurrent controls:&#xD;&#xA;            &lt;ul style=&quot;list-style-type: disc;&quot;&gt;&#xD;&#xA;                &lt;li&gt;Historical control study &lt;/li&gt;&#xD;&#xA;                &lt;li&gt;Two or more single arm studies &lt;/li&gt;&#xD;&#xA;                &lt;li&gt;Interrupted time series without a parallel control group &lt;/li&gt;&#xD;&#xA;            &lt;/ul&gt;&#xD;&#xA;            &lt;/td&gt;&#xD;&#xA;            &lt;td valign=&quot;top&quot;&gt;Diagnostic case-control study&lt;/td&gt;&#xD;&#xA;            &lt;td valign=&quot;top&quot;&gt;A retrospective cohort study&lt;/td&gt;&#xD;&#xA;            &lt;td valign=&quot;top&quot;&gt;A case-control study&lt;/td&gt;&#xD;&#xA;            &lt;td valign=&quot;top&quot;&gt;A comparative study without concurrent controls:&#xD;&#xA;            &lt;ul style=&quot;list-style-type: disc;&quot;&gt;&#xD;&#xA;                &lt;li&gt;Historical control study &lt;/li&gt;&#xD;&#xA;                &lt;li&gt;Two or more single arm studies &lt;/li&gt;&#xD;&#xA;            &lt;/ul&gt;&#xD;&#xA;            &lt;/td&gt;&#xD;&#xA;        &lt;/tr&gt;&#xD;&#xA;        &lt;tr&gt;&#xD;&#xA;            &lt;td valign=&quot;top&quot;&gt;IV&lt;/td&gt;&#xD;&#xA;            &lt;td valign=&quot;top&quot;&gt;Case series with either post-test or pre-test/post-test outcomes&lt;/td&gt;&#xD;&#xA;            &lt;td valign=&quot;top&quot;&gt;Study of diagnostic yield (no reference standard)&lt;/td&gt;&#xD;&#xA;            &lt;td valign=&quot;top&quot;&gt;Case series or cohort study of patients at different stages of disease&lt;/td&gt;&#xD;&#xA;            &lt;td valign=&quot;top&quot;&gt;A cross-sectional study&lt;/td&gt;&#xD;&#xA;            &lt;td valign=&quot;top&quot;&gt;Case series&lt;/td&gt;&#xD;&#xA;        &lt;/tr&gt;&#xD;&#xA;    &lt;/tbody&gt;&#xD;&#xA;&lt;/table&gt;&lt;/div&gt;" /></Field><Field FieldID="116" OrdBy="430" ID="411" Name="Methods Used to Analyze the Evidence" Type="picklist-many"><FieldValue Value="Review of Published Meta-Analyses" /><FieldValue Value="Systematic Review with Evidence Tables" /></Field><Field FieldID="150" OrdBy="435" ID="412" Name="Description of the Methods Used to Analyze the Evidence" Type="text"><FieldValue Value="&lt;div class=&quot;content_para&quot;&gt;&lt;p&gt;&lt;strong&gt;Appraising the Selected Studies&lt;/strong&gt;&lt;/p&gt;&#xD;&#xA;&lt;p&gt;A standardised appraisal process was used based on forms adapted from the Guidelines International Network and Scottish Intercollegiate Guideline Network (SIGN). Where available, appraisals already undertaken by SIGN for the rehabilitation section were used to avoid duplication. The standardised appraisal form assesses the level of evidence (design and issues of quality), size of effect, relevance, applicability (benefits/harms) and generalisability of studies. Examples of completed checklists can be obtained from the National Stroke Foundation (NSF). Evidence for diagnostic and prognostic studies was also appraised using the SIGN methodology.&lt;/p&gt;&#xD;&#xA;&lt;p&gt;&lt;strong&gt;Summarising and Synthesising the Evidence&lt;/strong&gt;&lt;/p&gt;&#xD;&#xA;&lt;p&gt;Details of relevant studies were summarised in evidence tables which form a supplement to this document and can be downloaded from the NSF website (&lt;a href=&quot;http://www.strokefoundation.com.au/&quot; title=&quot;NSF Australia Web site&quot;&gt;www.strokefoundation.com.au&lt;/a&gt;).&lt;/p&gt;&#xD;&#xA;&lt;p&gt;To assist in the formulation of recommendations for each question, the National Health and Medical Research Council (NMHRC) Grades process (2008&amp;ndash;2010) was applied. No pooling of data or meta-analysis was undertaken during the evidence synthesis process.&lt;/p&gt;&lt;/div&gt;" /></Field><Field FieldID="112" OrdBy="440" ID="413" Name="Methods Used to Formulate the Recommendations" Type="picklist-choice"><FieldValue Value="Expert Consensus" /><FieldValue Value="Informal Consensus" /></Field><Field FieldID="145" OrdBy="445" ID="414" Name="Description of Methods Used to Formulate the Recommendations" Type="text"><FieldValue Value="&lt;div class=&quot;content_para&quot;&gt;&lt;p&gt;These guidelines were developed according to standards outlined by the National Health and Medical Research Council (NHMRC).&lt;/p&gt;&#xD;&#xA;&lt;p&gt;&lt;strong&gt;Question Formulation&lt;/strong&gt;&lt;/p&gt;&#xD;&#xA;&lt;p&gt;Clinical questions used for previous guidelines were reviewed and duplication removed. A draft set of questions was developed by the National Stroke Foundation (NSF) project team and circulated to the expert working group (EWG). The EWG agreed on one hundred and thirty-four (134) specific clinical questions addressing interventions relevant to stroke care. The questions generally queried the effects of a specific intervention and were developed in three parts: the intervention, the outcomes and the population, for example, 'What is the effect of anticonvulsant therapy on reducing seizures in people with post-stroke seizures?' In this example, anticonvulsant therapy is the intervention, reduction of post-stroke seizures is the outcome, and the population is people with post-stroke seizures. The list of questions is available from the NSF.&lt;/p&gt;&#xD;&#xA;&lt;p&gt;&lt;strong&gt;Summarising and Synthesising the Evidence&lt;/strong&gt;&lt;/p&gt;&#xD;&#xA;&lt;p&gt;For each question, the NSF project team developed a draft recommendation based on the NHMRC matrix (Table A2.3 in the original guideline document). These recommendations were subsequently discussed and agreed on by the EWG. Final decisions were made by informal group processes after open discussion facilitated by the co-chairs. The recommended grading matrix was used to guide the strength or grading of the recommendation (Table A2.4 in the original guideline document).&lt;/p&gt;&#xD;&#xA;&lt;p&gt;Following agreement on recommendations, the NSF project team drafted the body of the guidelines which included a brief discussion of the evidence and other relevant factors such as the current gaps in practice as outlined in the most recent National Stroke Audits or considerations regarding implementation. Early drafts were circulated for comment by the EWG and amended before release for public consultation.&lt;/p&gt;&lt;/div&gt;" /></Field><Field FieldID="146" OrdBy="450" ID="415" Name="Rating Scheme for the Strength of the Recommendations" Type="text"><FieldValue Value="&lt;div class=&quot;content_para&quot;&gt;&lt;p&gt;&lt;strong&gt;Grading of Recommendations&lt;/strong&gt;&lt;/p&gt;&#xD;&#xA;&lt;table border=&quot;1&quot; cellspacing=&quot;1&quot; summary=&quot;Table: Grades of Recommendations&quot; cellpadding=&quot;3&quot;&gt;&#xD;&#xA;    &lt;thead&gt;&#xD;&#xA;        &lt;tr&gt;&#xD;&#xA;            &lt;th class=&quot;Center&quot; valign=&quot;top&quot;&gt;Grade&lt;/th&gt;&#xD;&#xA;            &lt;th class=&quot;Center&quot; valign=&quot;top&quot;&gt;Description&lt;/th&gt;&#xD;&#xA;        &lt;/tr&gt;&#xD;&#xA;    &lt;/thead&gt;&#xD;&#xA;    &lt;tbody&gt;&#xD;&#xA;        &lt;tr&gt;&#xD;&#xA;            &lt;th class=&quot;Center&quot; valign=&quot;top&quot;&gt;A&lt;/th&gt;&#xD;&#xA;            &lt;td valign=&quot;top&quot;&gt;Body of evidence can be trusted to guide practice&lt;/td&gt;&#xD;&#xA;        &lt;/tr&gt;&#xD;&#xA;        &lt;tr&gt;&#xD;&#xA;            &lt;th class=&quot;Center&quot; valign=&quot;top&quot;&gt;B&lt;/th&gt;&#xD;&#xA;            &lt;td valign=&quot;top&quot;&gt;Body of evidence can be trusted to guide practice in most situations&lt;/td&gt;&#xD;&#xA;        &lt;/tr&gt;&#xD;&#xA;        &lt;tr&gt;&#xD;&#xA;            &lt;th class=&quot;Center&quot; valign=&quot;top&quot;&gt;C&lt;/th&gt;&#xD;&#xA;            &lt;td valign=&quot;top&quot;&gt;Body of evidence provides some support for recommendation(s) but care should be taken in its application&lt;/td&gt;&#xD;&#xA;        &lt;/tr&gt;&#xD;&#xA;        &lt;tr&gt;&#xD;&#xA;            &lt;th class=&quot;Center&quot; valign=&quot;top&quot;&gt;D&lt;/th&gt;&#xD;&#xA;            &lt;td valign=&quot;top&quot;&gt;Body of evidence is weak and recommendation must be applied with caution&lt;/td&gt;&#xD;&#xA;        &lt;/tr&gt;&#xD;&#xA;        &lt;tr&gt;&#xD;&#xA;            &lt;th class=&quot;Center&quot; valign=&quot;top&quot;&gt;Good Practice Point (GPP)&lt;/th&gt;&#xD;&#xA;            &lt;td valign=&quot;top&quot;&gt;Recommended best practice based on clinical experience and expert opinion&lt;/td&gt;&#xD;&#xA;        &lt;/tr&gt;&#xD;&#xA;    &lt;/tbody&gt;&#xD;&#xA;&lt;/table&gt;&lt;/div&gt;" /></Field><Field FieldID="148" OrdBy="460" ID="417" Name="Cost Analysis" Type="text"><FieldValue Value="&lt;div class=&quot;content_para&quot;&gt;&lt;p&gt;&lt;strong&gt;Cost and Socioeconomic Implications&lt;/strong&gt;&lt;/p&gt;&#xD;&#xA;&lt;p&gt;The lifetime costs of first-ever stroke have been recently estimated to be more than $2 billion in Australia (net present value 2004). Therefore, providing cost-effective stroke care (prevention management and treatment) is important to avoid unnecessary costs to society. This section presents an updated review of the cost and socioeconomic implications of providing evidence-based stroke care given the recommendations within these guidelines. The expert working group (EWG) (including a search specialist) conducted a separate systematic review for this section. A broad search strategy was used to search the following databases: Econlit, EMBASE, Medline, Health Technology Assessment, National Health Service (NHS) Evaluations and Australasian Medical Index (the search strategy used is available from the National Stroke Foundation). The search yielded 1033 abstracts which were reviewed by one member of the project team. Forty-four potential studies were selected for further consideration.&lt;/p&gt;&#xD;&#xA;&lt;p&gt;Staff at the National Stroke Research Institute, a subsidiary of Florey Neuroscience Institutes, scrutinised the 44 abstracts published between 2005 and 2009 for omissions and appropriate papers were retrieved and reviewed. As the breadth of topics was wide and the methods used quite disparate, a narrative review was deemed the most appropriate way to summarise the cost and socioeconomic evidence. There was also a preference to report evidence from studies undertaken in Australia. Therefore, if similar work had been undertaken elsewhere, this information was not included in the summary unless the results were relevant to the findings in Australia. This is because it is often difficult to extrapolate from international studies to the Australian context given differences in health services provision and funding, target populations and interventions such as drug dosages.&lt;/p&gt;&#xD;&#xA;&lt;p&gt;The discussion related to the cost-effectiveness evidence is presented to follow the structure of the guidelines document. It should be noted that these guidelines include several consensus recommendations or recommendations based on levels of evidence below Level II for a number of 'micro' clinical practice issues (e.g., physiological monitoring and oxygen therapy). As such, it is not possible to analyse the implications of these sorts of recommendations, as they in fact often form part of a larger package or program of care for which there is Level I evidence (for example, stroke units). Furthermore, there is limited cost-effectiveness evidence available for many acute stroke care interventions and often these types of studies have not been conducted. Therefore, evidence and discussion for the main (strongest) recommendations in these guidelines is provided. This review is also an extension of the summaries provided in the earlier versions of the stroke clinical guidelines.&lt;/p&gt;&#xD;&#xA;&lt;p&gt;&lt;em&gt;Conclusions&lt;/em&gt;&lt;/p&gt;&#xD;&#xA;&lt;p&gt;There is good cost-effectiveness evidence for the most clinically effective stroke prevention and treatment strategies recommended in these guidelines. In particular, stroke unit care, thrombolysis, blood pressure lowering, warfarin for atrial fibrillation (AF), aspirin for stroke prevention and carotid endarterectomy were all determined to be worthwhile from an economic perspective. The findings for intravenous thrombolysis with recombinant tissue plasminogen activator (rt-PA) administered within three hours of acute ischaemic stroke were consistently found to be cost-saving from a lifetime perspective. However, there is limited evidence for the cost-effectiveness of rt-PA used up to 4.5 hours and further research is needed. There is sufficient evidence for the cost-effectiveness of antithrombotic therapy with dipyridamole plus aspirin compared to aspirin alone in secondary stroke prevention. There is also sufficient evidence for blood pressure lowering with angiotensin-converting enzyme (ACE) inhibitors in all stroke and transient ischaemic attack (TIA) patients, as recommended by these guidelines. This review also allowed the developers to identify a range of areas where additional cost-effectiveness studies would complement health outcome data, including an assessment of home-based stroke rehabilitation, rapid assessment clinics for TIA, carer training, the use of botulinum toxin A for stroke patients with persistent moderate to severe spasticity and imaging modalities for selecting patients for intravenous thrombolysis. One major factor that may influence the economic implications of interventions found to be cost-effective is access and population coverage. In a recent modelling exercise in the Australian setting, it was found that more widely accessible, evidence-based stroke care could produce substantial economic and health-related benefits and would require only modest investment. The authors suggested that if there was improved access to effective acute care (stroke units and intravenous thrombolysis) and secondary prevention (BP lowering, warfarin for AF, aspirin in ischaemic stroke and carotid endarterectomy) and improved management of BP and AF as primary prevention in the Australian population, then about $1.06 billion could be recovered as potential cost-offsets with recovery of more than 85,000 DALYs. Therefore, clinical guidelines such as these which promote improved treatment and prevention of stroke are an important contribution to achieving such increased access and cost-effective use of health resources in this country.&lt;/p&gt;&#xD;&#xA;&lt;p&gt;See Chapter 9 in the original guideline document for a full discussion of cost analysis.&lt;/p&gt;&lt;/div&gt;" /></Field><Field FieldID="104" OrdBy="465" ID="418" Name="Method of Guideline Validation" Type="picklist-choice"><FieldValue Value="External Peer Review" /><FieldValue Value="Internal Peer Review" /></Field><Field FieldID="130" OrdBy="470" ID="419" Name="Description of Method of Guideline Validation" Type="text"><FieldValue Value="&lt;div class=&quot;content_para&quot;&gt;&lt;p&gt;&lt;strong&gt;Consultation&lt;/strong&gt;&lt;/p&gt;&#xD;&#xA;&lt;p&gt;Public consultation about the draft document was undertaken over one month from February to March 2010. A specific feedback form was circulated via the Australian Stroke Coalition and members of the expert working group (EWG) and advisory group to relevant professional bodies, stroke clinical networks, consumers and consumer organisations. A public notice was published in The Australian newspaper (1 February 2010) in line with National Health and Medical Research Council (NHMRC) requirements. The draft document was also posted on the National Stroke Foundation website.&lt;/p&gt;&#xD;&#xA;&lt;p&gt;Over 460 individual comments covering a wide range of topics were received from 77 individuals, groups or organisations. Feedback received was initially considered by the NSF project team with minor amendments such as formatting or spelling reviewed and actioned. Other feedback was forwarded to relevant members of the EWG depending on topic areas and suggested responses developed. All comments and suggested responses were collated and circulated to the full EWG for consideration and discussion, with several topics being further discussed during subsequent teleconferences. Informal consensus processes were used to modify any recommendations.&lt;/p&gt;&#xD;&#xA;&lt;p&gt;A significant number of the comments received during consultation related to the structure of the document, the size of some of the chapters and the ambiguity of some the recommendations. As a result of the feedback, significant structural changes to the order of contents of the guidelines were made. Other minor rewording and reformatting was also carried out. The sequencing of the recommendations was also reviewed and modified where appropriate.&lt;/p&gt;&#xD;&#xA;&lt;p&gt;Several topics received significantly more feedback than others and the EWG's responses are listed below:&lt;/p&gt;&#xD;&#xA;&lt;ul style=&quot;list-style-type: disc;&quot;&gt;&#xD;&#xA;    &lt;li&gt;Acute blood pressure therapy: recommendation specific to intracranial haemorrhage (ICH) added &lt;/li&gt;&#xD;&#xA;    &lt;li&gt;Behavioural management: further section added to expand this information &lt;/li&gt;&#xD;&#xA;    &lt;li&gt;Cognitive communication deficits: further section added to expand this information &lt;/li&gt;&#xD;&#xA;    &lt;li&gt;Contracture: revision of preamble regarding prolonged stretches and relevant recommendation &lt;/li&gt;&#xD;&#xA;    &lt;li&gt;Loss of sensation: revision of preamble and recommendations &lt;/li&gt;&#xD;&#xA;    &lt;li&gt;Neurointervention: rewording of recommendation regarding mechanical retrieval devices &lt;/li&gt;&#xD;&#xA;    &lt;li&gt;Spasticity: revision of preamble &lt;/li&gt;&#xD;&#xA;    &lt;li&gt;Transient ischaemic attack (TIA) management: revision of both organisation and clinical management preambles and minor changes to recommendations &lt;/li&gt;&#xD;&#xA;&lt;/ul&gt;&#xD;&#xA;&lt;p&gt;Minor changes were also made to aphasia, cognition, incontinence, thrombolysis and dysphagia. For other topics, apart from a change in order and minor wording changes, none of the recommendations were significantly changed after feedback from consultation. Five questions, modified from key questions included in the Guidelines Implementability Tool, were also included in the consultation feedback form to provide general feedback. This feedback was used by the National Stroke Foundation (NSF) project team when reviewing and updating the draft document. Recommendations that were unclear or ambiguous were reworded. A medical editor also reviewed the guidelines to ensure that there was consistency in the language used and the presentation of the evidence.&lt;/p&gt;&#xD;&#xA;&lt;p&gt;A letter of reply outlining the EWG's responses was sent to all individuals and organisations who provided feedback during the public consultation period. A list of individuals, groups or organisations who provided feedback during the consultation process can be obtained from the NSF.&lt;/p&gt;&#xD;&#xA;&lt;p&gt;The updated guideline document underwent one final round of peer review by international experts in the field of stroke and guideline development.&lt;/p&gt;&#xD;&#xA;&lt;p&gt;Feedback received was initially reviewed by the NSF project team and the EWG co-chairs and minor changes were made (slight wording changes to several recommendations). The final document was circulated to the EWG for sign-off and then submitted to the NHMRC for consideration of approval.&lt;/p&gt;&#xD;&#xA;&lt;p&gt;These guidelines were approved by the Chief Executive Officer of the NHMRC on 3rd August 2010, under Section 14A of the National Health and Medical Research Council Act 1992. In approving these guidelines the NHMRC considers that they meet the NHMRC standard for clinical practice guidelines.&lt;/p&gt;&lt;/div&gt;" /></Field></Section><Section SecID="420" OrdBy="500" Name="Recommendations"><Field FieldID="151" OrdBy="505" ID="421" Name="Major Recommendations" Type="text"><FieldValue Value="&lt;div class=&quot;content_para&quot;&gt;&lt;p&gt;The grades of recommendations (A-D and good practice point [GPP]) are defined at the end of the &quot;Major Recommendations&quot; field.&lt;/p&gt;&#xD;&#xA;&lt;p&gt;&lt;strong&gt;Stroke Recognition and Pre-Hospital Care&lt;/strong&gt;&lt;/p&gt;&#xD;&#xA;&lt;p&gt;The general public should receive ongoing education on how to recognise the symptoms of stroke and the importance of early medical assistance. (&lt;strong&gt;Grade B&lt;/strong&gt; [Muller-Nordhorn et al., 2009; Jones et al., 2010])&lt;/p&gt;&#xD;&#xA;&lt;p&gt;Stroke patients should be assigned a high priority by ambulance services. (&lt;strong&gt;Grade C&lt;/strong&gt; [Bray et al., &quot;An interventional study,&quot; 2005; Belvis et al., 2005; Lindsberg et al., 2006; Quain &amp;amp; Parsons, 2008; Mosley et al., 2007])&lt;/p&gt;&#xD;&#xA;&lt;p&gt;Ambulance services should use a validated rapid pre-hospital stroke-screening tool and incorporate such tools into pre-hospital assessment of people with suspected stroke. (&lt;strong&gt;Grade B&lt;/strong&gt; [Bray et al., &quot;Paramedic identification,&quot; 2005; Kidwell et al., 2000; Nor et al., 2004; Kothari et al., 1999])&lt;/p&gt;&#xD;&#xA;&lt;p&gt;Health and ambulance services should develop and use prenotification systems for stroke. (&lt;strong&gt;Grade C&lt;/strong&gt; [De Luca et al., 2009; Quain &amp;amp; Parsons, 2008; Mosely et al., 2007])&lt;/p&gt;&#xD;&#xA;&lt;p&gt;Ambulance services should preferentially transfer suspected stroke patients to a hospital with stroke unit care. (&lt;strong&gt;Grade C&lt;/strong&gt; [Kwan, Hand, &amp;amp; Sandercock, 2004; De Luca et al., 2009; Quain &amp;amp; Parsons, 2008; Silverman et al., 2005; Rymer, Thurtchley &amp;amp; Summers, 2003])&lt;/p&gt;&#xD;&#xA;&lt;p&gt;&lt;strong&gt;&lt;span style=&quot;text-decoration: underline;&quot;&gt;Definitions&lt;/span&gt;&lt;/strong&gt;:&lt;/p&gt;&#xD;&#xA;&lt;p&gt;&lt;strong&gt;Grading of Recommendations&lt;/strong&gt;&lt;/p&gt;&#xD;&#xA;&lt;table border=&quot;1&quot; cellspacing=&quot;1&quot; summary=&quot;Table: Grades of Recommendations&quot; cellpadding=&quot;3&quot;&gt;&#xD;&#xA;    &lt;thead&gt;&#xD;&#xA;        &lt;tr&gt;&#xD;&#xA;            &lt;th class=&quot;Center&quot; valign=&quot;top&quot;&gt;Grade&lt;/th&gt;&#xD;&#xA;            &lt;th class=&quot;Center&quot; valign=&quot;top&quot;&gt;Description&lt;/th&gt;&#xD;&#xA;        &lt;/tr&gt;&#xD;&#xA;    &lt;/thead&gt;&#xD;&#xA;    &lt;tbody&gt;&#xD;&#xA;        &lt;tr&gt;&#xD;&#xA;            &lt;th class=&quot;Center&quot; valign=&quot;top&quot;&gt;A&lt;/th&gt;&#xD;&#xA;            &lt;td valign=&quot;top&quot;&gt;Body of evidence can be trusted to guide practice&lt;/td&gt;&#xD;&#xA;        &lt;/tr&gt;&#xD;&#xA;        &lt;tr&gt;&#xD;&#xA;            &lt;th class=&quot;Center&quot; valign=&quot;top&quot;&gt;B&lt;/th&gt;&#xD;&#xA;            &lt;td valign=&quot;top&quot;&gt;Body of evidence can be trusted to guide practice in most situations&lt;/td&gt;&#xD;&#xA;        &lt;/tr&gt;&#xD;&#xA;        &lt;tr&gt;&#xD;&#xA;            &lt;th class=&quot;Center&quot; valign=&quot;top&quot;&gt;C&lt;/th&gt;&#xD;&#xA;            &lt;td valign=&quot;top&quot;&gt;Body of evidence provides some support for recommendation(s) but care should be taken in its application&lt;/td&gt;&#xD;&#xA;        &lt;/tr&gt;&#xD;&#xA;        &lt;tr&gt;&#xD;&#xA;            &lt;th class=&quot;Center&quot; valign=&quot;top&quot;&gt;D&lt;/th&gt;&#xD;&#xA;            &lt;td valign=&quot;top&quot;&gt;Body of evidence is weak and recommendation must be applied with caution&lt;/td&gt;&#xD;&#xA;        &lt;/tr&gt;&#xD;&#xA;        &lt;tr&gt;&#xD;&#xA;            &lt;th class=&quot;Center&quot; valign=&quot;top&quot;&gt;Good Practice Point (GPP)&lt;/th&gt;&#xD;&#xA;            &lt;td valign=&quot;top&quot;&gt;Recommended best practice based on clinical experience and expert opinion&lt;/td&gt;&#xD;&#xA;        &lt;/tr&gt;&#xD;&#xA;    &lt;/tbody&gt;&#xD;&#xA;&lt;/table&gt;&lt;/div&gt;" /></Field><Field FieldID="138" OrdBy="515" ID="423" Name="Clinical Algorithm(s)" Type="text"><FieldValue Value="&lt;div class=&quot;content_para&quot;&gt;&lt;p&gt;None provided&lt;/p&gt;&lt;/div&gt;" /></Field></Section><Section SecID="424" OrdBy="600" Name="Evidence Supporting the Recommendations"><Field FieldID="98" OrdBy="605" ID="425" Name="References Supporting the Recommendations" Type="citation"><FieldValue Value="&lt;table&gt;&lt;tr&gt;&lt;td&gt;Belvis R, Cocho D, Marti-Fabregas J, Pagonabarraga J, Aleu A, Garcia-Bargo MD, Pons J, Coma E, Garcia-Alfranca F, Jimenez-Fabrega X, Marti-Vilalta JL. Benefits of a prehospital stroke code system. Feasibility and efficacy in the first year of clinical practice in Barcelona, Spain. Cerebrovasc Dis. 2005;19(2):96-101. &lt;a href=&quot;http://www.ncbi.nlm.nih.gov/entrez/query.fcgi?cmd=Retrieve&amp;db=pubmed&amp;dopt=Abstract&amp;list_uids=15608433&quot; target=&quot;_blank&quot;&gt;PubMed&lt;/a&gt;&lt;/td&gt;&lt;/tr&gt;&lt;/table&gt;" /><FieldValue Value="&lt;table&gt;&lt;tr&gt;&lt;td&gt;Bray JE, Martin J, Cooper G, Barger B, Bernard S, Bladin C. An interventional study to improve paramedic diagnosis of stroke. Prehosp Emerg Care. 2005 Jul-Sep;9(3):297-302. &lt;a href=&quot;http://www.ncbi.nlm.nih.gov/entrez/query.fcgi?cmd=Retrieve&amp;db=pubmed&amp;dopt=Abstract&amp;list_uids=16147479&quot; target=&quot;_blank&quot;&gt;PubMed&lt;/a&gt;&lt;/td&gt;&lt;/tr&gt;&lt;/table&gt;" /><FieldValue Value="&lt;table&gt;&lt;tr&gt;&lt;td&gt;Bray JE, Martin J, Cooper G, Barger B, Bernard S, Bladin C. Paramedic identification of stroke: community validation of the melbourne ambulance stroke screen. Cerebrovasc Dis. 2005;20(1):28-33. &lt;a href=&quot;http://www.ncbi.nlm.nih.gov/entrez/query.fcgi?cmd=Retrieve&amp;db=pubmed&amp;dopt=Abstract&amp;list_uids=15942171&quot; target=&quot;_blank&quot;&gt;PubMed&lt;/a&gt;&lt;/td&gt;&lt;/tr&gt;&lt;/table&gt;" /><FieldValue Value="&lt;table&gt;&lt;tr&gt;&lt;td&gt;De Luca A, Toni D, Lauria L, Sacchetti ML, Giorgi Rossi P, Ferri M, Puca E, Prencipe M, Guasticchi G, IMPLementazione Percorso Clinico Assistenziale ICtus Acuto (IMPLICA) Study Group. An emergency clinical pathway for stroke patients--results of a cluster randomised trial (isrctn41456865). BMC Health Serv Res. 2009;9:14. &lt;a href=&quot;http://www.ncbi.nlm.nih.gov/entrez/query.fcgi?cmd=Retrieve&amp;db=pubmed&amp;dopt=Abstract&amp;list_uids=19159477&quot; target=&quot;_blank&quot;&gt;PubMed&lt;/a&gt;&lt;/td&gt;&lt;/tr&gt;&lt;/table&gt;" /><FieldValue Value="&lt;table&gt;&lt;tr&gt;&lt;td&gt;Jones SP, Jenkinson AJ, Leathley MJ, Watkins CL. Stroke knowledge and awareness: an integrative review of the evidence. Age Ageing. 2010 Jan;39(1):11-22. [30 references] &lt;a href=&quot;http://www.ncbi.nlm.nih.gov/entrez/query.fcgi?cmd=Retrieve&amp;db=pubmed&amp;dopt=Abstract&amp;list_uids=19897540&quot; target=&quot;_blank&quot;&gt;PubMed&lt;/a&gt;&lt;/td&gt;&lt;/tr&gt;&lt;/table&gt;" /><FieldValue Value="&lt;table&gt;&lt;tr&gt;&lt;td&gt;Kidwell CS, Starkman S, Eckstein M, Weems K, Saver JL. Identifying stroke in the field. Prospective validation of the Los Angeles prehospital stroke screen (LAPSS). Stroke. 2000 Jan;31(1):71-6. &lt;a href=&quot;http://www.ncbi.nlm.nih.gov/entrez/query.fcgi?cmd=Retrieve&amp;db=pubmed&amp;dopt=Abstract&amp;list_uids=10625718&quot; target=&quot;_blank&quot;&gt;PubMed&lt;/a&gt;&lt;/td&gt;&lt;/tr&gt;&lt;/table&gt;" /><FieldValue Value="&lt;table&gt;&lt;tr&gt;&lt;td&gt;Kothari RU, Pancioli A, Liu T, Brott T, Broderick J. Cincinnati Prehospital Stroke Scale: reproducibility and validity. Ann Emerg Med. 1999 Apr;33(4):373-8. &lt;a href=&quot;http://www.ncbi.nlm.nih.gov/entrez/query.fcgi?cmd=Retrieve&amp;db=pubmed&amp;dopt=Abstract&amp;list_uids=10092713&quot; target=&quot;_blank&quot;&gt;PubMed&lt;/a&gt;&lt;/td&gt;&lt;/tr&gt;&lt;/table&gt;" /><FieldValue Value="&lt;table&gt;&lt;tr&gt;&lt;td&gt;Kwan J, Hand P, Sandercock P. Improving the efficiency of delivery of thrombolysis for acute stroke: a systematic review. QJM. 2004 May;97(5):273-9. [39 references] &lt;a href=&quot;http://www.ncbi.nlm.nih.gov/entrez/query.fcgi?cmd=Retrieve&amp;db=pubmed&amp;dopt=Abstract&amp;list_uids=15100420&quot; target=&quot;_blank&quot;&gt;PubMed&lt;/a&gt;&lt;/td&gt;&lt;/tr&gt;&lt;/table&gt;" /><FieldValue Value="&lt;table&gt;&lt;tr&gt;&lt;td&gt;Lindsberg PJ, Happola O, Kallela M, Valanne L, Kuisma M, Kaste M. Door to thrombolysis: ER reorganization and reduced delays to acute stroke treatment. Neurology. 2006 Jul 25;67(2):334-6. &lt;a href=&quot;http://www.ncbi.nlm.nih.gov/entrez/query.fcgi?cmd=Retrieve&amp;db=pubmed&amp;dopt=Abstract&amp;list_uids=16864834&quot; target=&quot;_blank&quot;&gt;PubMed&lt;/a&gt;&lt;/td&gt;&lt;/tr&gt;&lt;/table&gt;" /><FieldValue Value="&lt;table&gt;&lt;tr&gt;&lt;td&gt;Mosley I, Nicol M, Donnan G, Patrick I, Kerr F, Dewey H. The impact of ambulance practice on acute stroke care. Stroke. 2007 Oct;38(10):2765-70. &lt;a href=&quot;http://www.ncbi.nlm.nih.gov/entrez/query.fcgi?cmd=Retrieve&amp;db=pubmed&amp;dopt=Abstract&amp;list_uids=17717317&quot; target=&quot;_blank&quot;&gt;PubMed&lt;/a&gt;&lt;/td&gt;&lt;/tr&gt;&lt;/table&gt;" /><FieldValue Value="&lt;table&gt;&lt;tr&gt;&lt;td&gt;Muller-Nordhorn J, Wegscheider K, Nolte CH, Jungehulsing GJ, Rossnagel K, Reich A, Roll S, Villringer A, Willich SN. Population-based intervention to reduce prehospital delays in patients with cerebrovascular events. Arch Intern Med. 2009 Sep 14;169(16):1484-90. &lt;a href=&quot;http://www.ncbi.nlm.nih.gov/entrez/query.fcgi?cmd=Retrieve&amp;db=pubmed&amp;dopt=Abstract&amp;list_uids=19752406&quot; target=&quot;_blank&quot;&gt;PubMed&lt;/a&gt;&lt;/td&gt;&lt;/tr&gt;&lt;/table&gt;" /><FieldValue Value="&lt;table&gt;&lt;tr&gt;&lt;td&gt;Nor AM, McAllister C, Louw SJ, Dyker AG, Davis M, Jenkinson D, Ford GA. Agreement between ambulance paramedic- and physician-recorded neurological signs  with Face Arm Speech Test (FAST) in acute stroke patients. Stroke. 2004 Jun;35(6):1355-9. &lt;a href=&quot;http://www.ncbi.nlm.nih.gov/entrez/query.fcgi?cmd=Retrieve&amp;db=pubmed&amp;dopt=Abstract&amp;list_uids=15118173&quot; target=&quot;_blank&quot;&gt;PubMed&lt;/a&gt;&lt;/td&gt;&lt;/tr&gt;&lt;/table&gt;" /><FieldValue Value="&lt;table&gt;&lt;tr&gt;&lt;td&gt;Quain DA, Parsons MW, Loudfoot AR, Spratt NJ, Evans MK, Russell ML, Royan AT, Moore AG, Miteff F, Hullick CJ, Attia J, McElduff P, Levi CR. Improving access to acute stroke therapies: a controlled trial of organised pre-hospital and emergency care. Med J Aust. 2008 Oct 20;189(8):429-33. &lt;a href=&quot;http://www.ncbi.nlm.nih.gov/entrez/query.fcgi?cmd=Retrieve&amp;db=pubmed&amp;dopt=Abstract&amp;list_uids=18928434&quot; target=&quot;_blank&quot;&gt;PubMed&lt;/a&gt;&lt;/td&gt;&lt;/tr&gt;&lt;/table&gt;" /><FieldValue Value="&lt;table&gt;&lt;tr&gt;&lt;td&gt;Rymer MM, Thurtchley D, Summers D. Expanded modes of tissue plasminogen activator delivery in a comprehensive stroke center increases regional acute stroke interventions. Stroke. 2003 Jun;34(6):e58-60. &lt;a href=&quot;http://www.ncbi.nlm.nih.gov/entrez/query.fcgi?cmd=Retrieve&amp;db=pubmed&amp;dopt=Abstract&amp;list_uids=12730555&quot; target=&quot;_blank&quot;&gt;PubMed&lt;/a&gt;&lt;/td&gt;&lt;/tr&gt;&lt;/table&gt;" /><FieldValue Value="&lt;table&gt;&lt;tr&gt;&lt;td&gt;Silverman IE, Beland DK, Chhabra J, McCullough LD. The &quot;drip-and-ship&quot; approach: starting IV t-PA for acute ischemic stroke at outside hospitals prior to transfer to a regional stroke center. Conn Med. 2005 Nov-Dec;69(10):613-20. &lt;a href=&quot;http://www.ncbi.nlm.nih.gov/entrez/query.fcgi?cmd=Retrieve&amp;db=pubmed&amp;dopt=Abstract&amp;list_uids=16381108&quot; target=&quot;_blank&quot;&gt;PubMed&lt;/a&gt;&lt;/td&gt;&lt;/tr&gt;&lt;/table&gt;" /></Field><Field FieldID="139" OrdBy="610" ID="426" Name="Type of Evidence Supporting the Recommendations" Type="text"><FieldValue Value="&lt;div class=&quot;content_para&quot;&gt;&lt;p&gt;The type of supporting evidence is identified and graded for each recommendation (see &quot;Major Recommendations&quot;).&lt;/p&gt;&lt;/div&gt;" /></Field></Section><Section SecID="427" OrdBy="700" Name="Benefits/Harms of Implementing the Guideline Recommendations"><Field FieldID="152" OrdBy="705" ID="428" Name="Potential Benefits" Type="text"><FieldValue Value="&lt;ul style=&quot;list-style-type: disc;&quot;&gt;&#xD;&#xA;    &lt;li&gt;Early recognition of stroke symptoms, the subsequent response of individuals to having a stroke or TIA, and the timing and method by which people are transferred to hospital are critical to ensuring optimal outcomes for stroke patients. &lt;/li&gt;&#xD;&#xA;    &lt;li&gt;A systematic approach to resolving the barriers that delay early stroke care and the implementation of geographically appropriate models of hyper-acute care should help achieve higher thrombolysis rates and improved access to stroke unit care across Australia. &lt;/li&gt;&#xD;&#xA;    &lt;li&gt;The use of pathways or protocols has been found to reduce hospital delays for acute care in several, mostly non-randomised studies. Such pathways ensure that patients receive appropriate and timely medical and nursing assessments and crucial investigations. &lt;/li&gt;&#xD;&#xA;&lt;/ul&gt;" /></Field><Field FieldID="153" OrdBy="710" ID="429" Name="Potential Harms" Type="text"><FieldValue Value="&lt;div class=&quot;content_para&quot;&gt;&lt;p&gt;Not stated&lt;/p&gt;&lt;/div&gt;" /></Field></Section><Section SecID="432" OrdBy="900" Name="Qualifying Statements"><Field FieldID="137" OrdBy="905" ID="433" Name="Qualifying Statements" Type="text"><FieldValue Value="&lt;ul style=&quot;list-style-type: disc;&quot;&gt;&#xD;&#xA;    &lt;li&gt;This document is a general guide to appropriate practice, to be followed subject to the clinician's judgment and the patient's preference in each individual case. The guidelines are designed to provide information to assist decision-making and are based on the best evidence available at the time of development. &lt;/li&gt;&#xD;&#xA;    &lt;li&gt;The guidelines should not be seen as an inflexible recipe for stroke care, sometimes rather disparagingly called 'cookbook medicine'; rather, they provide a general guide to appropriate practice to be followed subject to the clinician's judgment and the patient's preference. &lt;/li&gt;&#xD;&#xA;&lt;/ul&gt;" /></Field></Section><Section SecID="434" OrdBy="1000" Name="Implementation of the Guideline"><Field FieldID="131" OrdBy="1010" ID="436" Name="Description of Implementation Strategy" Type="text"><FieldValue Value="&lt;div class=&quot;content_para&quot;&gt;&lt;p&gt;&lt;strong&gt;Using the Guidelines&lt;/strong&gt;&lt;/p&gt;&#xD;&#xA;&lt;p&gt;The primary goal of these guidelines is to help healthcare workers improve the quality and effectiveness of the care they provide.&lt;/p&gt;&#xD;&#xA;&lt;p&gt;Guidelines differ from clinical or care pathways (also referred to as critical pathways, care paths, integrated care pathways, case management plans, clinical care pathways or care maps). Guidelines are an overview of the current best evidence translated into clinically relevant statements. Care pathways are based on best practice guidelines but provide a local link between the guidelines and their use.&lt;/p&gt;&#xD;&#xA;&lt;p&gt;In considering implementation of these guidelines at a local level, health professionals are encouraged to identify the barriers and facilitators to evidence-based care within their environment to determine the best strategy for local needs. Where change is required, initial and ongoing education is essential and is relevant to all recommendations in these guidelines.&lt;/p&gt;&#xD;&#xA;&lt;p&gt;&lt;strong&gt;Implementation&lt;/strong&gt;&lt;/p&gt;&#xD;&#xA;&lt;p&gt;Reviewing the evidence and developing evidence-based recommendations for care are only the first steps to ensuring that evidence-based care is available. Following publication, the guidelines must be disseminated to all those involved in stroke care, who will then identify ways in which the guidelines may be taken up at a local level.&lt;/p&gt;&#xD;&#xA;&lt;p&gt;Strategies by which guidelines can be disseminated and implemented include:&lt;/p&gt;&#xD;&#xA;&lt;ol style=&quot;list-style-type: decimal;&quot;&gt;&#xD;&#xA;    &lt;li&gt;Distribution of education materials, for example, guidelines will be emailed to stroke clinicians via existing stroke networks. Concise guidelines for the majority of disciplines including general practitioners, nurses and doctors are planned. A link to the guidelines will be available on the National Stroke Foundation (NSF) website and will be sent to all appropriate universities, colleges, associations, societies and other professional organisations. &lt;/li&gt;&#xD;&#xA;    &lt;li&gt;Educational meetings, for example, interdisciplinary conferences or internet-based web conferences. Resources will be developed to aid workshop facilitators identify barriers and solutions in the implementation phase. &lt;/li&gt;&#xD;&#xA;    &lt;li&gt;Educational outreach visits. A peer support model using centres viewed as champions in aspects of acute stroke management may be used in collaboration with national audit results. &lt;/li&gt;&#xD;&#xA;    &lt;li&gt;Key opinion leaders. Educational resources will utilise key opinion leaders. It is also planned to have local champions facilitate workshops in their local areas. &lt;/li&gt;&#xD;&#xA;    &lt;li&gt;Audit and feedback. Data from the National Stroke Audits will be fundamental to the implementation of these guidelines. A copy of relevant indicators covering organisation of care and clinical care will be available from the NSF along with key audit reports (see Appendix 4 in the original guideline document). &lt;/li&gt;&#xD;&#xA;    &lt;li&gt;Reminders. Electronic reminders should be used once local teams have identified key areas of quality improvement activities and commenced planned strategies. &lt;/li&gt;&#xD;&#xA;&lt;/ol&gt;&#xD;&#xA;&lt;p&gt;The NSF strongly recommends a systematic approach to identifying gaps in service delivery, understanding local barriers or enablers to reducing those gaps and developing a clear plan of action to improve stroke services. The NSF has developed a comprehensive quality improvement (QI) program (known as StrokeLink) offering outreach visits by NSF staff using interactive educational formats linked to audit and feedback and local consensus processes. Implementation issues also need to consider the barriers to delivering services to Aboriginal and Torres Strait Islander (ATSI) people and develop models of stroke care that address local cultural and geographical needs.&lt;/p&gt;&#xD;&#xA;&lt;p&gt;Existing resources and networks (see Appendix 2 in the original guideline document) can also support implementation of these stroke guidelines.&lt;/p&gt;&lt;/div&gt;" /></Field><Field FieldID="117" OrdBy="1015" ID="437" Name="Implementation Tools" Type="picklist-many"><FieldValue Value="Foreign Language Translations" /><FieldValue Value="Patient Resources" /><FieldValue Value="Quick Reference Guides/Physician Guides" /></Field></Section><Section SecID="439" OrdBy="1100" Name="Institute of Medicine (IOM) National Healthcare Quality Report Categories"><Field FieldID="50" OrdBy="1105" ID="440" Name="IOM Care Need" Type="picklist-many"><FieldValue Value="Getting Better" /><FieldValue Value="Staying Healthy" /></Field><Field FieldID="51" OrdBy="1110" ID="441" Name="IOM Domain" Type="picklist-many"><FieldValue Value="Effectiveness" /><FieldValue Value="Patient-centeredness" /><FieldValue Value="Timeliness " /></Field></Section><Section SecID="442" OrdBy="1200" Name="Identifying Information and Availability"><Field FieldID="97" OrdBy="1201" ID="392" Name="Bibliographic Source(s)" Type="citation"><FieldValue Value="&lt;table&gt;&lt;tr&gt;&lt;td&gt;Stroke recognition and pre-hospital care. In: Clinical guidelines for stroke management 2010. Melbourne (Australia): National Stroke Foundation; 2010 Sep. p. 50-1.&lt;/td&gt;&lt;/tr&gt;&lt;/table&gt;" /></Field><Field FieldID="124" OrdBy="1205" ID="443" Name="Adaptation" Type="text"><FieldValue Value="&lt;div class=&quot;content_para&quot;&gt;&lt;p&gt;Not applicable: The guideline was not adapted from another source.&lt;/p&gt;&lt;/div&gt;" /></Field><Field FieldID="128" OrdBy="1215" ID="445" Name="Date Released" Type="text"><FieldValue Value="2007 Oct (revised 2010 Sep)" /></Field><Field FieldID="158" OrdBy="1225" ID="447" Name="Guideline Developer(s)" Type="orglist-p"><FieldValue Value="National Stroke Foundation (Australia) - Nonprofit Organization" /></Field><Field FieldID="125" OrdBy="1235" ID="449" Name="Source(s) of Funding" Type="text"><FieldValue Value="&lt;div class=&quot;content_para&quot;&gt;&lt;p&gt;Australian Government Department of Health and Ageing&lt;/p&gt;&lt;/div&gt;" /></Field><Field FieldID="126" OrdBy="1240" ID="450" Name="Guideline Committee" Type="text"><FieldValue Value="&lt;div class=&quot;content_para&quot;&gt;&lt;p&gt;Expert Working Group&lt;/p&gt;&lt;/div&gt;" /></Field><Field FieldID="127" OrdBy="1245" ID="451" Name="Composition of Group That Authored the Guideline" Type="text"><FieldValue Value="&lt;div class=&quot;content_para&quot;&gt;&lt;p&gt;&lt;em&gt;Group Members&lt;/em&gt;: Assoc Prof Louise Ada, Physiotherapist, University of Sydney; Dr Beata Bajorek, Pharmacist, University of Sydney and Royal North Shore Hospital; Prof Alan Barber, Neurologist, Auckland City Hospital; Dr Christopher Beer, Geriatrician/clinical pharmacologist, University of Western Australia, Royal Perth and Mercy Hospitals; Assoc Prof Julie Bernhardt (co-chair), Physiotherapist, National Stroke Research Institute; Dr Geoff Boddice, Clinical Neuropsychologist/Clinical Psychologist, University of Queensland and Ipswich Hospital; Ms Brenda Booth, Consumer, Working Aged Group with Stroke, NSW; Assoc Prof Sandy Brauer, Physiotherapist, University of Queensland; Ms Louise Corben, Occupational Therapist, Monash Medical Centre and Bruce Lefroy Centre (Murdoch Childrens Research Institute); Prof Maria Crotty, Rehabilitation Specialist, Repatriation General Hospital; Prof Tricia Desmond, Neuroradiologist, Royal Melbourne Hospital; Ms Cindy Dilworth, Speech Pathologist, Royal Brisbane Hospital; Dr Steven Faux, Rehabilitation Physician, St Vincent's Hospital, Sydney; Prof Jonathan Golledge, Vascular Surgeon, Townsville Hospital; Dr Louise Gustafsson, Occupational Therapist, University of Queensland; Dr Hugh Grantham, Medical Director, SA Ambulance Service; Dr Deborah Hersh, Speech Pathologist, Australian Aphasia Association; Ms Sue-Ellen Hogg, Speech Pathologist, Port Kembla Hospital; Mr Kelvin Hill, Manager, Guidelines Program, National Stroke Foundation; Ms Louise-Anne Jordan, Manager Clinical Service Delivery, Hunter Stroke Service; Assoc Prof Lynette Joubert, Social Worker, The University of Melbourne; Prof Justin Kenardy, Clinical Psychologist, University of Queensland; Dr Jonathan Knott, Emergency Physician, Royal Melbourne Hospital; Dr Erin Lalor, Chief Executive Officer, National Stroke Foundation; Dr Elaine Leung, General Practitioner, Adelaide; Prof Richard Lindley (co-chair), Geriatrician, University of Sydney; Ms Judy Martineau, Nutrition Consultant, Wesley Hospital; Prof Sandy Middleton, Director, Nursing Research Institute, St Vincent's &amp;amp; Mater Health Sydney, Australian Catholic University, Director, National Centre for Clinical Outcomes Research (NaCCOR), Nursing and Midwifery; Dr Ramu Nachiappan, General Practitioner, Broken Hill; Prof Mark Nelson, General Practitioner, University of Tasmania; Prof Lin Perry, Professor of Nursing Research and Practice Development, University of Technology, Prince of Wales Hospital and Sydney Eye Hospital; Ms Fiona Simpson, Dietitian and Senior Research Fellow, Royal North Shore Hospital; Ms Trish Spreadborough, Nurse Unit Manager, Rehabilitation, Redcliffe Hospital; Ms Leah Wright, Senior Project Officer, Guidelines Program, National Stroke Foundation&lt;/p&gt;&lt;/div&gt;" /></Field><Field FieldID="147" OrdBy="1250" ID="452" Name="Financial Disclosures/Conflicts of Interest" Type="text"><FieldValue Value="&lt;div class=&quot;content_para&quot;&gt;&lt;p&gt;All members of the Expert Working Group (EWG) completed and signed a declaration of potential conflicts of interest. Members also declared any potential conflicts at the beginning of each meeting throughout the development process. Most had no perceived conflicts. The reasons for potential conflicts primarily involved receiving money from non-commercial and commercial organisations specifically for undertaking clinical research. This was expected given the expertise of members in clinical research. Only a small number of members had received financial support from commercial companies for consultancy or lecturing. A policy of managing conflicts of interest was used during the process.&lt;/p&gt;&lt;/div&gt;" /></Field><Field FieldID="159" OrdBy="1255" ID="453" Name="Guideline Endorser(s)" Type="orglist"><FieldValue Value="Australian and New Zealand Society for Geriatric Medicine - Medical Specialty Society" /><FieldValue Value="Australian College for Emergency Medicine - Medical Specialty Society" /><FieldValue Value="Australian College of Rural and Remote Medicine - Professional Association" /><FieldValue Value="Australian Physiotherapy Association - Medical Specialty Society" /><FieldValue Value="beyondblue: the national depression initiative - Nonprofit Organization" /><FieldValue Value="Carers Australia - Professional Association" /><FieldValue Value="Continence Foundation of Australia - Professional Association" /><FieldValue Value="Council of Ambulance Authorities (Australia) - Professional Association" /><FieldValue Value="Dietitians Association of Australia - Professional Association" /><FieldValue Value="Internal Medicine Society of Australia and New Zealand - Medical Specialty Society" /><FieldValue Value="Occupational Therapy Australia - Professional Association" /><FieldValue Value="Pharmacy Guild of Australia - For Profit Organization" /><FieldValue Value="Royal Australian and New Zealand College of Psychiatrists - Professional Association" /><FieldValue Value="Royal Australian College of General Practitioners - Professional Association" /><FieldValue Value="Royal College of Nursing, Australia - Professional Association" /><FieldValue Value="Speech Pathology Australia - Medical Specialty Society" /><FieldValue Value="Stroke Society of Australasia - Disease Specific Society" /></Field><Field FieldID="120" OrdBy="1256" ID="393" Name="Guideline Status" Type="text"><FieldValue Value="&lt;div class=&quot;content_para&quot;&gt;&lt;p&gt;This is the current release of the guideline.&lt;/p&gt;&#xD;&#xA;&lt;p&gt;This guideline updates a previous version: Pre-hospital care. In: National Stroke Foundation. Clinical guidelines for acute stroke management. Melbourne (Australia): National Stroke Foundation; 2007 Oct. p. 16.&lt;/p&gt;&lt;/div&gt;" /></Field><Field FieldID="118" OrdBy="1260" ID="454" Name="Guideline Availability" Type="text"><FieldValue Value="&lt;div class=&quot;content_para&quot;&gt;&lt;p&gt;Electronic copies: Available in Portable Document Format (PDF) from the &lt;a href=&quot;http://www.strokefoundation.com.au/clinical-guidelines&quot; title=&quot;NSF Australia Web site&quot;&gt;National Stroke Foundation (Australia) Web site&lt;/a&gt;.&lt;/p&gt;&#xD;&#xA;&lt;p&gt;Print copies: Available from the National Stroke Foundation (Australia), Level 7, 461 Bourke Street, Melbourne Victoria 3000, Australia.&lt;/p&gt;&lt;/div&gt;" /></Field><Field FieldID="119" OrdBy="1265" ID="455" Name="Availability of Companion Documents" Type="text"><FieldValue Value="&lt;div class=&quot;content_para&quot;&gt;&lt;p&gt;The following are available:&lt;/p&gt;&#xD;&#xA;&lt;ul style=&quot;list-style-type: disc;&quot;&gt;&#xD;&#xA;    &lt;li&gt;Clinical guidelines for stroke management 2010 recommendations. Melbourne (Australia): National Stroke Foundation; 2010. 30 p. &lt;/li&gt;&#xD;&#xA;    &lt;li&gt;Ten things to know about the clinical guidelines for stroke management 2010. Melbourne (Australia): National Stroke Foundation; 2010. 1 p. &lt;/li&gt;&#xD;&#xA;&lt;/ul&gt;&#xD;&#xA;&lt;p&gt;Electronic copies: Available in Portable Document Format (PDF) from the &lt;a href=&quot;http://www.strokefoundation.com.au/clinical-guidelines&quot; title=&quot;NSF Web site&quot;&gt;National Stroke Foundation (Australia) Web site&lt;/a&gt;.&lt;/p&gt;&#xD;&#xA;&lt;p&gt;Also, the following concise guidelines are available:&lt;/p&gt;&#xD;&#xA;&lt;ul style=&quot;list-style-type: disc;&quot;&gt;&#xD;&#xA;    &lt;li&gt;Clinical guidelines for stroke management: A quick guide for general practitioners. 2010. 8 p. &lt;/li&gt;&#xD;&#xA;    &lt;li&gt;Clinical guidelines for stroke management: A quick guide for occupational therapy. 2010. 10 p. &lt;/li&gt;&#xD;&#xA;    &lt;li&gt;Clinical guidelines for stroke management: A quick guide for dietetics. 2010. 5 p. &lt;/li&gt;&#xD;&#xA;    &lt;li&gt;Clinical guidelines for stroke management: A quick guide for physiotherapy. 2010. 8 p. &lt;/li&gt;&#xD;&#xA;    &lt;li&gt;Clinical guidelines for stroke management: A quick guide for psychology. 2010. 8 p. &lt;/li&gt;&#xD;&#xA;    &lt;li&gt;Clinical guidelines for stroke management: A quick guide for social work. 2010. 7 p. &lt;/li&gt;&#xD;&#xA;&lt;/ul&gt;&#xD;&#xA;&lt;p&gt;Electronic copies: Available in Portable Document Format (PDF) from the &lt;a href=&quot;http://www.strokefoundation.com.au/concise&quot; title=&quot;NSF Australia Web site&quot;&gt;National Stroke Foundation (Australia) Web site&lt;/a&gt;.&lt;/p&gt;&#xD;&#xA;&lt;p&gt;Print copies: Available from the National Stroke Foundation (Australia), Level 7, 461 Bourke Street, Melbourne Victoria 3000, Australia.&lt;/p&gt;&lt;/div&gt;" /></Field><Field FieldID="143" OrdBy="1275" ID="457" Name="Patient Resources" Type="text"><FieldValue Value="&lt;div class=&quot;content_para&quot;&gt;&lt;p&gt;The following is available:&lt;/p&gt;&#xD;&#xA;&lt;ul style=&quot;list-style-type: disc;&quot;&gt;&#xD;&#xA;    &lt;li&gt;All about stroke. Melbourne (Australia): National Stroke Foundation; 2010. 5 p. Available in Portable Document Format (PDF) in English, Vietnamese, Chinese, Arabic, Italian and Greek from the &lt;a href=&quot;http://www.strokefoundation.com.au/translated-resources&quot; title=&quot;NSA Australia Web site&quot;&gt;National Stroke Foundation (Australia) Web site&lt;/a&gt;. &lt;/li&gt;&#xD;&#xA;&lt;/ul&gt;&#xD;&#xA;&lt;p&gt;Print copies: Available from the National Stroke Foundation (Australia), Level 7, 461 Bourke Street, Melbourne Victoria 3000, Australia.&lt;/p&gt;&#xD;&#xA;&lt;p class=&quot;Disclaimer&quot;&gt;Please note: This patient information is intended to provide health professionals with information to share with their patients to help them better understand their health and their diagnosed disorders. By providing access to this patient information, it is not the intention of NGC to provide specific medical advice for particular patients. Rather we urge patients and their representatives to review this material and then to consult with a licensed health professional for evaluation of treatment options suitable for them as well as for diagnosis and answers to their personal medical questions. This patient information has been derived and prepared from a guideline for health care professionals included on NGC by the authors or publishers of that original guideline. The patient information is not reviewed by NGC to establish whether or not it accurately reflects the original guideline's content.&lt;/p&gt;&lt;/div&gt;" /></Field><Field FieldID="142" OrdBy="1280" ID="458" Name="NGC Status" Type="text"><FieldValue Value="&lt;div class=&quot;content_para&quot;&gt;&lt;p&gt;This NGC summary was completed by ECRI Institute on November 26, 2008. The information was verified by the guideline developer on December 4, 2008. This NGC summary was updated by ECRI Institute on January 20, 2011.&lt;/p&gt;&lt;/div&gt;" /></Field><Field FieldID="141" OrdBy="1290" ID="460" Name="Copyright Statement" Type="text"><FieldValue Value="&lt;div class=&quot;content_para&quot;&gt;&lt;p&gt;This NGC summary is based on the original guideline, which is subject to the guideline developer's copyright restrictions.&lt;/p&gt;&lt;/div&gt;" /></Field></Section><Section SecID="99999" OrdBy="99999" Name="Disclaimer"><Field FieldID="99999" OrdBy="99999" ID="99999" Name="NGC Disclaimer" Type="text"><FieldValue Value="&lt;p&gt;The National Guideline Clearinghouse™ (NGC) does not develop, produce, approve, or endorse the guidelines represented on this site.&lt;/p&gt; &#xD;&#xA;&lt;p&gt;All guidelines summarized by NGC and hosted on our site are produced under the auspices of medical specialty societies, relevant professional associations, public or private organizations, other government agencies, health care organizations or plans, and similar entities.&lt;/p&gt; &#xD;&#xA;&lt;p&gt;Guidelines represented on the NGC Web site are submitted by guideline developers, and are screened solely to determine that they meet the NGC Inclusion Criteria which may be found at &lt;a href=&quot;/about/inclusion-criteria.aspx&quot;&gt;http://www.guideline.gov/about/inclusion-criteria.aspx&lt;/a&gt;.&lt;/p&gt; &#xD;&#xA;&lt;p&gt;NGC, AHRQ, and its contractor ECRI Institute make no warranties concerning the content or clinical efficacy or effectiveness of the clinical practice guidelines and related materials represented on this site. Moreover, the views and opinions of developers or authors of guidelines represented on this site do not necessarily state or reflect those of NGC, AHRQ, or its contractor ECRI Institute, and inclusion or hosting of guidelines in NGC may not be used for advertising or commercial endorsement purposes.&lt;/p&gt; &#xD;&#xA;&lt;p&gt;Readers with questions regarding guideline content are directed to contact the guideline developer.&lt;/p&gt;" /></Field></Section></Version>
