<Version><xmlsource>This XML content was developed by AHRQ's contractor ECRI Institute for the National Guideline Clearinghouse (NGC).</xmlsource><Section SecID="390" OrdBy="100" Name="General"><Field FieldID="161" OrdBy="105" ID="391" Name="Guideline Title" Type="text"><FieldValue Value="&lt;div class=&quot;content_title&quot;&gt;Sexuality and reproductive health in adults with spinal cord injury: a clinical practice guideline for health-care professionals.&lt;/div&gt;" /></Field><Field FieldID="97" OrdBy="110" ID="392" Name="Bibliographic Source(s)" Type="citation"><FieldValue Value="&lt;table&gt;&lt;tr&gt;&lt;td&gt;Consortium for Spinal Cord Medicine. Sexuality and reproductive health in adults with spinal cord injury: a clinical practice guideline for health-care professionals. Washington (DC): Paralyzed Veterans of America; 2010 Jan. 47 p.  [97 references]&lt;/td&gt;&lt;/tr&gt;&lt;/table&gt;" /></Field><Field FieldID="120" OrdBy="115" ID="393" Name="Guideline Status" Type="text"><FieldValue Value="&lt;div class=&quot;content_para&quot;&gt;&lt;p&gt;This is the current release of the guideline.&lt;/p&gt;&lt;/div&gt;" /></Field><Field Name ="UMLS Concepts"><FieldValue Value="HCPCS: Prosthesis, penile, inflatable "/><FieldValue Value="ICD9CM: General physical examination  (89.7); Infertility, female, of unspecified origin  (628.9); Male infertility, unspecified  (606.9); Neurologic examination  (89.13); Obesity, unspecified  (278.00); Unspecified site of spinal cord injury without evidence of spinal bone injury  (952.9); Urinary incontinence, unspecified  (788.30)"/><FieldValue Value="MSH: Adoption ; Alcohol Drinking ; Comorbidity ; Confidentiality ; Contraception ; Depression ; Erectile Dysfunction ; Fecal Incontinence ; Fertility ; Infertility, Female ; Infertility, Male ; Medical History Taking ; Menopause ; Menstruation Disturbances ; Neurologic Examination ; Obesity ; Patient Care Planning ; Patient Education as Topic ; Penile Prosthesis ; Perimenopause ; Physical Examination ; Posture ; Pregnancy ; Pregnancy Complications ; Privacy ; Problem Solving ; Reproductive Health ; Reproductive Techniques, Assisted ; Semen Analysis ; Severity of Illness Index ; Sex Counseling ; Sex Education ; Sexuality ; Skin Care ; Smoking ; Spinal Cord Injuries ; Tobacco Use ; Urinary Incontinence "/><FieldValue Value="MTH: Alcohol consumption ; Bladder control, function ; Body position ; Bowel control, function ; confidentiality ; Contraceptive methods ; Erectile dysfunction ; Fecal Incontinence ; Female infertility ; Fertility ; Male infertility ; Menopause ; Menstruation Disturbances ; Mental Depression ; Neurologic Examination ; Obesity ; Patient education (procedure) ; Patient position finding ; Penile Prosthesis ; Perimenopause ; physical examination ; Pregnancy ; Pregnancy Complications ; Privacy ; Problem Solving (mental process) ; Relationship problems (finding) ; Semen analysis procedure ; Sex Counseling ; Sexual Dysfunction ; Sexuality ; Skin Care ; Smoking ; Smoking effects education ; Spinal Cord Injuries ; Spinal cord injury without spinal bone injury ; Tobacco use ; Urinary Incontinence "/><FieldValue Value="PDQ: fecal incontinence ; obesity ; sexuality and reproductive issues ; urinary incontinence "/><FieldValue Value="SNOMEDCT_US: Adoption  (105430000); Alcohol intake  (160573003); Anorectal continence  (129008009); Anorectal continence  (16490003); Bladder control  (129009001); Body position  (363855006); Body position  (397155001); Body position  (9851009); Contraception  (13197004); Decreased fertility  (17276009); Deficiency of testosterone biosynthesis  (38825009); Disorder of menstruation  (289896006); Disorder of menstruation  (386804004); Education about alcohol consumption  (281078001); Erectile dysfunction vacuum therapy system  (395326001); Female infertility  (6738008); Female sexual function  (31255002); Fertility problem  (27034006); Fertility, function  (397594008); Fertility, function  (397647009); Finding related to sexual state  (118200004); Impotence  (397803000); Incontinence of feces  (72042002); Inflatable penile prosthesis  (286557007); Maintaining continence  (129020001); Male infertility  (2904007); Male sexual function  (32689005); Medication side effects education  (396080005); Menopause  (161712005); Menopause  (198435007); Musculoskeletal system physical examination  (363215001); Neurological assessment  (225398001); Neurological assessment  (84728005); Neuromuscular diagnostic procedure  (399203004); Obesity  (414915002); Obesity  (414916001); Patient education  (311401005); Patient medication education  (394835006); Patient position finding  (246273001); Patient position finding  (272525001); Penile prosthesis  (53996008); Physical assessment  (302199004); Physical assessment  (5880005); Physical assessment  (81375008); Pregnancy  (289908002); Problem solving  (247581008); Relationship problems  (160822004); Semen analysis  (11900001); Sexual disorder  (225723003); Sexual disorder  (231532002); Sexual disorder  (56925008); Sexual function  (76859005); Sexual functioning status  (404972002); Sexuality education  (386468009); Skin care  (225360001); Smoking effects education  (225324006); Spinal cord injury  (90584004); Spinal cord injury without spinal bone injury  (26738009); Urinary incontinence  (165232002)"/><FieldValue Value="SPN: PROSTHESIS, PENILE ; PROSTHESIS, PENIS, INFLATABLE "/><FieldValue Value="UMD: Prostheses, Penile  (13-167); Prostheses, Penile, Inflatable  (17-997)"/></Field></Section><Section SecID="394" OrdBy="200" Name="Regulatory Alert"><Field FieldID="154" OrdBy="205" ID="395" Name="FDA Warning/Regulatory Alert" Type="text"><FieldValue Value="&lt;div class=&quot;content_para&quot;&gt;&lt;p&gt;&lt;strong&gt;Note from the National Guideline Clearinghouse&lt;/strong&gt;: This guideline references a drug(s) for which important revised regulatory and/or warning information has been released.&lt;/p&gt;&#xA;&lt;ul style=&quot;list-style-type: disc;&quot;&gt;&#xA;    &lt;li&gt;&lt;a href=&quot;http://www.fda.gov/Safety/MedWatch/SafetyInformation/SafetyAlertsforHumanMedicalProducts/ucm436280.htm&quot; title=&quot;FDA Web site&quot; target=&quot;_blank&quot;&gt;March 3, 2015 &amp;ndash; Testosterone Products&lt;/a&gt;: The U.S. Food and Drug Administration (FDA) is requiring that the manufacturers of all approved prescription testosterone products change their labeling to clarify the approved uses of these medications. FDA is also requiring these manufacturers to add information to the labeling about a possible increased risk of heart attacks and strokes in patients taking testosterone. FDA cautions that prescription testosterone products are approved only for men who have low testosterone levels caused by certain medical conditions. The benefit and safety of these medications have not been established for the treatment of low testosterone levels due to aging, even if a man's symptoms seem related to low testosterone.&lt;/li&gt;&#xA;&lt;/ul&gt;&lt;/div&gt;" /></Field></Section><Section SecID="396" OrdBy="300" Name="Scope"><Field FieldID="140" OrdBy="305" ID="397" Name="Disease/Condition(s)" Type="text"><FieldValue Value="&lt;div class=&quot;content_para&quot;&gt;&lt;p&gt;Sexuality and fertility in adults with spinal cord injury (SCI)&lt;/p&gt;&lt;/div&gt;" /></Field><Field FieldID="103" OrdBy="310" ID="398" Name="Guideline Category" Type="picklist-many"><FieldValue Value="Counseling" /><FieldValue Value="Evaluation" /><FieldValue Value="Prevention" /><FieldValue Value="Treatment" /></Field><Field FieldID="113" OrdBy="315" ID="399" Name="Clinical Specialty" Type="picklist-many"><FieldValue Value="Family Practice" /><FieldValue Value="Internal Medicine" /><FieldValue Value="Neurology" /><FieldValue Value="Obstetrics and Gynecology" /><FieldValue Value="Physical Medicine and Rehabilitation" /><FieldValue Value="Psychology" /></Field><Field FieldID="114" OrdBy="320" ID="400" Name="Intended Users" Type="picklist-many"><FieldValue Value="Advanced Practice Nurses" /><FieldValue Value="Allied Health Personnel" /><FieldValue Value="Health Care Providers" /><FieldValue Value="Nurses" /><FieldValue Value="Physical Therapists" /><FieldValue Value="Physician Assistants" /><FieldValue Value="Physicians" /><FieldValue Value="Psychologists/Non-physician Behavioral Health Clinicians" /><FieldValue Value="Social Workers" /></Field><Field FieldID="129" OrdBy="325" ID="401" Name="Guideline Objective(s)" Type="text"><FieldValue Value="&lt;ul style=&quot;list-style-type: disc;&quot;&gt;&#xD;&#xA;    &lt;li&gt;To review the literature and gather the latest information regarding sexuality and reproductive health following spinal cord injury (SCI) &lt;/li&gt;&#xD;&#xA;    &lt;li&gt;To provide multidisciplinary recommendations that address basic needs and uncertainties related to sexuality after SCI &lt;/li&gt;&#xD;&#xA;    &lt;li&gt;To provide the information that needs to be communicated to individuals with SCI and their partners &lt;/li&gt;&#xD;&#xA;    &lt;li&gt;To emphasize the importance of maintaining a positive attitude and providing encouragement to learn about this fundamental aspect of human existence &lt;/li&gt;&#xD;&#xA;    &lt;li&gt;To address physical, interpersonal, emotional, and medical concerns of those with SCI &lt;/li&gt;&#xD;&#xA;    &lt;li&gt;To address the importance of privacy and individuality as well as the practical needs of individuals with spinal cord injuries &lt;/li&gt;&#xD;&#xA;&lt;/ul&gt;" /></Field><Field FieldID="132" OrdBy="330" ID="402" Name="Target Population" Type="text"><FieldValue Value="&lt;div class=&quot;content_para&quot;&gt;&lt;p&gt;Adult men and women with spinal cord injury (SCI)&lt;/p&gt;&lt;/div&gt;" /></Field><Field FieldID="133" OrdBy="335" ID="403" Name="Interventions and Practices Considered" Type="text"><FieldValue Value="&lt;ol style=&quot;list-style-type: decimal;&quot; start=&quot;1&quot;&gt;&#xD;&#xA;    &lt;li&gt;Consideration of importance of sexuality and reproduction to individual&#xD;&#xA;    &lt;ul style=&quot;list-style-type: disc;&quot;&gt;&#xD;&#xA;        &lt;li&gt;Providing access to education about sex &lt;/li&gt;&#xD;&#xA;        &lt;li&gt;Consideration of treatment framework, such as permission, limited information, specific suggestions, and intensive therapy (PLISSIT) &lt;/li&gt;&#xD;&#xA;        &lt;li&gt;Maintaining nonjudgmental attitude with maximum privacy and confidentiality &lt;/li&gt;&#xD;&#xA;    &lt;/ul&gt;&#xD;&#xA;    &lt;/li&gt;&#xD;&#xA;    &lt;li&gt;Sexual history and assessment&#xD;&#xA;    &lt;ul style=&quot;list-style-type: disc;&quot;&gt;&#xD;&#xA;        &lt;li&gt;Medical assessment of sexual reproductive system &lt;/li&gt;&#xD;&#xA;        &lt;li&gt;Physical examination using the International Standards for Neurological Classification of Spinal Cord Injury (ISNCSCI) standards &lt;/li&gt;&#xD;&#xA;        &lt;li&gt;Assessing impact of the individual's injury on sexual function &lt;/li&gt;&#xD;&#xA;        &lt;li&gt;Detailed neuromusculoskeletal examination and functional assessment &lt;/li&gt;&#xD;&#xA;        &lt;li&gt;Developing a sexual education and treatment plan &lt;/li&gt;&#xD;&#xA;        &lt;li&gt;Full physical examination and neurological assessments regularly &lt;/li&gt;&#xD;&#xA;        &lt;li&gt;Educating persons with spinal cord injury (SCI) about effects of medications, alcohol, tobacco, and obesity on sexual response and fertility &lt;/li&gt;&#xD;&#xA;        &lt;li&gt;Evaluating for depression &lt;/li&gt;&#xD;&#xA;        &lt;li&gt;Evaluating for testosterone deficiency &lt;/li&gt;&#xD;&#xA;    &lt;/ul&gt;&#xD;&#xA;    &lt;/li&gt;&#xD;&#xA;    &lt;li&gt;Provision of sexual education and counseling &lt;/li&gt;&#xD;&#xA;    &lt;li&gt;Maintaining sexual well-being &lt;/li&gt;&#xD;&#xA;    &lt;li&gt;Physical and practical considerations&#xD;&#xA;    &lt;ul style=&quot;list-style-type: disc;&quot;&gt;&#xD;&#xA;        &lt;li&gt;Bladder and bowl &lt;/li&gt;&#xD;&#xA;        &lt;li&gt;Skin care &lt;/li&gt;&#xD;&#xA;        &lt;li&gt;Secondary medical complications &lt;/li&gt;&#xD;&#xA;        &lt;li&gt;Optimal positioning for sexual activity &lt;/li&gt;&#xD;&#xA;    &lt;/ul&gt;&#xD;&#xA;    &lt;/li&gt;&#xD;&#xA;    &lt;li&gt;Effect of injury on sexual function, responsiveness, and expression &lt;/li&gt;&#xD;&#xA;    &lt;li&gt;Treatment of dysfunction &lt;/li&gt;&#xD;&#xA;    &lt;li&gt;Effects on fertility&#xD;&#xA;    &lt;ul style=&quot;list-style-type: disc;&quot;&gt;&#xD;&#xA;        &lt;li&gt;Proper information on effect of injury on menstruation &lt;/li&gt;&#xD;&#xA;        &lt;li&gt;Safest birth control &lt;/li&gt;&#xD;&#xA;        &lt;li&gt;Ensuring best medical outcomes for the pregnant woman with SCI &lt;/li&gt;&#xD;&#xA;        &lt;li&gt;Educating women about effects of perimenopause and menopause &lt;/li&gt;&#xD;&#xA;        &lt;li&gt;Biological fatherhood and options for assisted fertility &lt;/li&gt;&#xD;&#xA;        &lt;li&gt;Performing semen analysis for men &lt;/li&gt;&#xD;&#xA;        &lt;li&gt;Providing education about adoption &lt;/li&gt;&#xD;&#xA;    &lt;/ul&gt;&#xD;&#xA;    &lt;/li&gt;&#xD;&#xA;    &lt;li&gt;Relationship issues: assisting with education and problem-solving &lt;/li&gt;&#xD;&#xA;&lt;/ol&gt;" /></Field><Field FieldID="134" OrdBy="340" ID="404" Name="Major Outcomes Considered" Type="text"><FieldValue Value="&lt;ul style=&quot;list-style-type: disc;&quot;&gt;&#xD;&#xA;    &lt;li&gt;Fertility rates related to spinal cord injury (SCI) &lt;/li&gt;&#xD;&#xA;    &lt;li&gt;Sexual dysfunction rates related to SCI &lt;/li&gt;&#xD;&#xA;    &lt;li&gt;Effectiveness of interventions (physical, prescription, hormonal, psychological, surgical, laboratory) for sexual dysfunction and fertility related to SCI &lt;/li&gt;&#xD;&#xA;    &lt;li&gt;Outcomes of pregnancy &lt;/li&gt;&#xD;&#xA;    &lt;li&gt;Psychological and physiological outcomes &lt;/li&gt;&#xD;&#xA;&lt;/ul&gt;" /></Field></Section><Section SecID="405" OrdBy="400" Name="Methodology"><Field FieldID="109" OrdBy="405" ID="406" Name="Methods Used to Collect/Select the Evidence" Type="picklist-many"><FieldValue Value="Hand-searches of Published Literature (Primary Sources)" /><FieldValue Value="Hand-searches of Published Literature (Secondary Sources)" /><FieldValue Value="Searches of Electronic Databases" /></Field><Field FieldID="135" OrdBy="410" ID="407" Name="Description of Methods Used to Collect/Select the Evidence" Type="text"><FieldValue Value="&lt;div class=&quot;content_para&quot;&gt;&lt;p&gt;&lt;strong&gt;Methodology&lt;/strong&gt;&lt;/p&gt;&#xD;&#xA;&lt;p&gt;United Biosource Corporation (UBC) performed a systematic review of the literature published between January 1, 1995, and September, 1, 2007 (time of review) that describes issues related to sexuality and reproductive health in individuals with spinal cord injuries. Procedures for this review followed the best methods used in the evolving science of systematic review research. Systematic review is a scientific technique designed to minimize bias and random error by employing a comprehensive search process and a preplanned process for study selection.&lt;/p&gt;&#xD;&#xA;&lt;p&gt;&lt;strong&gt;Literature Search&lt;/strong&gt;&lt;/p&gt;&#xD;&#xA;&lt;p&gt;The literature search involved identifying and retrieving all potentially relevant literature describing sexual and reproductive health in people with spinal cord injury (SCI). The literature search included both electronic and manual components. The electronic search was performed in MEDLINE (via PubMed), PreMEDLINE, CINAHL, SocioFile, PsycINFO, and the Cochrane Library, using the dates and terms listed in the original guideline document.&lt;/p&gt;&#xD;&#xA;&lt;p&gt;Also, the Cochrane Library was searched for any recent systematic review of the subject, which could be a source of further references. A manual check of the reference lists of all accepted studies and of recent reviews and meta-analyses was performed to supplement the aforementioned searches and ensure optimal and complete literature retrieval. A MEDLINE search cutoff date of September 1, 2007, was used with a cut-off date for retrieval of articles from libraries no later than one week prior to completion of the study listing. A listing of any studies that remain outstanding at the time of retrieval cutoff is provided to the sponsor as a part of the study listing deliverable.&lt;/p&gt;&#xD;&#xA;&lt;p&gt;&lt;strong&gt;Study Selection&lt;/strong&gt;&lt;/p&gt;&#xD;&#xA;&lt;p&gt;To be eligible for inclusion in this study listing for possible systematic review, studies yielded from the search above must satisfy none of the following exclusion and contain at least one eligible inclusion criteria:&lt;/p&gt;&#xD;&#xA;&lt;p&gt;&lt;strong&gt;Exclusion Criteria&lt;/strong&gt; (used to eliminate abstracts in level I screening):&lt;/p&gt;&#xD;&#xA;&lt;ul style=&quot;list-style-type: disc;&quot;&gt;&#xD;&#xA;    &lt;li&gt;Reviews or meta-analyses &lt;/li&gt;&#xD;&#xA;    &lt;li&gt;Animal or in vitro studies &lt;/li&gt;&#xD;&#xA;    &lt;li&gt;Pediatric studies (subjects younger than 18 years of age) or mixed populations where more than 15 percent are pediatric patients &lt;/li&gt;&#xD;&#xA;    &lt;li&gt;Studies offering no intervention for sexual and reproductive health of those with SCI &lt;/li&gt;&#xD;&#xA;    &lt;li&gt;No study not related to the sexual and reproductive health of people with SCI &lt;/li&gt;&#xD;&#xA;    &lt;li&gt;Studies published only in abstract form &lt;/li&gt;&#xD;&#xA;    &lt;li&gt;Studies published before 1995 &lt;/li&gt;&#xD;&#xA;    &lt;li&gt;Languages other than English &lt;/li&gt;&#xD;&#xA;&lt;/ul&gt;&#xD;&#xA;&lt;p&gt;&lt;strong&gt;Inclusion Criteria&lt;/strong&gt; (used to accept publications in level II screening):&lt;/p&gt;&#xD;&#xA;&lt;ul style=&quot;list-style-type: disc;&quot;&gt;&#xD;&#xA;    &lt;li&gt;Any published and unpublished study, reported in English, involving any research design, enrolling male and/or female adult populations with SCI &lt;/li&gt;&#xD;&#xA;    &lt;li&gt;Design: article reports a fertility intervention, including pre- and postintervention fertility rates. Article contains original report of a measure of fertility rates in males, females, or both, and reports original intervention trial after spinal cord injury. Regarding male sexuality, the article reports pre- and postmeasures for sexual dysfunction after SCI, contains original report of a measure of sexual dysfunction, and discusses an intervention for sexual dysfunction. &lt;/li&gt;&#xD;&#xA;    &lt;li&gt;Studies reporting interventions of physical, prescription medication, surgical, and laboratory interventions. Regarding male sexuality, studies reporting cognitive/behavioral, prescription medications, surgical, or hormonal interventions. &lt;/li&gt;&#xD;&#xA;    &lt;li&gt;Studies reporting outcomes of pregnancy, live birth rates, sperm motility, successful sperm harvesting, ejaculations, sperm count, percent viable sperm, hormonal, ovulation rates, cycle function, other measures of sperm morphology, volume of ejaculation. For male sexuality, outcomes also regarding psychological and physiological outcomes. &lt;/li&gt;&#xD;&#xA;&lt;/ul&gt;&#xD;&#xA;&lt;p&gt;After level I and level II screening was completed, a study listing with bibliographies of all papers retrieved and screened (accepted and rejected studies at level II) was submitted to Paralyzed Veterans of America (PVA) for review and comment.&lt;/p&gt;&#xD;&#xA;&lt;p&gt;&lt;strong&gt;Search Yield&lt;/strong&gt;&lt;/p&gt;&#xD;&#xA;&lt;p&gt;After an initial search was performed, all of the abstracts were downloaded and a level I screening was performed in which abstracts were reviewed for exclusion criteria. The full article was then obtained for all accepted abstracts and for those abstracts for which a clear determination could not be made at level I screening. The full articles of accepted studies underwent a level II screening in which inclusion and exclusion criteria were applied. On completion of level II screening, all accepted articles were then eligible for data extraction. Any studies rejected at this level were reviewed by two researchers and listed in a reject log.&lt;/p&gt;&lt;/div&gt;" /></Field><Field FieldID="136" OrdBy="415" ID="408" Name="Number of Source Documents" Type="text"><FieldValue Value="&lt;div class=&quot;content_para&quot;&gt;&lt;p&gt;145 papers were accepted for data extraction.&lt;/p&gt;&lt;/div&gt;" /></Field><Field FieldID="115" OrdBy="420" ID="409" Name="Methods Used to Assess the Quality and Strength of the Evidence" Type="picklist-choice"><FieldValue Value="Weighting According to a Rating Scheme (Scheme Given)" /></Field><Field FieldID="149" OrdBy="425" ID="410" Name="Rating Scheme for the Strength of the Evidence" Type="text"><FieldValue Value="&lt;div class=&quot;content_para&quot;&gt;&lt;p&gt;&lt;strong&gt;Levels of Evidence&lt;/strong&gt;&lt;/p&gt;&#xD;&#xA;&lt;ol style=&quot;list-style-type: upper-roman;&quot;&gt;&#xD;&#xA;    &lt;li&gt;Evidence based on randomized controlled clinical trials (or meta-analysis of such trials) of adequate size to ensure a low risk of incorporating false-positive or false-negative results. &lt;/li&gt;&#xD;&#xA;    &lt;li&gt;Evidence based on randomized controlled trials that were too small to provide level I evidence. These may have shown either positive trends that were not statistically significant or no trends and were associated with a high risk of false-negative results. &lt;/li&gt;&#xD;&#xA;    &lt;li&gt;Evidence based on nonrandomized, controlled or cohort studies, case series, case-controlled studies, or cross-sectional studies. &lt;/li&gt;&#xD;&#xA;    &lt;li&gt;Evidence based on the opinion of respected authorities or that of expert committees as indicated in published consensus conferences or guidelines. &lt;/li&gt;&#xD;&#xA;    &lt;li&gt;Evidence that expresses the opinion of those individuals who have written and reviewed this guideline, based on experience, knowledge of the relevant literature, and discussions with peers. &lt;/li&gt;&#xD;&#xA;&lt;/ol&gt;&lt;/div&gt;" /></Field><Field FieldID="116" OrdBy="430" ID="411" Name="Methods Used to Analyze the Evidence" Type="picklist-many"><FieldValue Value="Systematic Review" /></Field><Field FieldID="150" OrdBy="435" ID="412" Name="Description of the Methods Used to Analyze the Evidence" Type="text"><FieldValue Value="&lt;div class=&quot;content_para&quot;&gt;&lt;p&gt;&lt;strong&gt;Evidence Review&lt;/strong&gt;&lt;/p&gt;&#xD;&#xA;&lt;p&gt;During the panel deliberations and preparation of the recommendations, it became clear that the expert panel also drew extensively on a substantial literature base, providing support for their recommendations. Often a recommendation is based on older studies of spinal cord injury (SCI) patients or on studies of more heterogeneous groups of acutely injured patients with or without SCI, studies that were felt to be generalizable to the early SCI population. United Biosource Corporation (UBC) independently graded these studies.&lt;/p&gt;&#xD;&#xA;&lt;p&gt;&lt;strong&gt;Evidence Analysis&lt;/strong&gt;&lt;/p&gt;&#xD;&#xA;&lt;p&gt;All studies accepted for data extraction were graded for level of evidence using the criteria from the Centre for Evidence-Based Medicine in Oxford, UK (&lt;a href=&quot;http://www.cebm.net&quot; title=&quot;Centre for Evidence-based Medicine Web site&quot;&gt;www.cebm.net&lt;/a&gt;; accessed January 16, 2008). In addition, randomized clinical trials were assessed using the Jadad Quality Score Assessment. Industry sponsorship was also noted.&lt;/p&gt;&lt;/div&gt;" /></Field><Field FieldID="112" OrdBy="440" ID="413" Name="Methods Used to Formulate the Recommendations" Type="picklist-choice"><FieldValue Value="Expert Consensus" /></Field><Field FieldID="145" OrdBy="445" ID="414" Name="Description of Methods Used to Formulate the Recommendations" Type="text"><FieldValue Value="&lt;div class=&quot;content_para&quot;&gt;&lt;p&gt;After studying the processes used to develop other guidelines, the consortium steering committee unanimously agreed on a new, modified, clinical/epidemiologic, evidence-based model derived from the Agency for Healthcare Research and Quality (AHRQ).&lt;/p&gt;&#xD;&#xA;&lt;p&gt;A steering committee was established to:&lt;/p&gt;&#xD;&#xA;&lt;ul style=&quot;list-style-type: disc;&quot;&gt;&#xD;&#xA;    &lt;li&gt;Advance the guideline development process &lt;/li&gt;&#xD;&#xA;    &lt;li&gt;Identify and prioritize clinical practice guideline (CPG) topics &lt;/li&gt;&#xD;&#xA;    &lt;li&gt;Assist in the expert panel selection process &lt;/li&gt;&#xD;&#xA;    &lt;li&gt;Provide an initial explication of the topic to serve as the basis of the CPG outline &lt;/li&gt;&#xD;&#xA;    &lt;li&gt;Monitor the guideline development process &lt;/li&gt;&#xD;&#xA;    &lt;li&gt;Collaborate with the panel and coordinating office to develop a comprehensive dissemination and utilization plan &lt;/li&gt;&#xD;&#xA;&lt;/ul&gt;&#xD;&#xA;&lt;p&gt;The steering committee is comprised of one representative from each consortium member organization. Paralyzed Veterans of America (PVA) staff members (the &quot;coordinating office&quot;) provide administrative support to the consortium. The process used to develop the guidelines is based on the model derived from AHRQ. The model is:&lt;/p&gt;&#xD;&#xA;&lt;ul style=&quot;list-style-type: disc;&quot;&gt;&#xD;&#xA;    &lt;li&gt;Interdisciplinary, to reflect the multidisciplinary needs of the spinal cord medicine practice community &lt;/li&gt;&#xD;&#xA;    &lt;li&gt;Responsive, with a well-managed timeline for completion of each guideline &lt;/li&gt;&#xD;&#xA;    &lt;li&gt;Reality-based, making use of the scientific literature where it exists and using practical and clinical expertise where there are gaps in the scientific literature &lt;/li&gt;&#xD;&#xA;&lt;/ul&gt;&#xD;&#xA;&lt;p&gt;Upon completion of the literature search, each panel member is provided with a list of accepted articles, their evidence level (I&amp;ndash;V), and the full text of the article. It is expected The Consortium for Spinal Cord Medicine that each panel member will read the literature provided as a result of the systematic review. Panel meetings are scheduled with the following goals:&lt;/p&gt;&#xD;&#xA;&lt;ol style=&quot;list-style-type: decimal;&quot; start=&quot;1&quot;&gt;&#xD;&#xA;    &lt;li&gt;Develop an outline for the CPG based on the explication provided by the steering committee &lt;/li&gt;&#xD;&#xA;    &lt;li&gt;Assign each panel member writing assignments &lt;/li&gt;&#xD;&#xA;    &lt;li&gt;Determine deadlines for assignments &lt;/li&gt;&#xD;&#xA;&lt;/ol&gt;&#xD;&#xA;&lt;p&gt;As the coordinating office receives completed assignments from panel members, a document is created. This document becomes the CPG working draft. Based on the references cited in the rationales for each recommendation, &quot;scientific evidence&quot; and &quot;grade of recommendation&quot; are assigned to each recommendation. A final meeting of the panel is convened to vote on the &quot;strength of panel opinion&quot; for each recommendation.&lt;/p&gt;&#xD;&#xA;&lt;p&gt;&lt;strong&gt;Grading the Guideline Recommendations&lt;/strong&gt;&lt;/p&gt;&#xD;&#xA;&lt;p&gt;After the guideline was drafted, each recommendation was graded according to the level of scientific evidence supporting it. The framework used is outlined in table 1 of the original guideline document. These ratings, like the level of evidence table ratings, represent the strength of the supporting evidence, not the strength of the recommendation itself. The strength of the recommendation is indicated by the language describing the rationale.&lt;/p&gt;&#xD;&#xA;&lt;p&gt;&lt;strong&gt;Grading of Panel Consensus&lt;/strong&gt;&lt;/p&gt;&#xD;&#xA;&lt;p&gt;The level of agreement with the recommendation among panel members was assessed as either low, moderate, or strong. Each panel member was asked to indicate his or her level of agreement on a 5-point scale, with 1 corresponding to neutrality and 5 representing maximum agreement. Scores were aggregated across the panel members and an arithmetic mean was calculated. This mean score was then translated into low, moderate, or strong, as shown in the &quot;Rating Scheme for the Strength of the Recommendations&quot; field. Panel members could abstain from the voting process for a variety of reasons, such as lack of expertise associated with a particular recommendation.&lt;/p&gt;&lt;/div&gt;" /></Field><Field FieldID="146" OrdBy="450" ID="415" Name="Rating Scheme for the Strength of the Recommendations" Type="text"><FieldValue Value="&lt;div class=&quot;content_para&quot;&gt;&lt;p&gt;&lt;strong&gt;Categories of Strength of Evidence Associated with the Recommendations&lt;/strong&gt;&lt;/p&gt;&#xD;&#xA;&lt;ol style=&quot;list-style-type: upper-alpha;&quot;&gt;&#xD;&#xA;    &lt;li&gt;The guideline recommendation is supported by one or more level I studies. &lt;/li&gt;&#xD;&#xA;    &lt;li&gt;The guideline recommendation is supported by one or more level II studies. &lt;/li&gt;&#xD;&#xA;    &lt;li&gt;The guideline recommendation is supported only by one or more level III, IV, or V studies. &lt;/li&gt;&#xD;&#xA;&lt;/ol&gt;&#xD;&#xA;&lt;p&gt;&lt;strong&gt;Levels of Panel Agreement with Recommendation&lt;/strong&gt;&lt;/p&gt;&#xD;&#xA;&lt;table border=&quot;1&quot; cellspacing=&quot;1&quot; cellpadding=&quot;3&quot; summary=&quot;Table: Levels of Panel Agreement with Recommendation&quot;&gt;&#xD;&#xA;    &lt;tbody&gt;&#xD;&#xA;        &lt;tr&gt;&#xD;&#xA;            &lt;td valign=&quot;top&quot;&gt;Low&lt;/td&gt;&#xD;&#xA;            &lt;td valign=&quot;top&quot;&gt;Mean agreement score 1.0 to less than 2.33&lt;/td&gt;&#xD;&#xA;        &lt;/tr&gt;&#xD;&#xA;        &lt;tr&gt;&#xD;&#xA;            &lt;td valign=&quot;top&quot;&gt;Moderate&lt;/td&gt;&#xD;&#xA;            &lt;td valign=&quot;top&quot;&gt;Mean agreement score 2.33 to less than 3.67&lt;/td&gt;&#xD;&#xA;        &lt;/tr&gt;&#xD;&#xA;        &lt;tr&gt;&#xD;&#xA;            &lt;td valign=&quot;top&quot;&gt;Strong&lt;/td&gt;&#xD;&#xA;            &lt;td valign=&quot;top&quot;&gt;Mean agreement score 3.67 to 5.0&lt;/td&gt;&#xD;&#xA;        &lt;/tr&gt;&#xD;&#xA;    &lt;/tbody&gt;&#xD;&#xA;&lt;/table&gt;&lt;/div&gt;" /></Field><Field FieldID="148" OrdBy="460" ID="417" Name="Cost Analysis" Type="text"><FieldValue Value="&lt;div class=&quot;content_para&quot;&gt;&lt;p&gt;A formal cost analysis was not performed and published cost analyses were not reviewed.&lt;/p&gt;&lt;/div&gt;" /></Field><Field FieldID="104" OrdBy="465" ID="418" Name="Method of Guideline Validation" Type="picklist-choice"><FieldValue Value="External Peer Review" /><FieldValue Value="Internal Peer Review" /></Field><Field FieldID="130" OrdBy="470" ID="419" Name="Description of Method of Guideline Validation" Type="text"><FieldValue Value="&lt;div class=&quot;content_para&quot;&gt;&lt;p&gt;When all elements of the clinical practice guideline (CPG) outline are completed and a draft manuscript of the guideline is prepared, field review is conducted. Field reviewers are then chosen by the steering committee to provide feedback on the draft CPG. Field reviewers must:&lt;/p&gt;&#xD;&#xA;&lt;ol style=&quot;list-style-type: decimal;&quot; start=&quot;1&quot;&gt;&#xD;&#xA;    &lt;li&gt;Be well versed in the topic area &lt;/li&gt;&#xD;&#xA;    &lt;li&gt;Be peers of the panelists &lt;/li&gt;&#xD;&#xA;    &lt;li&gt;Represent the consortium member organizations in some way &lt;/li&gt;&#xD;&#xA;&lt;/ol&gt;&#xD;&#xA;&lt;p&gt;Panel members may also suggest reviewers. When field reviewer comments are received by the coordinating office they are transmitted to the panel chair.&lt;/p&gt;&#xD;&#xA;&lt;p&gt;The guideline goes through a three-tiered editing process:&lt;/p&gt;&#xD;&#xA;&lt;ol style=&quot;list-style-type: decimal;&quot; start=&quot;1&quot;&gt;&#xD;&#xA;    &lt;li&gt;Medical review by a recognized technical review firm, to ensure that all medical references are properly cited and that there are no medical errors &lt;/li&gt;&#xD;&#xA;    &lt;li&gt;Legal review, to ensure that there are no copyright infringement or liability issues &lt;/li&gt;&#xD;&#xA;    &lt;li&gt;Stylistic editing, for grammar, spelling, and continuity &lt;/li&gt;&#xD;&#xA;&lt;/ol&gt;&#xD;&#xA;&lt;p&gt;Once editing and design have been completed, the clinical practice guideline is posted on the Paralyzed Veterans of America website and published in the &lt;em&gt;Journal of Spinal Cord Medicine&lt;/em&gt;.&lt;/p&gt;&lt;/div&gt;" /></Field></Section><Section SecID="420" OrdBy="500" Name="Recommendations"><Field FieldID="151" OrdBy="505" ID="421" Name="Major Recommendations" Type="text"><FieldValue Value="&lt;div class=&quot;content_para&quot;&gt;&lt;p&gt;Rating schemes for the levels of scientific evidence (&lt;strong&gt;I, II, III, IV, V&lt;/strong&gt;), grade of recommendation (&lt;strong&gt;A, B, C&lt;/strong&gt;) and the strength of panel opinion (&lt;strong&gt;Low, Moderate, Strong&lt;/strong&gt;) are defined at the end of the &quot;Major Recommendations&quot; field.&lt;/p&gt;&#xD;&#xA;&lt;p&gt;&lt;strong&gt;&lt;span style=&quot;text-decoration: underline;&quot;&gt;Importance of Sexuality and Reproduction to the Individual&lt;/span&gt;&lt;/strong&gt;&lt;/p&gt;&#xD;&#xA;&lt;ol style=&quot;list-style-type: decimal;&quot; start=&quot;1&quot;&gt;&#xD;&#xA;    &lt;li&gt;Maintain an open discussion and provide access to education about sex in both formal and informal settings throughout the treatment continuum.&#xD;&#xA;    &lt;p&gt;&lt;em&gt;(Scientific evidence&amp;ndash;IV; Grade of recommendation&amp;ndash;C; Strength of panel opinion&amp;ndash;Strong)&lt;/em&gt;&lt;/p&gt;&#xD;&#xA;    &lt;/li&gt;&#xD;&#xA;    &lt;li&gt;Consider using a treatment framework, such as the Permission, Limited Information, Specific Suggestions, and Intensive Therapy (PLISSIT) model, for education.&#xD;&#xA;    &lt;p&gt;&lt;em&gt;(Scientific evidence&amp;ndash;IV/V; Grade of recommendation&amp;ndash;C; Strength of panel opinion&amp;ndash;Strong)&lt;/em&gt;&lt;/p&gt;&#xD;&#xA;    &lt;/li&gt;&#xD;&#xA;    &lt;li&gt;Encourage individuals to take an active role in obtaining information related to sexual issues.&#xD;&#xA;    &lt;p&gt;&lt;em&gt;(Scientific evidence&amp;ndash;N/A; Grade of recommendation&amp;ndash;N/A; Strength of panel opinion&amp;ndash;Strong)&lt;/em&gt;&lt;/p&gt;&#xD;&#xA;    &lt;/li&gt;&#xD;&#xA;    &lt;li&gt;Provide assurance to the individual as soon as feasible (preferably during early acute care) that basic information about sexuality will be provided and that more extensive information will be available throughout care.&#xD;&#xA;    &lt;p&gt;&lt;em&gt;(Scientific evidence&amp;ndash;IV; Grade of recommendation&amp;ndash;C; Strength of panel opinion&amp;ndash;Strong)&lt;/em&gt;&lt;/p&gt;&#xD;&#xA;    &lt;/li&gt;&#xD;&#xA;    &lt;li&gt;Introduce the topic of sexuality by discussing the subject in a straightforward and nonjudgmental manner. Ask open-ended questions that encourage an ongoing dialogue whenever possible.&#xD;&#xA;    &lt;p&gt;&lt;em&gt;(Scientific evidence&amp;ndash;IV/V; Grade of recommendation&amp;ndash;C; Strength of panel opinion&amp;ndash;Strong)&lt;/em&gt;&lt;/p&gt;&#xD;&#xA;    &lt;/li&gt;&#xD;&#xA;    &lt;li&gt;Maintain a nonjudgmental attitude regarding sexual orientation and gender identity in order to elicit honest and productive discussion, while providing maximum privacy and maintaining confidentiality.&#xD;&#xA;    &lt;p&gt;&lt;em&gt;(Scientific evidence&amp;ndash;N/A; Grade of recommendation&amp;ndash;N/A; Strength of panel opinion&amp;ndash;Strong)&lt;/em&gt;&lt;/p&gt;&#xD;&#xA;    &lt;/li&gt;&#xD;&#xA;    &lt;li&gt;Determine the individual's interest and readiness to learn about sexual function and expression following his or her spinal cord injury (SCI). Be aware that some people with SCI may not feel comfortable in raising the topic directly.&#xD;&#xA;    &lt;p&gt;&lt;em&gt;(Scientific evidence&amp;ndash;IV/V; Grade of recommendation&amp;ndash;C; Strength of panel opinion&amp;ndash;Strong)&lt;/em&gt;&lt;/p&gt;&#xD;&#xA;    &lt;/li&gt;&#xD;&#xA;    &lt;li&gt;Encourage people with SCI to explore the role of sexuality in their lives and the various ways in which they may express their sexuality.&#xD;&#xA;    &lt;p&gt;&lt;em&gt;(Scientific evidence&amp;ndash;III/IV/V; Grade of recommendation&amp;ndash;C; Strength of panel opinion&amp;ndash;Strong)&lt;/em&gt;&lt;/p&gt;&#xD;&#xA;    &lt;/li&gt;&#xD;&#xA;    &lt;li&gt;Ensure that, for all individuals in rehabilitation or institutional settings, sexual expression is treated with privacy, respect, and dignity.&#xD;&#xA;    &lt;p&gt;&lt;em&gt;(Scientific evidence&amp;ndash;IV; Grade of recommendation&amp;ndash;C; Strength of panel opinion&amp;ndash;Strong)&lt;/em&gt;&lt;/p&gt;&#xD;&#xA;    &lt;/li&gt;&#xD;&#xA;&lt;/ol&gt;&#xD;&#xA;&lt;p&gt;&lt;strong&gt;&lt;span style=&quot;text-decoration: underline;&quot;&gt;Sexual History and Assessment &lt;/span&gt;&lt;/strong&gt;&lt;/p&gt;&#xD;&#xA;&lt;ol style=&quot;list-style-type: decimal;&quot; start=&quot;10&quot;&gt;&#xD;&#xA;    &lt;li&gt;Include general questions about sexuality and sexual function as early as possible in the rehabilitation process. Ask direct, open-ended questions to facilitate a discussion of sexual matters.&#xD;&#xA;    &lt;p&gt;&lt;em&gt;(Scientific evidence&amp;ndash;N/A; Grade of recommendation&amp;ndash;N/A; Strength of panel opinion&amp;ndash;Strong)&lt;/em&gt;&lt;/p&gt;&#xD;&#xA;    &lt;/li&gt;&#xD;&#xA;    &lt;li&gt;Ask individuals with SCI if they have experienced any previous sexual trauma, sexual dysfunction, or sexually transmitted disease that could affect their sexual function following injury.&#xD;&#xA;    &lt;p&gt;&lt;em&gt;(Scientific evidence&amp;ndash;N/A; Grade of recommendation&amp;ndash;N/A; Strength of panel opinion&amp;ndash;Strong)&lt;/em&gt;&lt;/p&gt;&#xD;&#xA;    &lt;/li&gt;&#xD;&#xA;    &lt;li&gt;Consider the individual's life context (cultural, environmental, spiritual, and social) during sexual education and counseling.&#xD;&#xA;    &lt;p&gt;&lt;em&gt;(Scientific evidence&amp;ndash;IV; Grade of recommendation&amp;ndash;C; Strength of panel opinion&amp;ndash;Strong)&lt;/em&gt;&lt;/p&gt;&#xD;&#xA;    &lt;/li&gt;&#xD;&#xA;    &lt;li&gt;Ensure that a medical assessment of the sexual reproductive system is conducted after SCI. The assessment should include a thorough examination of breasts and genitalia, as well as screenings for cervical, ovarian, uterine, breast, prostatic, and testicular cancers. Screening for sexually transmitted diseases, including human immunodeficiency virus/acquired immune deficiency syndrome (HIV/AIDS), should be provided as deemed appropriate through consultation with the individual. Provide counseling about human papillomavirus (HPV) immunization as appropriate.&#xD;&#xA;    &lt;p&gt;&lt;em&gt;(Scientific evidence&amp;ndash;I/III/IV/V; Grade of recommendation&amp;ndash;A; Strength of panel opinion&amp;ndash;Strong)&lt;/em&gt;&lt;/p&gt;&#xD;&#xA;    &lt;/li&gt;&#xD;&#xA;    &lt;li&gt;Perform a physical examination using the International Standards for Neurological Classification of Spinal Cord Injury (ISNCSCI), with special attention to the preservation of sensation from T11&amp;ndash;L2 and S2&amp;ndash;5 along with determination of the presence of voluntary anal contraction and reflexes to assess sexual function.&#xD;&#xA;    &lt;p&gt;&lt;em&gt;(Scientific evidence&amp;ndash;N/A; Grade of recommendation&amp;ndash;N/A; Strength of panel opinion&amp;ndash;Strong)&lt;/em&gt;&lt;/p&gt;&#xD;&#xA;    &lt;/li&gt;&#xD;&#xA;    &lt;li&gt;Assess the impact of the individual's injury on sexual responses (i.e., genital responses, based on a neurologic examination, such as the International Standards to Document Remaining Autonomic Function after Spinal Cord Injury).&#xD;&#xA;    &lt;p&gt;&lt;em&gt;(Scientific evidence&amp;ndash;II/III; Grade of recommendation&amp;ndash;B; Strength of panel opinion&amp;ndash;Strong)&lt;/em&gt;&lt;/p&gt;&#xD;&#xA;    &lt;/li&gt;&#xD;&#xA;    &lt;li&gt;Perform a detailed neuromusculoskeletal examination and functional assessment. Use the results of the examination to assist in counseling regarding sexual activity.&#xD;&#xA;    &lt;p&gt;&lt;em&gt;(Scientific evidence&amp;ndash;II/IV/V; Grade of recommendation&amp;ndash;B; Strength of panel opinion&amp;ndash;Strong)&lt;/em&gt;&lt;/p&gt;&#xD;&#xA;    &lt;/li&gt;&#xD;&#xA;    &lt;li&gt;Develop a sexual education and treatment plan with the individual consistent with the results of the sexual history, interview, relationship status, and physical exam findings.&#xD;&#xA;    &lt;p&gt;&lt;em&gt;(Scientific evidence&amp;ndash;N/A; Grade of recommendation&amp;ndash;N/A; Strength of panel opinion&amp;ndash;Strong)&lt;/em&gt;&lt;/p&gt;&#xD;&#xA;    &lt;/li&gt;&#xD;&#xA;    &lt;li&gt;Perform full physical examinations and neurological assessments regularly, in order to detect changes over time that may affect sexual function. The assessments should include the International Standards to Document Remaining Autonomic Function after Spinal Cord Injury to determine the neurological level and extent of injury.&#xD;&#xA;    &lt;p&gt;&lt;em&gt;(Scientific evidence&amp;ndash;III/IV; Grade of recommendation&amp;ndash;C; Strength of panel opinion&amp;ndash;Strong)&lt;/em&gt;&lt;/p&gt;&#xD;&#xA;    &lt;/li&gt;&#xD;&#xA;    &lt;li&gt;Educate persons with SCI about the effects of medication on sexual response and fertility. Medications include prescription, over-the-counter, or herbal remedies and/or supplements.&#xD;&#xA;    &lt;p&gt;&lt;em&gt;(Scientific evidence&amp;ndash;V; Grade of recommendation&amp;ndash;C; Strength of panel opinion&amp;ndash;Strong)&lt;/em&gt;&lt;/p&gt;&#xD;&#xA;    &lt;/li&gt;&#xD;&#xA;    &lt;li&gt;Educate the individual about the effects of alcohol, tobacco, and other drugs, as well as unhealthy eating habits and obesity, on sexual response and fertility.&#xD;&#xA;    &lt;p&gt;&lt;em&gt;(Scientific evidence&amp;ndash;N/A; Grade of recommendation&amp;ndash;N/A; Strength of panel opinion&amp;ndash;Strong)&lt;/em&gt;&lt;/p&gt;&#xD;&#xA;    &lt;/li&gt;&#xD;&#xA;    &lt;li&gt;Evaluate the individual with SCI for a diagnosis of depression or other psychological disorders if he or she exhibits such symptoms as loss of libido, poor concentration, fatigue, and/or changes in sleep or appetite.&#xD;&#xA;    &lt;p&gt;&lt;em&gt;(Scientific evidence&amp;ndash;IV; Grade of recommendation&amp;ndash;C; Strength of panel opinion&amp;ndash;Strong)&lt;/em&gt;&lt;/p&gt;&#xD;&#xA;    &lt;/li&gt;&#xD;&#xA;    &lt;li&gt;Evaluate for a diagnosis of testosterone deficiency in men with SCI presenting with suppressed libido, reduced strength, fatigue, or poor response to phosphodiesterase type 5 inhibitors (PDE5is) for erection enhancement.&#xD;&#xA;    &lt;p&gt;&lt;em&gt;(Scientific evidence&amp;ndash;III/IV/V; Grade of recommendation&amp;ndash;C; Strength of panel opinion&amp;ndash;Strong)&lt;/em&gt;&lt;/p&gt;&#xD;&#xA;    &lt;/li&gt;&#xD;&#xA;&lt;/ol&gt;&#xD;&#xA;&lt;p&gt;&lt;strong&gt;&lt;span style=&quot;text-decoration: underline;&quot;&gt;Education&lt;/span&gt;&lt;/strong&gt;&lt;/p&gt;&#xD;&#xA;&lt;ol style=&quot;list-style-type: decimal;&quot; start=&quot;23&quot;&gt;&#xD;&#xA;    &lt;li&gt;Maintain professional boundaries under all circumstances when addressing sexual issues with individuals with SCI and their partners.&#xD;&#xA;    &lt;p&gt;&lt;em&gt;(Scientific evidence&amp;ndash;N/A; Grade of recommendation&amp;ndash;N/A; Strength of panel opinion&amp;ndash;Strong)&lt;/em&gt;&lt;/p&gt;&#xD;&#xA;    &lt;/li&gt;&#xD;&#xA;    &lt;li&gt;Consider age at onset of injury and previous sexual experience when assessing the sexual knowledge of the adult individual with SCI. Provide sexual education and counseling accordingly.&#xD;&#xA;    &lt;p&gt;&lt;em&gt;(Scientific evidence&amp;ndash;IV; Grade of recommendation&amp;ndash;C; Strength of panel opinion&amp;ndash;Strong)&lt;/em&gt;&lt;/p&gt;&#xD;&#xA;    &lt;/li&gt;&#xD;&#xA;    &lt;li&gt;If explicit educational media (videos, pictures, books, magazines, etc.) are going to be used for education, evaluate the individual's readiness to view such material and use material only when health-care providers with counseling skills are available to help the individual process the information and gauge his or her reaction to the media. Use these materials only in accordance with state and/or institutional laws.&#xD;&#xA;    &lt;p&gt;&lt;em&gt;(Scientific evidence&amp;ndash;N/A; Grade of recommendation&amp;ndash;N/A; Strength of panel opinion&amp;ndash;Strong)&lt;/em&gt;&lt;/p&gt;&#xD;&#xA;    &lt;/li&gt;&#xD;&#xA;&lt;/ol&gt;&#xD;&#xA;&lt;p&gt;&lt;strong&gt;&lt;span style=&quot;text-decoration: underline;&quot;&gt;Maintaining Sexual Well-Being&lt;/span&gt;&lt;/strong&gt;&lt;/p&gt;&#xD;&#xA;&lt;ol style=&quot;list-style-type: decimal;&quot; start=&quot;26&quot;&gt;&#xD;&#xA;    &lt;li&gt;Provide information on methods to enhance sensuality by using all available senses.&#xD;&#xA;    &lt;p&gt;&lt;em&gt;(Scientific evidence&amp;ndash;IV; Grade of recommendation&amp;ndash;C; Strength of panel opinion&amp;ndash;Strong)&lt;/em&gt;&lt;/p&gt;&#xD;&#xA;    &lt;/li&gt;&#xD;&#xA;    &lt;li&gt;Provide information on sexual assistive devices (sex toys) that are sometimes used to enhance sexual experiences. Provide appropriate cautions about contraindications as well as information regarding skin protection, prolonged penile constriction, and dysreflexia. Inform individuals that sexual enhancement devices may be modified to accommodate limited mobility.&#xD;&#xA;    &lt;p&gt;&lt;em&gt;(Scientific evidence&amp;ndash;N/A; Grade of recommendation&amp;ndash;N/A; Strength of panel opinion&amp;ndash;Strong)&lt;/em&gt;&lt;/p&gt;&#xD;&#xA;    &lt;/li&gt;&#xD;&#xA;    &lt;li&gt;Encourage individuals to consider expanding their sexual repertoire to enhance their sexual pleasure following injury. Discuss the broad range of options for sexual expression and pleasure for individuals with SCI.&#xD;&#xA;    &lt;p&gt;&lt;em&gt;(Scientific evidence&amp;ndash;IV; Grade of recommendation&amp;ndash;C; Strength of panel opinion&amp;ndash;Strong)&lt;/em&gt;&lt;/p&gt;&#xD;&#xA;    &lt;/li&gt;&#xD;&#xA;&lt;/ol&gt;&#xD;&#xA;&lt;p&gt;&lt;strong&gt;&lt;span style=&quot;text-decoration: underline;&quot;&gt;Physical and Practical Considerations&lt;/span&gt;&lt;/strong&gt;&lt;/p&gt;&#xD;&#xA;&lt;p&gt;&lt;strong&gt;Bladder and Bowel&lt;/strong&gt;&lt;/p&gt;&#xD;&#xA;&lt;ol style=&quot;list-style-type: decimal;&quot; start=&quot;29&quot;&gt;&#xD;&#xA;    &lt;li&gt;Encourage individuals to consider bladder care prior to sexual activity and to explore contingency plans, as necessary, if incontinence should occur.&#xD;&#xA;    &lt;p&gt;&lt;em&gt;(Scientific evidence&amp;ndash;II/IV; Grade of recommendation&amp;ndash;B; Strength of panel opinion&amp;ndash;Strong)&lt;/em&gt;&lt;/p&gt;&#xD;&#xA;    &lt;/li&gt;&#xD;&#xA;    &lt;li&gt;Encourage individuals to consider bowel care prior to sexual activity and to explore contingency plans, as necessary, if incontinence should occur.&#xD;&#xA;    &lt;p&gt;&lt;em&gt;(Scientific evidence&amp;ndash;IV; Grade of recommendation&amp;ndash;C; Strength of panel opinion&amp;ndash;Strong)&lt;/em&gt;&lt;/p&gt;&#xD;&#xA;    &lt;/li&gt;&#xD;&#xA;&lt;/ol&gt;&#xD;&#xA;&lt;p&gt;&lt;strong&gt;Skin Care&lt;/strong&gt;&lt;/p&gt;&#xD;&#xA;&lt;ol style=&quot;list-style-type: decimal;&quot; start=&quot;31&quot;&gt;&#xD;&#xA;    &lt;li&gt;Inform individuals that existing pressure ulcers do not necessarily preclude engagement in sexual activity and discuss ways to avoid injuring skin or exacerbating existing pressure ulcers.&#xD;&#xA;    &lt;p&gt;&lt;em&gt;(Scientific evidence&amp;ndash;N/A; Grade of recommendation&amp;ndash;N/A; Strength of panel opinion&amp;ndash;Strong)&lt;/em&gt;&lt;/p&gt;&#xD;&#xA;    &lt;/li&gt;&#xD;&#xA;    &lt;li&gt;Instruct individuals to inspect insensate skin surfaces, particularly around the genitalia and buttocks, immediately after sexual activity as these areas may have received excessive friction, pressure, or tears.&#xD;&#xA;    &lt;p&gt;&lt;em&gt;(Scientific evidence&amp;ndash;III; Grade of recommendation&amp;ndash;C; Strength of panel opinion&amp;ndash;Strong)&amp;nbsp;&lt;/em&gt;&lt;/p&gt;&#xD;&#xA;    &lt;/li&gt;&#xD;&#xA;&lt;/ol&gt;&#xD;&#xA;&lt;p&gt;&lt;strong&gt;Secondary Medical Complications&lt;/strong&gt;&lt;/p&gt;&#xD;&#xA;&lt;ol style=&quot;list-style-type: decimal;&quot; start=&quot;33&quot;&gt;&#xD;&#xA;    &lt;li&gt;Educate individuals with SCI about optimal positioning during sexual activity in order to protect limbs from damage.&#xD;&#xA;    &lt;p&gt;&lt;em&gt;(Scientific evidence&amp;ndash;N/A; Grade of recommendation&amp;ndash;N/A; Strength of panel opinion&amp;ndash;Strong)&lt;/em&gt;&lt;/p&gt;&#xD;&#xA;    &lt;/li&gt;&#xD;&#xA;    &lt;li&gt;Inform individuals with SCI that it is common for their level of spasticity to change as a result of sexual activity.&#xD;&#xA;    &lt;p&gt;&lt;em&gt;(Scientific evidence&amp;ndash;IV; Grade of recommendation&amp;ndash;C; Strength of panel opinion&amp;ndash;Strong)&lt;/em&gt;&lt;/p&gt;&#xD;&#xA;    &lt;/li&gt;&#xD;&#xA;    &lt;li&gt;Educate individuals about the relationship between sexual activity and the possible onset of autonomic dysreflexia (AD), with or without symptoms, especially in people with injuries at or above T6. Instruct individuals with SCI to modify sexual activity if they experience AD.&#xD;&#xA;    &lt;p&gt;&lt;em&gt;(Scientific evidence&amp;ndash;I/II; Grade of recommendation&amp;ndash;A; Strength of panel opinion&amp;ndash;Strong)&lt;/em&gt;&lt;/p&gt;&#xD;&#xA;    &lt;/li&gt;&#xD;&#xA;    &lt;li&gt;Ensure that individuals with SCI understand that they remain at risk for acquiring or transmitting sexually transmitted infections (STIs), also commonly known as STDs (or sexually transmitted diseases).&#xD;&#xA;    &lt;p&gt;&lt;em&gt;(Scientific evidence&amp;ndash;N/A; Grade of recommendation&amp;ndash;N/A; Strength of panel opinion&amp;ndash;Strong)&lt;/em&gt;&lt;/p&gt;&#xD;&#xA;    &lt;/li&gt;&#xD;&#xA;&lt;/ol&gt;&#xD;&#xA;&lt;p&gt;&lt;strong&gt;Optimal Positioning for Sexual Activity&lt;/strong&gt;&lt;/p&gt;&#xD;&#xA;&lt;ol style=&quot;list-style-type: decimal;&quot; start=&quot;37&quot;&gt;&#xD;&#xA;    &lt;li&gt;Educate individuals about obtaining assistance from caregivers in their preparation for sexual activity.&#xD;&#xA;    &lt;p&gt;&lt;em&gt;(Scientific evidence&amp;ndash;N/A; Grade of recommendation&amp;ndash;N/A; Strength of panel opinion&amp;ndash;Strong)&lt;/em&gt;&lt;/p&gt;&#xD;&#xA;    &lt;/li&gt;&#xD;&#xA;    &lt;li&gt;Ascertain the necessary spine precautions specific to the individual and translate that information into safe levels of sexual activity. After spinal cord injury, intimacy and affection are encouraged; however, individuals need to be cognizant of the potential risk of further injury.&#xD;&#xA;    &lt;p&gt;&lt;em&gt;(Scientific evidence&amp;ndash;N/A; Grade of recommendation&amp;ndash;N/A; Strength of panel opinion&amp;ndash;Strong)&lt;/em&gt;&lt;/p&gt;&#xD;&#xA;    &lt;/li&gt;&#xD;&#xA;    &lt;li&gt;Suggest environmental modifications that enhance the quality of the sexual experience.&#xD;&#xA;    &lt;p&gt;&lt;em&gt;(Scientific evidence&amp;ndash;N/A; Grade of recommendation&amp;ndash;N/A; Strength of panel opinion&amp;ndash;Strong)&lt;/em&gt;&lt;/p&gt;&#xD;&#xA;    &lt;/li&gt;&#xD;&#xA;    &lt;li&gt;Teach the person with SCI optimal positioning and bed mobility in accordance with his or her injury.&#xD;&#xA;    &lt;p&gt;&lt;em&gt;(Scientific evidence&amp;ndash;N/A; Grade of recommendation&amp;ndash;N/A; Strength of panel opinion&amp;ndash;Strong)&lt;/em&gt;&lt;/p&gt;&#xD;&#xA;    &lt;/li&gt;&#xD;&#xA;    &lt;li&gt;Educate individuals with SCI and their partners about safety measures to consider when engaging in sexual activity while in a wheelchair. Encourage individuals to learn about the safety limits of their particular chair.&#xD;&#xA;    &lt;p&gt;&lt;em&gt;(Scientific evidence&amp;ndash;N/A; Grade of recommendation&amp;ndash;N/A; Strength of panel opinion&amp;ndash;Strong)&lt;/em&gt;&lt;/p&gt;&#xD;&#xA;    &lt;/li&gt;&#xD;&#xA;    &lt;li&gt;Discuss safety issues related to the use of shower and shower equipment for sexual activity (e.g., burns induced by hot water, risks of slipping or falling, and weight limits that may apply to shower chairs). Inform the individual that high-weight capacity shower chairs are available.&#xD;&#xA;    &lt;p&gt;&lt;em&gt;(Scientific evidence&amp;ndash;N/A; Grade of recommendation&amp;ndash;N/A; Strength of panel opinion&amp;ndash;Strong)&lt;/em&gt;&lt;/p&gt;&#xD;&#xA;    &lt;/li&gt;&#xD;&#xA;    &lt;li&gt;Discuss the use of adaptive equipment required by aging individuals with SCI and people with aging partners.&#xD;&#xA;    &lt;p&gt;&lt;em&gt;(Scientific evidence&amp;ndash;IV; Grade of recommendation&amp;ndash;C; Strength of panel opinion&amp;ndash;Strong)&lt;/em&gt;&lt;/p&gt;&#xD;&#xA;    &lt;/li&gt;&#xD;&#xA;&lt;/ol&gt;&#xD;&#xA;&lt;p&gt;&lt;strong&gt;&lt;span style=&quot;text-decoration: underline;&quot;&gt;Effect of Injury on Sexual Function, Responsiveness, and Expression&lt;/span&gt;&lt;/strong&gt;&lt;/p&gt;&#xD;&#xA;&lt;ol style=&quot;list-style-type: decimal;&quot; start=&quot;44&quot;&gt;&#xD;&#xA;    &lt;li&gt;Discuss the fluctuations that may occur with sexual desire and interest following SCI.&#xD;&#xA;    &lt;p&gt;&lt;em&gt;(Scientific evidence&amp;ndash;II/III/IV/V; Grade of recommendation&amp;ndash;B; Strength of panel opinion&amp;ndash;Strong)&lt;/em&gt;&lt;/p&gt;&#xD;&#xA;    &lt;/li&gt;&#xD;&#xA;    &lt;li&gt;Discuss the potential for discovering and developing new areas of the body that may stimulate sexual arousal (erogenous zones) and lead to sexual pleasure and possible orgasm.&#xD;&#xA;    &lt;p&gt;&lt;em&gt;(Scientific evidence&amp;ndash;III/V; Grade of recommendation&amp;ndash;C; Strength of panel opinion&amp;ndash;Strong)&lt;/em&gt;&lt;/p&gt;&#xD;&#xA;    &lt;/li&gt;&#xD;&#xA;    &lt;li&gt;Explain that reflex erections may occur with either sexual stimulation or nonsexual stimuli.&#xD;&#xA;    &lt;p&gt;&lt;em&gt;(Scientific evidence&amp;ndash;II/III; Grade of recommendation&amp;ndash;B; Strength of panel opinion&amp;ndash;Strong)&lt;/em&gt;&lt;/p&gt;&#xD;&#xA;    &lt;/li&gt;&#xD;&#xA;    &lt;li&gt;Explain to the individual the potential impact of injury on arousal and orgasm.&#xD;&#xA;    &lt;p&gt;&lt;em&gt;(Scientific evidence&amp;ndash;II/III/IV; Grade of recommendation&amp;ndash;B; Strength of panel opinion&amp;ndash;Strong)&lt;/em&gt;&lt;/p&gt;&#xD;&#xA;    &lt;/li&gt;&#xD;&#xA;    &lt;li&gt;Discuss the potential ability for men to achieve ejaculation and genitally induced orgasm following SCI.&#xD;&#xA;    &lt;p&gt;&lt;em&gt;(Scientific evidence&amp;ndash;I/II/IV; Grade of recommendation&amp;ndash;A; Strength of panel opinion&amp;ndash;Strong)&lt;/em&gt;&lt;/p&gt;&#xD;&#xA;    &lt;/li&gt;&#xD;&#xA;    &lt;li&gt;Support individuals with SCI if they wish to experiment with giving and receiving erotic pleasure through touch.&#xD;&#xA;    &lt;p&gt;&lt;em&gt;(Scientific evidence&amp;ndash;N/A; Grade of recommendation&amp;ndash;N/A; Strength of panel opinion&amp;ndash;Strong)&lt;/em&gt;&lt;/p&gt;&#xD;&#xA;    &lt;/li&gt;&#xD;&#xA;    &lt;li&gt;When appropriate, educate individuals with SCI that masturbation can be an enjoyable form of sexual expression.&#xD;&#xA;    &lt;p&gt;&lt;em&gt;(Scientific evidence&amp;ndash;III; Grade of recommendation&amp;ndash;C; Strength of panel opinion&amp;ndash;Strong)&lt;/em&gt;&lt;/p&gt;&#xD;&#xA;    &lt;/li&gt;&#xD;&#xA;&lt;/ol&gt;&#xD;&#xA;&lt;p&gt;&lt;strong&gt;&lt;span style=&quot;text-decoration: underline;&quot;&gt;Treatment of Dysfunction&lt;/span&gt;&lt;/strong&gt;&lt;/p&gt;&#xD;&#xA;&lt;ol style=&quot;list-style-type: decimal;&quot; start=&quot;51&quot;&gt;&#xD;&#xA;    &lt;li&gt;Provide resources for sex education, counseling, and sex therapy when indicated.&#xD;&#xA;    &lt;p&gt;&lt;em&gt;(Scientific evidence&amp;ndash;IV; Grade of recommendation&amp;ndash;C; Strength of panel opinion&amp;ndash;Strong)&lt;/em&gt;&lt;/p&gt;&#xD;&#xA;    &lt;/li&gt;&#xD;&#xA;    &lt;li&gt;Caution men and women with SCI about the potential risks related to services or products available without a prescription.&#xD;&#xA;    &lt;p&gt;&lt;em&gt;(Scientific evidence&amp;ndash;III; Grade of recommendation&amp;ndash;C; Strength of panel opinion&amp;ndash;Strong)&lt;/em&gt;&lt;/p&gt;&#xD;&#xA;    &lt;/li&gt;&#xD;&#xA;    &lt;li&gt;Treat erectile dysfunction (ED) in men with SCI with the least invasive methods before prescribing interventions that may produce an adverse reaction. Encourage men with SCI to enhance their existing sexual function before using medical interventions.&#xD;&#xA;    &lt;p&gt;&lt;em&gt;(Scientific evidence&amp;ndash;III; Grade of recommendation&amp;ndash;C; Strength of panel opinion&amp;ndash;Strong)&lt;/em&gt;&lt;/p&gt;&#xD;&#xA;    &lt;/li&gt;&#xD;&#xA;    &lt;li&gt;Consider testosterone replacement therapy for men with SCI if a testosterone deficiency is determined to be a contributing factor in the man's sexual dysfunction or lack of libido.&#xD;&#xA;    &lt;p&gt;&lt;em&gt;(Scientific evidence&amp;ndash;III/V; Grade of recommendation&amp;ndash;C; Strength of panel opinion&amp;ndash;Strong)&lt;/em&gt;&lt;/p&gt;&#xD;&#xA;    &lt;/li&gt;&#xD;&#xA;    &lt;li&gt;Inform men with SCI about the full range of options for treating erectile dysfunction and develop an individualized treatment plan as needed.&#xD;&#xA;    &lt;p&gt;&lt;em&gt;(Scientific evidence&amp;ndash;III; Grade of recommendation&amp;ndash;C; Strength of panel opinion&amp;ndash;Strong)&lt;/em&gt;&lt;/p&gt;&#xD;&#xA;    &lt;/li&gt;&#xD;&#xA;    &lt;li&gt;Educate men with SCI about oral medications to treat erectile dysfunction.&#xD;&#xA;    &lt;p&gt;&lt;em&gt;(Scientific evidence&amp;ndash;III; Grade of recommendation&amp;ndash;C; Strength of panel opinion&amp;ndash;Strong)&lt;/em&gt;&lt;/p&gt;&#xD;&#xA;    &lt;/li&gt;&#xD;&#xA;    &lt;li&gt;Educate men with SCI about intracavernosal injections for the treatment of erectile dysfunction.&#xD;&#xA;    &lt;p&gt;&lt;em&gt;(Scientific evidence&amp;ndash;N/A; Grade of recommendation&amp;ndash;N/A; Strength of panel opinion&amp;ndash;Strong)&lt;/em&gt;&lt;/p&gt;&#xD;&#xA;    &lt;/li&gt;&#xD;&#xA;    &lt;li&gt;Educate men with SCI about vacuum devices for the treatment of erectile dysfunction.&#xD;&#xA;    &lt;p&gt;&lt;em&gt;(Scientific evidence&amp;ndash;III; Grade of recommendation&amp;ndash;C; Strength of panel opinion&amp;ndash;Strong)&lt;/em&gt;&lt;/p&gt;&#xD;&#xA;    &lt;/li&gt;&#xD;&#xA;    &lt;li&gt;Educate men with SCI about using intraurethral medications to treat erectile dysfunction.&#xD;&#xA;    &lt;p&gt;&lt;em&gt;(Scientific evidence&amp;ndash;N/A; Grade of recommendation&amp;ndash;N/A; Strength of panel opinion&amp;ndash;Strong)&lt;/em&gt;&lt;/p&gt;&#xD;&#xA;    &lt;/li&gt;&#xD;&#xA;    &lt;li&gt;Provide information about penile implants for the treatment of erectile dysfunction (also known as implantable penile prostheses) when nonsurgical treatments are ineffective or unsatisfactory.&#xD;&#xA;    &lt;p&gt;&lt;em&gt;(Scientific evidence&amp;ndash;IV; Grade of recommendation&amp;ndash;C; Strength of panel opinion&amp;ndash;Strong)&lt;/em&gt;&lt;/p&gt;&#xD;&#xA;    &lt;/li&gt;&#xD;&#xA;    &lt;li&gt;Discuss the potential risk of penile trauma for men with SCI.&#xD;&#xA;    &lt;p&gt;&lt;em&gt;(Scientific evidence&amp;ndash;III; Grade of recommendation&amp;ndash;C; Strength of panel opinion&amp;ndash;Strong)&lt;/em&gt;&lt;/p&gt;&#xD;&#xA;    &lt;/li&gt;&#xD;&#xA;    &lt;li&gt;Inform women with SCI about external devices that are available to enhance genital arousal and orgasmic potential.&#xD;&#xA;    &lt;p&gt;&lt;em&gt;(Scientific evidence&amp;ndash;III; Grade of recommendation&amp;ndash;C; Strength of panel opinion&amp;ndash;Strong)&lt;/em&gt;&lt;/p&gt;&#xD;&#xA;    &lt;/li&gt;&#xD;&#xA;&lt;/ol&gt;&#xD;&#xA;&lt;p&gt;&lt;strong&gt;&lt;span style=&quot;text-decoration: underline;&quot;&gt;Effects on Fertility &lt;/span&gt;&lt;/strong&gt;&lt;/p&gt;&#xD;&#xA;&lt;p&gt;&lt;strong&gt;Female Fertility&lt;/strong&gt;&lt;/p&gt;&#xD;&#xA;&lt;ol style=&quot;list-style-type: decimal;&quot; start=&quot;63&quot;&gt;&#xD;&#xA;    &lt;li&gt;Ensure that women with SCI have proper information regarding the effect of injury on menstruation.&#xD;&#xA;    &lt;p&gt;&lt;em&gt;(Scientific evidence&amp;ndash;IV/V; Grade of recommendation&amp;ndash;C; Strength of panel opinion&amp;ndash;Strong)&lt;/em&gt;&lt;/p&gt;&#xD;&#xA;    &lt;/li&gt;&#xD;&#xA;    &lt;li&gt;Ensure that women with SCI are informed about reproductive health, obstetric and gynecological services specific to their needs.&#xD;&#xA;    &lt;p&gt;&lt;em&gt;(Scientific evidence&amp;ndash;IV/V; Grade of recommendation&amp;ndash;C; Strength of panel opinion&amp;ndash;Strong)&lt;/em&gt;&lt;/p&gt;&#xD;&#xA;    &lt;/li&gt;&#xD;&#xA;    &lt;li&gt;Determine the safest birth control method for the woman with SCI. Risks associated with the various birth control methods should be assessed and discussed with the woman.&#xD;&#xA;    &lt;p&gt;&lt;em&gt;(Scientific evidence&amp;ndash;IV/V; Grade of recommendation&amp;ndash;C; Strength of panel opinion&amp;ndash;Strong)&lt;/em&gt;&lt;/p&gt;&#xD;&#xA;    &lt;/li&gt;&#xD;&#xA;    &lt;li&gt;Provide women with SCI information about fertility and pregnancy.&#xD;&#xA;    &lt;p&gt;&lt;em&gt;(Scientific evidence&amp;ndash;II/IV; Grade of recommendation&amp;ndash;B; Strength of panel opinion&amp;ndash;Strong)&lt;/em&gt;&lt;/p&gt;&#xD;&#xA;    &lt;/li&gt;&#xD;&#xA;    &lt;li&gt;Outline the steps that can be taken to ensure the best medical outcomes for the pregnant woman with SCI. Recommend that a medical provider with SCI expertise be involved throughout the pregnancy.&#xD;&#xA;    &lt;p&gt;&lt;em&gt;(Scientific evidence&amp;ndash;II/IV; Grade of recommendation&amp;ndash;B; Strength of panel opinion&amp;ndash;Strong)&lt;/em&gt;&lt;/p&gt;&#xD;&#xA;    &lt;/li&gt;&#xD;&#xA;    &lt;li&gt;Ensure that wheelchair seating will allow for an upright seated posture with proper alignment throughout pregnancy; this will require repeated adjustments to the wheelchair.&#xD;&#xA;    &lt;p&gt;&lt;em&gt;(Scientific evidence&amp;ndash;N/A; Grade of recommendation&amp;ndash;N/A; Strength of panel opinion&amp;ndash;Strong)&lt;/em&gt;&lt;/p&gt;&#xD;&#xA;    &lt;/li&gt;&#xD;&#xA;    &lt;li&gt;Ensure the implementation of safe transfer techniques during pregnancy.&#xD;&#xA;    &lt;p&gt;&lt;em&gt;(Scientific evidence&amp;ndash;N/A; Grade of recommendation&amp;ndash;N/A; Strength of panel opinion&amp;ndash;Strong)&lt;/em&gt;&lt;/p&gt;&#xD;&#xA;    &lt;/li&gt;&#xD;&#xA;    &lt;li&gt;Regularly assess the status of activities of daily living to ensure that safe and efficient movements and positioning are being used during pregnancy. Determine if assistive devices need to be modified or changed.&#xD;&#xA;    &lt;p&gt;&lt;em&gt;(Scientific evidence&amp;ndash;IV; Grade of recommendation&amp;ndash;C; Strength of panel opinion&amp;ndash;Strong)&lt;/em&gt;&lt;/p&gt;&#xD;&#xA;    &lt;/li&gt;&#xD;&#xA;    &lt;li&gt;Plan for labor and delivery to accommodate the particular needs of the woman with SCI, and carefully monitor the potential onset of autonomic dysreflexia during labor and delivery.&#xD;&#xA;    &lt;p&gt;&lt;em&gt;(Scientific evidence&amp;ndash;IV; Grade of recommendation&amp;ndash;C; Strength of panel opinion&amp;ndash;Strong)&lt;/em&gt;&lt;/p&gt;&#xD;&#xA;    &lt;/li&gt;&#xD;&#xA;    &lt;li&gt;Educate women with SCI about the effects of perimenopause and menopause after SCI.&#xD;&#xA;    &lt;p&gt;&lt;em&gt;(Scientific evidence&amp;ndash;IV; Grade of recommendation&amp;ndash;C; Strength of panel opinion&amp;ndash;Strong)&lt;/em&gt;&lt;/p&gt;&#xD;&#xA;    &lt;/li&gt;&#xD;&#xA;&lt;/ol&gt;&#xD;&#xA;&lt;p&gt;&lt;strong&gt;Male Fertility&lt;/strong&gt;&lt;/p&gt;&#xD;&#xA;&lt;ol style=&quot;list-style-type: decimal;&quot; start=&quot;73&quot;&gt;&#xD;&#xA;    &lt;li&gt;Discuss the prognosis for biological fatherhood and options for assisted fertility.&#xD;&#xA;    &lt;p&gt;&lt;em&gt;(Scientific evidence&amp;ndash;I/II/III/IV; Grade of recommendation&amp;ndash;A; Strength of panel opinion&amp;ndash;Strong)&lt;/em&gt;&lt;/p&gt;&#xD;&#xA;    &lt;/li&gt;&#xD;&#xA;    &lt;li&gt;Perform semen analysis for men interested in biological fatherhood in order to provide information and make recommendations for achieving pregnancy.&#xD;&#xA;    &lt;p&gt;&lt;em&gt;(Scientific evidence&amp;ndash;I/III/IV; Grade of recommendation&amp;ndash;A; Strength of panel opinion&amp;ndash;Strong)&lt;/em&gt;&lt;/p&gt;&#xD;&#xA;    &lt;/li&gt;&#xD;&#xA;&lt;/ol&gt;&#xD;&#xA;&lt;p&gt;&lt;strong&gt;For Men and Women&lt;/strong&gt;&lt;/p&gt;&#xD;&#xA;&lt;ol style=&quot;list-style-type: decimal;&quot; start=&quot;75&quot;&gt;&#xD;&#xA;    &lt;li&gt;Provide education about adoption as an option for some individuals with SCI.&#xD;&#xA;    &lt;p&gt;&lt;em&gt;(Scientific evidence&amp;ndash;II; Grade of recommendation&amp;ndash;B; Strength of panel opinion&amp;ndash;Strong)&lt;/em&gt;&lt;/p&gt;&#xD;&#xA;    &lt;/li&gt;&#xD;&#xA;&lt;/ol&gt;&#xD;&#xA;&lt;p&gt;&lt;strong&gt;&lt;span style=&quot;text-decoration: underline;&quot;&gt;Relationship Issues&lt;/span&gt;&lt;/strong&gt;&lt;/p&gt;&#xD;&#xA;&lt;ol style=&quot;list-style-type: decimal;&quot; start=&quot;76&quot;&gt;&#xD;&#xA;    &lt;li&gt;Encourage individuals with SCI to discuss any concerns that they may have regarding relationships post injury.&#xD;&#xA;    &lt;p&gt;&lt;em&gt;(Scientific evidence&amp;ndash;III/IV; Grade of recommendation&amp;ndash;C; Strength of panel opinion&amp;ndash;Strong)&lt;/em&gt;&lt;/p&gt;&#xD;&#xA;    &lt;/li&gt;&#xD;&#xA;    &lt;li&gt;Provide opportunities for people with SCI to include their partners in discussions regarding intimacy, sexuality, and fertility.&#xD;&#xA;    &lt;p&gt;&lt;em&gt;(Scientific evidence&amp;ndash;IV; Grade of recommendation&amp;ndash;C; Strength of panel opinion&amp;ndash;Strong)&lt;/em&gt;&lt;/p&gt;&#xD;&#xA;    &lt;/li&gt;&#xD;&#xA;    &lt;li&gt;Provide opportunities for partners to ask questions and get information about sexuality and fertility whenever possible. In so doing, providers must protect the confidentiality of both parties.&#xD;&#xA;    &lt;p&gt;&lt;em&gt;(Scientific evidence&amp;ndash;IV; Grade of recommendation&amp;ndash;C; Strength of panel opinion&amp;ndash;Strong)&lt;/em&gt;&lt;/p&gt;&#xD;&#xA;    &lt;/li&gt;&#xD;&#xA;    &lt;li&gt;Assist with education and problem solving for people with SCI who may be interested in a sexual relationship with another person who also has a disability.&#xD;&#xA;    &lt;p&gt;&lt;em&gt;(Scientific evidence&amp;ndash;IV; Grade of recommendation&amp;ndash;C; Strength of panel opinion&amp;ndash;Strong)&lt;/em&gt;&lt;/p&gt;&#xD;&#xA;    &lt;/li&gt;&#xD;&#xA;    &lt;li&gt;Discuss the maintenance of healthy interpersonal relationships that existed prior to injury. Assist individuals with developing social skills that will promote healthy interpersonal and sexual relationships.&#xD;&#xA;    &lt;p&gt;&lt;em&gt;(Scientific evidence&amp;ndash;IV; Grade of recommendation&amp;ndash;C; Strength of panel opinion&amp;ndash;Strong)&lt;/em&gt;&lt;/p&gt;&#xD;&#xA;    &lt;/li&gt;&#xD;&#xA;    &lt;li&gt;Offer guidance on using the Internet to meet potential partners for intimate relationships and marriage.&#xD;&#xA;    &lt;p&gt;&lt;em&gt;(Scientific evidence&amp;ndash;N/A; Grade of recommendation&amp;ndash;N/A; Strength of panel opinion&amp;ndash;Strong)&lt;/em&gt;&lt;/p&gt;&#xD;&#xA;    &lt;/li&gt;&#xD;&#xA;    &lt;li&gt;Encourage individuals with SCI to develop and/or maintain positive relationships with their children.&#xD;&#xA;    &lt;p&gt;&lt;em&gt;(Scientific evidence&amp;ndash;II/III/V; Grade of recommendation&amp;ndash;B; Strength of panel opinion&amp;ndash;Strong)&lt;/em&gt;&lt;/p&gt;&#xD;&#xA;    &lt;/li&gt;&#xD;&#xA;    &lt;li&gt;Support the individual with his or her reintegration into the family.&#xD;&#xA;    &lt;p&gt;&lt;em&gt;(Scientific evidence&amp;ndash;V; Grade of recommendation&amp;ndash;C; Strength of panel opinion&amp;ndash;Strong)&lt;/em&gt;&lt;/p&gt;&#xD;&#xA;    &lt;/li&gt;&#xD;&#xA;    &lt;li&gt;Ensure that individuals with SCI receive counseling that promotes a positive body image and encourages a respect for one's body after SCI.&#xD;&#xA;    &lt;p&gt;&lt;em&gt;(Scientific evidence&amp;ndash;V; Grade of recommendation&amp;ndash;C; Strength of panel opinion&amp;ndash;Strong)&lt;/em&gt;&lt;/p&gt;&#xD;&#xA;    &lt;/li&gt;&#xD;&#xA;    &lt;li&gt;Discuss options for providing assistance for activities of daily living from someone other than the romantic partner.&#xD;&#xA;    &lt;p&gt;&lt;em&gt;(Scientific evidence&amp;ndash;N/A; Grade of recommendation&amp;ndash;N/A; Strength of panel opinion&amp;ndash;Strong)&lt;/em&gt;&lt;/p&gt;&#xD;&#xA;    &lt;/li&gt;&#xD;&#xA;&lt;/ol&gt;&#xD;&#xA;&lt;p&gt;&lt;span style=&quot;text-decoration: underline;&quot;&gt;&lt;strong&gt;Definitions&lt;/strong&gt;&lt;/span&gt;:&lt;/p&gt;&#xD;&#xA;&lt;p&gt;&lt;strong&gt;Levels of Evidence&lt;/strong&gt;&lt;/p&gt;&#xD;&#xA;&lt;ol style=&quot;list-style-type: upper-roman;&quot;&gt;&#xD;&#xA;    &lt;li&gt;Evidence based on randomized controlled clinical trials (or meta-analysis of such trials) of adequate size to ensure a low risk of incorporating false-positive or false-negative results. &lt;/li&gt;&#xD;&#xA;    &lt;li&gt;Evidence based on randomized controlled trials that were too small to provide level I evidence. These may have shown either positive trends that were not statistically significant or no trends and were associated with a high risk of false-negative results. &lt;/li&gt;&#xD;&#xA;    &lt;li&gt;Evidence based on nonrandomized, controlled or cohort studies, case series, case-controlled studies, or cross-sectional studies. &lt;/li&gt;&#xD;&#xA;    &lt;li&gt;Evidence based on the opinion of respected authorities or that of expert committees as indicated in published consensus conferences or guidelines. &lt;/li&gt;&#xD;&#xA;    &lt;li&gt;Evidence that expresses the opinion of those individuals who have written and reviewed this guideline, based on experience, knowledge of the relevant literature, and discussions with peers. &lt;/li&gt;&#xD;&#xA;&lt;/ol&gt;&#xD;&#xA;&lt;p&gt;&lt;strong&gt;Categories of Strength of Evidence Associated with the Recommendations&lt;/strong&gt;&lt;/p&gt;&#xD;&#xA;&lt;ol style=&quot;list-style-type: upper-alpha;&quot;&gt;&#xD;&#xA;    &lt;li&gt;The guideline recommendation is supported by one or more level I studies. &lt;/li&gt;&#xD;&#xA;    &lt;li&gt;The guideline recommendation is supported by one or more level II studies. &lt;/li&gt;&#xD;&#xA;    &lt;li&gt;The guideline recommendation is supported only by one or more level III, IV, or V studies. &lt;/li&gt;&#xD;&#xA;&lt;/ol&gt;&#xD;&#xA;&lt;p&gt;&lt;strong&gt;Levels of Panel Agreement with Recommendation&lt;/strong&gt;&lt;/p&gt;&#xD;&#xA;&lt;table border=&quot;1&quot; cellspacing=&quot;1&quot; cellpadding=&quot;3&quot; summary=&quot;Table: Levels of Panel Agreement with Recommendation&quot;&gt;&#xD;&#xA;    &lt;tbody&gt;&#xD;&#xA;        &lt;tr&gt;&#xD;&#xA;            &lt;td valign=&quot;top&quot;&gt;Low&lt;/td&gt;&#xD;&#xA;            &lt;td valign=&quot;top&quot;&gt;Mean agreement score 1.0 to less than 2.33&lt;/td&gt;&#xD;&#xA;        &lt;/tr&gt;&#xD;&#xA;        &lt;tr&gt;&#xD;&#xA;            &lt;td valign=&quot;top&quot;&gt;Moderate&lt;/td&gt;&#xD;&#xA;            &lt;td valign=&quot;top&quot;&gt;Mean agreement score 2.33 to less than 3.67&lt;/td&gt;&#xD;&#xA;        &lt;/tr&gt;&#xD;&#xA;        &lt;tr&gt;&#xD;&#xA;            &lt;td valign=&quot;top&quot;&gt;Strong&lt;/td&gt;&#xD;&#xA;            &lt;td valign=&quot;top&quot;&gt;Mean agreement score 3.67 to 5.0&lt;/td&gt;&#xD;&#xA;        &lt;/tr&gt;&#xD;&#xA;    &lt;/tbody&gt;&#xD;&#xA;&lt;/table&gt;&lt;/div&gt;" /></Field><Field FieldID="138" OrdBy="515" ID="423" Name="Clinical Algorithm(s)" Type="text"><FieldValue Value="&lt;div class=&quot;content_para&quot;&gt;&lt;p&gt;None provided&lt;/p&gt;&lt;/div&gt;" /></Field></Section><Section SecID="424" OrdBy="600" Name="Evidence Supporting the Recommendations"><Field FieldID="139" OrdBy="610" ID="426" Name="Type of Evidence Supporting the Recommendations" Type="text"><FieldValue Value="&lt;div class=&quot;content_para&quot;&gt;&lt;p&gt;The type of evidence supporting the recommendations is specifically stated for each recommendation (see the &quot;Major Recommendations&quot; field).&lt;/p&gt;&lt;/div&gt;" /></Field></Section><Section SecID="427" OrdBy="700" Name="Benefits/Harms of Implementing the Guideline Recommendations"><Field FieldID="152" OrdBy="705" ID="428" Name="Potential Benefits" Type="text"><FieldValue Value="&lt;div class=&quot;content_para&quot;&gt;&lt;p&gt;Appropriate sexuality and reproductive health in adults with spinal cord injury&lt;/p&gt;&lt;/div&gt;" /></Field><Field FieldID="153" OrdBy="710" ID="429" Name="Potential Harms" Type="text"><FieldValue Value="&lt;ul style=&quot;list-style-type: disc;&quot;&gt;&#xD;&#xA;    &lt;li&gt;Exacerbation of skin ulcers, friction, pressure or tears following sexual activity or the use of sexual assistive devices &lt;/li&gt;&#xD;&#xA;    &lt;li&gt;Possible onset of autonomic dysreflexia (AD), with or without symptoms, especially in people with injuries at or above T6 following sexual activity or the use of sexual assistive devices &lt;/li&gt;&#xD;&#xA;    &lt;li&gt;Some men with sensation in the penis may experience a short period of minor pain at the injection site following intracavernosal injections. &lt;/li&gt;&#xD;&#xA;    &lt;li&gt;Priapism is another potential complication of intracavernosal injection therapy. Priapism is the potentially harmful medical condition in which the erect penis does not return to its flaccid state despite the absence of physical and psychological stimulation within 4 hours. Men with spinal cord injury (SCI) should be informed that priapism is considered a medical condition that should receive proper treatment by a qualified medical professional. &lt;/li&gt;&#xD;&#xA;    &lt;li&gt;Persons with SCI using indwelling urethral catheters need to take precautions to prevent dislodging or contamination during sexual activity. &lt;/li&gt;&#xD;&#xA;    &lt;li&gt;Due to diminished or absent sensation, men with SCI are at a higher risk for penile bending (Peyronie's disease) secondary to trauma of the tunica albuginea that surrounds the corpora cavernosa. During vigorous thrusting of the penis, unintentional blunt force on the erect penis, which would normally be very painful, may go unnoticed in men with diminished or no sensation. This force can tear or stretch the tunica, causing scarring and plaque formation (curvature), which is palpable by physician examination. &lt;/li&gt;&#xD;&#xA;    &lt;li&gt;Trauma from injections into the cavernosal tissue through the tunica (for erection enhancement) may cause inflammation. This may result in tunica scarring, microhemorrhage along the needle track, and calcium deposits, which may lead to penile curvature. &lt;/li&gt;&#xD;&#xA;&lt;/ul&gt;" /></Field></Section><Section SecID="430" OrdBy="800" Name="Contraindications"><Field FieldID="144" OrdBy="805" ID="431" Name="Contraindications" Type="text"><FieldValue Value="&lt;ul style=&quot;list-style-type: disc;&quot;&gt;&#xD;&#xA;    &lt;li&gt;Individuals should be advised to ensure that anything edible (e.g., strawberries, chocolate, certain alcoholic beverages) is not contraindicated by medications or health conditions. &lt;/li&gt;&#xD;&#xA;    &lt;li&gt;Vacuum devices (VCDs) are contraindicated for men with SCI who are taking blood thinners or who have been diagnosed with sickle cell disease. &lt;/li&gt;&#xD;&#xA;    &lt;li&gt;Absolute contraindications to the use of phosphodiesterase-5 inhibitors (PDE5is) include the concomitant use of nitrates, certain alpha blockers, or the presence of retinitis pigmentosa. Relative contraindications include symptomatic hypotension and use of other erection enhancement therapies. &lt;/li&gt;&#xD;&#xA;&lt;/ul&gt;" /></Field></Section><Section SecID="432" OrdBy="900" Name="Qualifying Statements"><Field FieldID="137" OrdBy="905" ID="433" Name="Qualifying Statements" Type="text"><FieldValue Value="&lt;div class=&quot;content_para&quot;&gt;&lt;p&gt;This guideline has been prepared based on scientific and professional information available in 2007. Users of this guideline should periodically review this material to ensure that the advice herein is consistent with current reasonable clinical practice. The websites noted in this document were current at the time of publication; however, because web addresses and the information contained therein change frequently, the reader is encouraged to stay apprised of the most current information.&lt;/p&gt;&lt;/div&gt;" /></Field></Section><Section SecID="434" OrdBy="1000" Name="Implementation of the Guideline"><Field FieldID="131" OrdBy="1010" ID="436" Name="Description of Implementation Strategy" Type="text"><FieldValue Value="&lt;div class=&quot;content_para&quot;&gt;&lt;p&gt;An implementation strategy was not provided.&lt;/p&gt;&lt;/div&gt;" /></Field><Field FieldID="117" OrdBy="1015" ID="437" Name="Implementation Tools" Type="picklist-many"><FieldValue Value="Patient Resources" /></Field></Section><Section SecID="439" OrdBy="1100" Name="Institute of Medicine (IOM) National Healthcare Quality Report Categories"><Field FieldID="50" OrdBy="1105" ID="440" Name="IOM Care Need" Type="picklist-many"><FieldValue Value="Living with Illness" /></Field><Field FieldID="51" OrdBy="1110" ID="441" Name="IOM Domain" Type="picklist-many"><FieldValue Value="Effectiveness" /><FieldValue Value="Patient-centeredness" /><FieldValue Value="Safety" /></Field></Section><Section SecID="442" OrdBy="1200" Name="Identifying Information and Availability"><Field FieldID="97" OrdBy="1201" ID="392" Name="Bibliographic Source(s)" Type="citation"><FieldValue Value="&lt;table&gt;&lt;tr&gt;&lt;td&gt;Consortium for Spinal Cord Medicine. Sexuality and reproductive health in adults with spinal cord injury: a clinical practice guideline for health-care professionals. Washington (DC): Paralyzed Veterans of America; 2010 Jan. 47 p.  [97 references]&lt;/td&gt;&lt;/tr&gt;&lt;/table&gt;" /></Field><Field FieldID="124" OrdBy="1205" ID="443" Name="Adaptation" Type="text"><FieldValue Value="&lt;div class=&quot;content_para&quot;&gt;&lt;p&gt;Not applicable: The guideline was not adapted from another source.&lt;/p&gt;&lt;/div&gt;" /></Field><Field FieldID="128" OrdBy="1215" ID="445" Name="Date Released" Type="text"><FieldValue Value="2010 Jan" /></Field><Field FieldID="158" OrdBy="1225" ID="447" Name="Guideline Developer(s)" Type="orglist-p"><FieldValue Value="Consortium for Spinal Cord Medicine - Nonprofit Organization" /><FieldValue Value="Paralyzed Veterans of America - Nonprofit Organization" /></Field><Field FieldID="125" OrdBy="1235" ID="449" Name="Source(s) of Funding" Type="text"><FieldValue Value="&lt;div class=&quot;content_para&quot;&gt;&lt;p&gt;Administrative and financial support provided by Paralyzed Veterans of America&lt;/p&gt;&lt;/div&gt;" /></Field><Field FieldID="126" OrdBy="1240" ID="450" Name="Guideline Committee" Type="text"><FieldValue Value="&lt;div class=&quot;content_para&quot;&gt;&lt;p&gt;Guideline Development Panel&lt;/p&gt;&lt;/div&gt;" /></Field><Field FieldID="127" OrdBy="1245" ID="451" Name="Composition of Group That Authored the Guideline" Type="text"><FieldValue Value="&lt;div class=&quot;content_para&quot;&gt;&lt;p&gt;&lt;em&gt;Panel Members&lt;/em&gt;: Stanley H. Ducharme, PhD (&lt;em&gt;Panel Chair&lt;/em&gt;), Boston Medical Center, Boston University School of Medicine, Boston, MA; Donald G. Kewman, PhD, ABPP, Topic Champion, Nevada City, CA; Theresa Chase, ND, RN, Craig Hospital, Englewood, CO; Graham Creasey, MD, FRCSEd, VA Palo Alto Health Care System, Palo Alto, CA; Stacy Lorraine Elliott, MD, Vancouver Hospital, Vancouver, BC, CANADA; Lance L. Goetz, MD, VA North Texas Health Care System, University of Texas&amp;ndash;Southwestern, Dallas, TX; Jennifer D. Hastings, PT, PhD, NCS, University of Puget Sound, Tacoma, WA; Paula K. Martin, OTR/L, Woodrow Wilson Rehabilitation Center, Fishersville, VA; Romel W. Mackelprang, DSW, Eastern Washington University, Cheney, WA; Marcalee Sipski, MD, Renown Rehabilitation Hospital, Reno, NV; Mitchell Tepper, PhD, MPH, Morehouse School of Medicine, Atlanta, GA; Florian P. Thomas, MD, MA, PhD, St. Louis VA Medical Center Spinal Cord Injury/Dysfunction Service, St. Louis University, St. Louis, MO&lt;/p&gt;&lt;/div&gt;" /></Field><Field FieldID="147" OrdBy="1250" ID="452" Name="Financial Disclosures/Conflicts of Interest" Type="text"><FieldValue Value="&lt;div class=&quot;content_para&quot;&gt;&lt;p&gt;Not stated&lt;/p&gt;&lt;/div&gt;" /></Field><Field FieldID="120" OrdBy="1256" ID="393" Name="Guideline Status" Type="text"><FieldValue Value="&lt;div class=&quot;content_para&quot;&gt;&lt;p&gt;This is the current release of the guideline.&lt;/p&gt;&lt;/div&gt;" /></Field><Field FieldID="118" OrdBy="1260" ID="454" Name="Guideline Availability" Type="text"><FieldValue Value="&lt;div class=&quot;content_para&quot;&gt;&lt;p&gt;Electronic copies: Available in Portable Document Format (PDF) from the &lt;a href=&quot;http://www.pva.org/site/apps/ka/ec/product.asp?c=ajIRK9NJLcJ2E&amp;amp;b=6423003&amp;amp;en=buLLK0NHIaJUJaPKK9JQKcM1JoLWK6PMKiIXIhP2IyG&amp;amp;ProductID=883875&quot; title=&quot;Paralyzed Veterans of America (PVA) Web site&quot;&gt;Paralyzed Veterans of America (PVA) Web site&lt;/a&gt;.&lt;/p&gt;&#xD;&#xA;&lt;p&gt;Print copies: Available from the Consortium for Spinal Cord Medicine, Clinical Practice Guidelines, 801 18th Street, NW, Washington, DC 20006.&lt;/p&gt;&lt;/div&gt;" /></Field><Field FieldID="119" OrdBy="1265" ID="455" Name="Availability of Companion Documents" Type="text"><FieldValue Value="&lt;div class=&quot;content_para&quot;&gt;&lt;p&gt;None available&lt;/p&gt;&lt;/div&gt;" /></Field><Field FieldID="143" OrdBy="1275" ID="457" Name="Patient Resources" Type="text"><FieldValue Value="&lt;div class=&quot;content_para&quot;&gt;&lt;p&gt;The following is available:&lt;/p&gt;&#xD;&#xA;&lt;ul style=&quot;list-style-type: disc;&quot;&gt;&#xD;&#xA;    &lt;li&gt;Sexuality and reproductive health for adults with spinal cord injury: what you should know. Consumer guide. Washington (DC): Paralyzed Veterans of America; 2010 Jan. Electronic copies: Available in Portable Document Format (PDF) from the &lt;a href=&quot;http://www.pva.org/site/apps/ka/ec/product.asp?c=ajIRK9NJLcJ2E&amp;amp;b=6423003&amp;amp;en=atKJKXNDI9ISK7MGK8KPI4MRInKUK3OIKhLVJeNYKxG&amp;amp;ProductID=954656&quot; title=&quot;Paralyzed Veterans of America (PVA) Web site&quot;&gt;Paralyzed Veterans of America (PVA) Web site&lt;/a&gt;. &lt;/li&gt;&#xD;&#xA;&lt;/ul&gt;&#xD;&#xA;&lt;p&gt;Print copies: Available from the Consortium for Spinal Cord Medicine, Clinical Practice Guidelines, 801 18th Street, NW, Washington, DC 20006.&lt;/p&gt;&#xD;&#xA;&lt;p class=&quot;Disclaimer&quot;&gt;Please note: This patient information is intended to provide health professionals with information to share with their patients to help them better understand their health and their diagnosed disorders. By providing access to this patient information, it is not the intention of NGC to provide specific medical advice for particular patients. Rather we urge patients and their representatives to review this material and then to consult with a licensed health professional for evaluation of treatment options suitable for them as well as for diagnosis and answers to their personal medical questions. This patient information has been derived and prepared from a guideline for health care professionals included on NGC by the authors or publishers of that original guideline. The patient information is not reviewed by NGC to establish whether or not it accurately reflects the original guideline's content.&lt;/p&gt;&lt;/div&gt;" /></Field><Field FieldID="142" OrdBy="1280" ID="458" Name="NGC Status" Type="text"><FieldValue Value="&lt;div class=&quot;content_para&quot;&gt;&lt;p&gt;This NGC summary was completed by ECRI Institute on November 29, 2012. This summary was updated by ECRI Institute on April 3, 2015 following the U.S. Food and Drug Administration advisory on Testosterone Products.&lt;/p&gt;&lt;/div&gt;" /></Field><Field FieldID="141" OrdBy="1290" ID="460" Name="Copyright Statement" Type="text"><FieldValue Value="&lt;div class=&quot;content_para&quot;&gt;&lt;p&gt;This NGC summary is based on the original guideline, which is subject to the guideline developer's copyright restrictions. This summary was copied and abstracted with permission from the Paralyzed Veterans of America (PVA).&lt;/p&gt;&lt;/div&gt;" /></Field></Section><Section SecID="99999" OrdBy="99999" Name="Disclaimer"><Field FieldID="99999" OrdBy="99999" ID="99999" Name="NGC Disclaimer" Type="text"><FieldValue Value="&lt;p&gt;The National Guideline Clearinghouse™ (NGC) does not develop, produce, approve, or endorse the guidelines represented on this site.&lt;/p&gt; &#xD;&#xA;&lt;p&gt;All guidelines summarized by NGC and hosted on our site are produced under the auspices of medical specialty societies, relevant professional associations, public or private organizations, other government agencies, health care organizations or plans, and similar entities.&lt;/p&gt; &#xD;&#xA;&lt;p&gt;Guidelines represented on the NGC Web site are submitted by guideline developers, and are screened solely to determine that they meet the NGC Inclusion Criteria which may be found at &lt;a href=&quot;/about/inclusion-criteria.aspx&quot;&gt;http://www.guideline.gov/about/inclusion-criteria.aspx&lt;/a&gt;.&lt;/p&gt; &#xD;&#xA;&lt;p&gt;NGC, AHRQ, and its contractor ECRI Institute make no warranties concerning the content or clinical efficacy or effectiveness of the clinical practice guidelines and related materials represented on this site. Moreover, the views and opinions of developers or authors of guidelines represented on this site do not necessarily state or reflect those of NGC, AHRQ, or its contractor ECRI Institute, and inclusion or hosting of guidelines in NGC may not be used for advertising or commercial endorsement purposes.&lt;/p&gt; &#xD;&#xA;&lt;p&gt;Readers with questions regarding guideline content are directed to contact the guideline developer.&lt;/p&gt;" /></Field></Section></Version>
