<Version><xmlsource>This XML content was developed by AHRQ's contractor ECRI Institute for the National Guideline Clearinghouse (NGC).</xmlsource><Section SecID="390" OrdBy="100" Name="General"><Field FieldID="161" OrdBy="105" ID="391" Name="Guideline Title" Type="text"><FieldValue Value="&lt;div class=&quot;content_title&quot;&gt;Assessment and management of foot ulcers for people with diabetes.&lt;/div&gt;" /></Field><Field FieldID="97" OrdBy="110" ID="392" Name="Bibliographic Source(s)" Type="citation"><FieldValue Value="&lt;table&gt;&lt;tr&gt;&lt;td&gt;Registered Nurses' Association of Ontario (RNAO). Assessment and management of foot ulcers for people with diabetes. Toronto (ON): Registered Nurses' Association of Ontario (RNAO); 2013 Mar. 156 p.  [223 references]&lt;/td&gt;&lt;/tr&gt;&lt;/table&gt;" /></Field><Field FieldID="120" OrdBy="115" ID="393" Name="Guideline Status" Type="text"><FieldValue Value="&lt;div class=&quot;content_para&quot;&gt;&lt;p&gt;This is the current release of the guideline.&lt;/p&gt;&#xD;&#xA;&lt;p&gt;This guideline updates a previous version: Registered Nurses Association of Ontario (RNAO). Assessment and management of foot ulcers for people with diabetes. Toronto (ON): Registered Nurses Association of Ontario (RNAO); 2005 Mar. 112 p.&lt;/p&gt;&lt;/div&gt;" /></Field><Field Name ="UMLS Concepts"><FieldValue Value="ICD9CM: Diabetes mellitus without mention of complication, type I [juvenile type], not stated as uncontrolled  (250.01); Diabetes mellitus without mention of complication, type II or unspecified type, not stated as uncontrolled  (250.00); General physical examination  (89.7); Ulcer of other part of foot  (707.15)"/><FieldValue Value="MSH: Debridement ; Diabetes Complications ; Diabetes Mellitus, Type 1 ; Diabetes Mellitus, Type 2 ; Diabetic Foot ; Education, Nursing ; Foot Ulcer ; Medical History Taking ; Nursing Assessment ; Nursing Care ; Patient Care Planning ; Patient Care Team ; Patient Education as Topic ; Patient-Centered Care ; Physical Examination ; Risk Factors "/><FieldValue Value="MTH: Care given by nurses ; Complications of Diabetes Mellitus ; Debridement ; Diabetes Mellitus, Insulin-Dependent ; Diabetes Mellitus, Non-Insulin-Dependent ; Diabetic Foot ; Diabetic foot ulcer ; Patient education (procedure) ; physical examination ; risk factors ; wound care "/><FieldValue Value="SNOMEDCT_US: Debridement  (129317004); Debridement  (36777000); Debridement of foot ulcer  (312733004); Diabetic complication  (74627003); Diabetic foot  (280137006); Diabetic foot ulcer  (371087003); Patient education  (311401005); Physical assessment  (302199004); Physical assessment  (5880005); Physical assessment  (81375008); Risk factor  (80943009); Type 1 diabetes mellitus  (46635009); Type 2 diabetes mellitus  (44054006); Ulcer of foot  (95345008); Wound care  (225358003)"/></Field></Section><Section SecID="396" OrdBy="300" Name="Scope"><Field FieldID="140" OrdBy="305" ID="397" Name="Disease/Condition(s)" Type="text"><FieldValue Value="&lt;div class=&quot;content_para&quot;&gt;&lt;p&gt;Diabetic foot ulcers&lt;/p&gt;&lt;/div&gt;" /></Field><Field FieldID="103" OrdBy="310" ID="398" Name="Guideline Category" Type="picklist-many"><FieldValue Value="Evaluation" /><FieldValue Value="Management" /><FieldValue Value="Risk Assessment" /></Field><Field FieldID="113" OrdBy="315" ID="399" Name="Clinical Specialty" Type="picklist-many"><FieldValue Value="Dermatology" /><FieldValue Value="Endocrinology" /><FieldValue Value="Family Practice" /><FieldValue Value="Internal Medicine" /><FieldValue Value="Nursing" /><FieldValue Value="Plastic Surgery" /><FieldValue Value="Podiatry" /></Field><Field FieldID="114" OrdBy="320" ID="400" Name="Intended Users" Type="picklist-many"><FieldValue Value="Advanced Practice Nurses" /><FieldValue Value="Nurses" /></Field><Field FieldID="129" OrdBy="325" ID="401" Name="Guideline Objective(s)" Type="text"><FieldValue Value="&lt;ul style=&quot;list-style-type: disc;&quot;&gt;&#xD;&#xA;    &lt;li&gt;To replace the 2005 publication of the Registered Nurses' Association of Ontario (RNAO) Nursing Best Practice Guideline: &lt;em&gt;Assessment and Management of Foot Ulcers for People with Diabetes&lt;/em&gt; &lt;/li&gt;&#xD;&#xA;    &lt;li&gt;To address the question of how to assess and manage people with established diagnosis of diabetic foot ulcer(s) &lt;/li&gt;&#xD;&#xA;    &lt;li&gt;To assist all nurses and the interprofessional team to focus on evidence-based strategies to assess and manage people with an established diagnosis of diabetic foot ulcer(s) within the context of the health-care professional-client relationship &lt;/li&gt;&#xD;&#xA;&lt;/ul&gt;" /></Field><Field FieldID="132" OrdBy="330" ID="402" Name="Target Population" Type="text"><FieldValue Value="&lt;div class=&quot;content_para&quot;&gt;&lt;p&gt;Patients (&amp;ge;15 years old) with type 1 and/or type 2 diabetes who have established diabetic foot ulcers&lt;/p&gt;&lt;/div&gt;" /></Field><Field FieldID="133" OrdBy="335" ID="403" Name="Interventions and Practices Considered" Type="text"><FieldValue Value="&lt;ol style=&quot;list-style-type: decimal;&quot; start=&quot;1&quot;&gt;&#xD;&#xA;    &lt;li&gt;Comprehensive health history and physical examination of affected limb&#xD;&#xA;    &lt;ul style=&quot;list-style-type: disc;&quot;&gt;&#xD;&#xA;        &lt;li&gt;Documentation of location and classification of foot ulcer &lt;/li&gt;&#xD;&#xA;        &lt;li&gt;Thorough assessment, including condition of ulcer, vascular supply, signs of infection, changes, functional status, and use of devices &lt;/li&gt;&#xD;&#xA;        &lt;li&gt;Diagnostic testing &lt;/li&gt;&#xD;&#xA;    &lt;/ul&gt;&#xD;&#xA;    &lt;/li&gt;&#xD;&#xA;    &lt;li&gt;Plan of care with mutually agreed upon goals&#xD;&#xA;    &lt;ul style=&quot;list-style-type: disc;&quot;&gt;&#xD;&#xA;        &lt;li&gt;Collaboration between client/family and interprofessional team &lt;/li&gt;&#xD;&#xA;        &lt;li&gt;Mitigation of risk factors &lt;/li&gt;&#xD;&#xA;    &lt;/ul&gt;&#xD;&#xA;    &lt;/li&gt;&#xD;&#xA;    &lt;li&gt;Wound care (i.e., debridement, infection control, moisture balance), including redistribution of pressure applied to foot ulcer &lt;/li&gt;&#xD;&#xA;    &lt;li&gt;Patient education, including client-centred learning &lt;/li&gt;&#xD;&#xA;    &lt;li&gt;Monitoring progress and reassessment &lt;/li&gt;&#xD;&#xA;    &lt;li&gt;Encouraging professional education and policy implementation &lt;/li&gt;&#xD;&#xA;&lt;/ol&gt;" /></Field><Field FieldID="134" OrdBy="340" ID="404" Name="Major Outcomes Considered" Type="text"><FieldValue Value="&lt;ul style=&quot;list-style-type: disc;&quot;&gt;&#xD;&#xA;    &lt;li&gt;Incidence of foot ulcers and amputation &lt;/li&gt;&#xD;&#xA;    &lt;li&gt;Duration of ulceration &lt;/li&gt;&#xD;&#xA;    &lt;li&gt;Diabetes-related complications &lt;/li&gt;&#xD;&#xA;    &lt;li&gt;Effectiveness of interventions &lt;/li&gt;&#xD;&#xA;    &lt;li&gt;Quality of life &lt;/li&gt;&#xD;&#xA;&lt;/ul&gt;" /></Field></Section><Section SecID="405" OrdBy="400" Name="Methodology"><Field FieldID="109" OrdBy="405" ID="406" Name="Methods Used to Collect/Select the Evidence" Type="picklist-many"><FieldValue Value="Hand-searches of Published Literature (Primary Sources)" /><FieldValue Value="Hand-searches of Published Literature (Secondary Sources)" /><FieldValue Value="Searches of Electronic Databases" /></Field><Field FieldID="135" OrdBy="410" ID="407" Name="Description of Methods Used to Collect/Select the Evidence" Type="text"><FieldValue Value="&lt;div class=&quot;content_para&quot;&gt;&lt;p&gt;&lt;strong&gt;Guideline Review&lt;/strong&gt;&lt;/p&gt;&#xD;&#xA;&lt;p&gt;A member of the Registered Nurses' Association of Ontario (RNAO) guideline development team (project coordinator) searched an established list of websites for guidelines and other relevant content published between 2004 and 2012. This list was compiled based on existing knowledge of evidence-based practice websites and recommendations from the literature. Detailed information about the search strategy for existing guidelines, including the list of websites searched and inclusion criteria, is available online at &lt;a href=&quot;http://www.RNAO.ca&quot; title=&quot;RNAO Web site&quot;&gt;www.RNAO.ca&lt;/a&gt;. Guidelines were also identified by members of the RNAO expert panel. Members of the panel critically appraised nine international guidelines using the Appraisal of Guidelines for Research and Evaluation (AGREE) Instrument II.&lt;/p&gt;&#xD;&#xA;&lt;p&gt;&lt;strong&gt;Systematic Review&lt;/strong&gt;&lt;/p&gt;&#xD;&#xA;&lt;p&gt;Concurrent with the review of existing guidelines, a search for recent literature relevant to the scope of the guideline was conducted with guidance from the RNAO expert panel chair. The systematic literature search was facilitated by a health sciences librarian. The search, limited to English-language articles published between 2004 and 2012, was applied to Cumulative Index to Nursing and Allied Health (CINAHL), EMBASE, Database of Abstracts of Reviews of Effects (DARE), Medline, Cochrane Central Register of Controlled Trials and Cochrane Database of Systematic Reviews.&lt;/p&gt;&#xD;&#xA;&lt;p&gt;A systematic review of the evidence based on the scope of the original guideline and supported by four clinical questions was conducted to capture the relevant literature and guidelines published between 2004 and 2012.&lt;/p&gt;&#xD;&#xA;&lt;p&gt;Two research assistants (Master's prepared nurses) independently assessed the eligibility of studies according to established inclusion/exclusion criteria. The RNAO Best Practice Guideline (BPG) Program Manager involved in supporting the RNAO expert panel resolved disagreements.&lt;/p&gt;&#xD;&#xA;&lt;p&gt;Detailed information about the search strategy for the systematic review, including the inclusion and exclusion criteria as well as search terms, is available online at &lt;a href=&quot;http://www.RNAO.ca&quot; title=&quot;RNAO Web site&quot;&gt;www.RNAO.ca&lt;/a&gt;.&lt;/p&gt;&lt;/div&gt;" /></Field><Field FieldID="136" OrdBy="415" ID="408" Name="Number of Source Documents" Type="text"><FieldValue Value="&lt;div class=&quot;content_para&quot;&gt;&lt;p&gt;34 studies and 4 guidelines were included.&lt;/p&gt;&lt;/div&gt;" /></Field><Field FieldID="115" OrdBy="420" ID="409" Name="Methods Used to Assess the Quality and Strength of the Evidence" Type="picklist-choice"><FieldValue Value="Weighting According to a Rating Scheme (Scheme Given)" /></Field><Field FieldID="149" OrdBy="425" ID="410" Name="Rating Scheme for the Strength of the Evidence" Type="text"><FieldValue Value="&lt;div class=&quot;content_para&quot;&gt;&lt;p&gt;&lt;strong&gt;Levels of Evidence&lt;/strong&gt;&lt;/p&gt;&#xD;&#xA;&lt;p&gt;&lt;strong&gt;Ia&lt;/strong&gt; Evidence obtained from meta-analysis or systematic review of randomized controlled trials&lt;/p&gt;&#xD;&#xA;&lt;p&gt;&lt;strong&gt;Ib&lt;/strong&gt; Evidence obtained from at least one randomized controlled trial&lt;/p&gt;&#xD;&#xA;&lt;p&gt;&lt;strong&gt;IIa&lt;/strong&gt; Evidence obtained from at least one well-designed controlled study without randomization&lt;/p&gt;&#xD;&#xA;&lt;p&gt;&lt;strong&gt;IIb&lt;/strong&gt; Evidence obtained from at least one other type of well-designed quasi-experimental study, without randomization&lt;/p&gt;&#xD;&#xA;&lt;p&gt;&lt;strong&gt;III&lt;/strong&gt; Evidence obtained from well-designed non-experimental descriptive studies, such as comparative studies, correlation studies, and case studies&lt;/p&gt;&#xD;&#xA;&lt;p&gt;&lt;strong&gt;IV&lt;/strong&gt; Evidence obtained from expert committee reports or opinions and/or clinical experiences of respected authorities&lt;/p&gt;&#xD;&#xA;&lt;p class=&quot;Note&quot;&gt;Adapted from &quot;Annex B: Key to evidence statements and grades of recommendations,&quot; by the Scottish Intercollegiate Guidelines Network (SIGN), 2012, in &lt;em&gt;SIGN 50: A Guideline Developer's Handbook&lt;/em&gt;. Available from &lt;a href=&quot;http://www.sign.ac.uk/guidelines/fulltext/50/annexoldb.html&quot; title=&quot;SIGN Web site&quot;&gt;http://www.sign.ac.uk/guidelines/fulltext/50/annexoldb.html&lt;/a&gt;.&lt;/p&gt;&lt;/div&gt;" /></Field><Field FieldID="116" OrdBy="430" ID="411" Name="Methods Used to Analyze the Evidence" Type="picklist-many"><FieldValue Value="Review of Published Meta-Analyses" /><FieldValue Value="Systematic Review with Evidence Tables" /></Field><Field FieldID="150" OrdBy="435" ID="412" Name="Description of the Methods Used to Analyze the Evidence" Type="text"><FieldValue Value="&lt;div class=&quot;content_para&quot;&gt;&lt;p&gt;Quality appraisal scores for 17 articles (a random sample of 10% of articles eligible for data extraction and quality appraisal) were independently assessed by the Registered Nurses' Association of Ontario (RNAO) Best Practice Guidelines (BPG) Program Research Assistants. Strong inter-rater agreement (kappa statistic, K=0.67) justified proceeding with quality appraisal and data extraction by dividing the remaining studies equally between the two RNAO BPG Program Research Associates. A final summary of literature findings was completed. The comprehensive data tables and summary were provided to all panel members.&lt;/p&gt;&lt;/div&gt;" /></Field><Field FieldID="112" OrdBy="440" ID="413" Name="Methods Used to Formulate the Recommendations" Type="picklist-choice"><FieldValue Value="Expert Consensus" /></Field><Field FieldID="145" OrdBy="445" ID="414" Name="Description of Methods Used to Formulate the Recommendations" Type="text"><FieldValue Value="&lt;div class=&quot;content_para&quot;&gt;&lt;p&gt;For this edition of the guideline, the Registered Nurses' Association of Ontario (RNAO) assembled an expert panel of health-care professionals comprised of members from the previous development panel as well as other recommended individuals with particular expertise in this practice area.&lt;/p&gt;&#xD;&#xA;&lt;p&gt;The RNAO expert panel members were given a mandate to review the original guideline (March 2005) in light of the new evidence, specifically to ensure the validity, appropriateness and safety of the guideline recommendations. Where necessary, sections of the guideline have been updated based on new evidence. This current edition (2013) is the culmination of the RNAO expert panel's work in integrating the most current and best evidence to update the guideline recommendations and supporting evidence from the first edition.&lt;/p&gt;&#xD;&#xA;&lt;p&gt;In September 2012, the RNAO expert panel convened to achieve consensus on the need to update the original guideline recommendations and discussion of evidence. A review of the most recent literature and relevant guidelines published between 2004 and 2012 resulted in refinements to existing recommendations, as well as inclusion of stronger evidence for the recommendations. This second edition of the guideline is a culmination of the original work and the new literature.&lt;/p&gt;&#xD;&#xA;&lt;p&gt;The following research questions were established to guide the systematic review:&lt;/p&gt;&#xD;&#xA;&lt;ol style=&quot;list-style-type: decimal;&quot; start=&quot;1&quot;&gt;&#xD;&#xA;    &lt;li&gt;What are the most effective methods for the assessment of foot ulcer in clients with diabetes? &lt;/li&gt;&#xD;&#xA;    &lt;li&gt;What are the most effective interventions to manage foot ulcers and prevent re-ulceration in clients with diabetes? &lt;/li&gt;&#xD;&#xA;    &lt;li&gt;What health-care professional education and training is required to ensure the provision of effective diabetic foot ulcer care? &lt;/li&gt;&#xD;&#xA;    &lt;li&gt;How do health-care organizations support and promote optimal assessment and management of foot ulcers in clients with diabetes? &lt;/li&gt;&#xD;&#xA;&lt;/ol&gt;&lt;/div&gt;" /></Field><Field FieldID="146" OrdBy="450" ID="415" Name="Rating Scheme for the Strength of the Recommendations" Type="text"><FieldValue Value="&lt;div class=&quot;content_para&quot;&gt;&lt;p&gt;Not applicable&lt;/p&gt;&lt;/div&gt;" /></Field><Field FieldID="148" OrdBy="460" ID="417" Name="Cost Analysis" Type="text"><FieldValue Value="&lt;div class=&quot;content_para&quot;&gt;&lt;p&gt;The guideline developers reviewed published cost analyses.&lt;/p&gt;&lt;/div&gt;" /></Field><Field FieldID="104" OrdBy="465" ID="418" Name="Method of Guideline Validation" Type="picklist-choice"><FieldValue Value="External Peer Review" /><FieldValue Value="Internal Peer Review" /></Field><Field FieldID="130" OrdBy="470" ID="419" Name="Description of Method of Guideline Validation" Type="text"><FieldValue Value="&lt;div class=&quot;content_para&quot;&gt;&lt;p&gt;Stakeholders representing diverse perspectives were solicited for their feedback.&lt;/p&gt;&lt;/div&gt;" /></Field></Section><Section SecID="420" OrdBy="500" Name="Recommendations"><Field FieldID="151" OrdBy="505" ID="421" Name="Major Recommendations" Type="text"><FieldValue Value="&lt;div class=&quot;content_para&quot;&gt;&lt;p&gt;The levels of evidence supporting the recommendations (Ia, Ib, IIa, IIb, III, IV) are defined at the end of the &quot;Major Recommendations&quot; field.&lt;/p&gt;&#xD;&#xA;&lt;p&gt;&lt;strong&gt;&lt;span style=&quot;text-decoration: underline;&quot;&gt;Practice Recommendations&lt;/span&gt;&lt;/strong&gt;&lt;/p&gt;&#xD;&#xA;&lt;p&gt;&lt;strong&gt;Assessment&lt;/strong&gt;&lt;/p&gt;&#xD;&#xA;&lt;p&gt;&lt;strong&gt;Recommendation 1.0&lt;/strong&gt;&lt;/p&gt;&#xD;&#xA;&lt;p&gt;Obtain a comprehensive health history and perform physical examination of affected limb(s).&lt;/p&gt;&#xD;&#xA;&lt;p&gt;&lt;em&gt;(Level of Evidence = Ib&amp;ndash;IV)&lt;/em&gt;&lt;/p&gt;&#xD;&#xA;&lt;p&gt;&lt;strong&gt;Recommendation 1.1&lt;/strong&gt;&lt;/p&gt;&#xD;&#xA;&lt;p&gt;Identify the location and classification of foot ulcer(s) and measure length, width, and depth of wound bed.&lt;/p&gt;&#xD;&#xA;&lt;p&gt;&lt;em&gt;(Level of Evidence = Ia&amp;ndash;IV)&lt;/em&gt;&lt;/p&gt;&#xD;&#xA;&lt;p&gt;&lt;strong&gt;Recommendation 1.2&lt;/strong&gt;&lt;/p&gt;&#xD;&#xA;&lt;p&gt;Assess bed of foot ulcer(s) for exudate, odour, condition of peri-ulcer skin and pain.&lt;/p&gt;&#xD;&#xA;&lt;p&gt;&lt;em&gt;(Level of Evidence = IV)&lt;/em&gt;&lt;/p&gt;&#xD;&#xA;&lt;p&gt;&lt;strong&gt;Recommendation 1.3&lt;/strong&gt;&lt;/p&gt;&#xD;&#xA;&lt;p&gt;Assess affected limb(s) for vascular supply and facilitate appropriate diagnostic testing, as indicated.&lt;/p&gt;&#xD;&#xA;&lt;p&gt;&lt;em&gt;(Level of Evidence = III&amp;ndash;IV)&lt;/em&gt;&lt;/p&gt;&#xD;&#xA;&lt;p&gt;&lt;strong&gt;Recommendation 1.4&lt;/strong&gt;&lt;/p&gt;&#xD;&#xA;&lt;p&gt;Assess foot ulcer(s) for infection using clinical assessment techniques, based on signs and symptoms, and facilitate appropriate diagnostic testing, if indicated.&lt;/p&gt;&#xD;&#xA;&lt;p&gt;&lt;em&gt;(Level of Evidence = Ia)&lt;/em&gt;&lt;/p&gt;&#xD;&#xA;&lt;p&gt;&lt;strong&gt;Recommendation 1.5&lt;/strong&gt;&lt;/p&gt;&#xD;&#xA;&lt;p&gt;Assess affected limb(s) for sensory, autonomic, and motor changes.&lt;/p&gt;&#xD;&#xA;&lt;p&gt;&lt;em&gt;(Level of Evidence = IIa)&lt;/em&gt;&lt;/p&gt;&#xD;&#xA;&lt;p&gt;&lt;strong&gt;Recommendation 1.6&lt;/strong&gt;&lt;/p&gt;&#xD;&#xA;&lt;p&gt;Assess affected limb(s) for elevated foot pressure, structural deformities, ability to exercise, gait abnormality, and ill-fitting footwear and offloading devices.&lt;/p&gt;&#xD;&#xA;&lt;p&gt;&lt;em&gt;(Level of Evidence = Ia&amp;ndash;IV)&lt;/em&gt;&lt;/p&gt;&#xD;&#xA;&lt;p&gt;&lt;strong&gt;Recommendation 1.7&lt;/strong&gt;&lt;/p&gt;&#xD;&#xA;&lt;p&gt;Document characteristics of foot ulcer(s) after each assessment including location, classification and any abnormal findings.&lt;/p&gt;&#xD;&#xA;&lt;p&gt;&lt;em&gt;(Level of Evidence = IV)&lt;/em&gt;&lt;/p&gt;&#xD;&#xA;&lt;p&gt;&lt;strong&gt;Planning&lt;/strong&gt;&lt;/p&gt;&#xD;&#xA;&lt;p&gt;&lt;strong&gt;Recommendation 2.0&lt;/strong&gt;&lt;/p&gt;&#xD;&#xA;&lt;p&gt;Determine the potential of the foot ulcer(s) to heal and ensure interventions to optimize healing have been explored.&lt;/p&gt;&#xD;&#xA;&lt;p&gt;&lt;em&gt;(Level of Evidence = IV)&lt;/em&gt;&lt;/p&gt;&#xD;&#xA;&lt;p&gt;&lt;strong&gt;Recommendation 2.1&lt;/strong&gt;&lt;/p&gt;&#xD;&#xA;&lt;p&gt;Develop a plan of care incorporating goals mutually agreed upon by the client and health-care professionals to manage diabetic foot ulcer(s).&lt;/p&gt;&#xD;&#xA;&lt;p&gt;&lt;em&gt;(Level of Evidence = IV)&lt;/em&gt;&lt;/p&gt;&#xD;&#xA;&lt;p&gt;&lt;strong&gt;Recommendation 2.2&lt;/strong&gt;&lt;/p&gt;&#xD;&#xA;&lt;p&gt;Collaborate with the client/family and interprofessional team to explore other treatment options if healing has not occurred at the expected rate.&lt;/p&gt;&#xD;&#xA;&lt;p&gt;&lt;em&gt;(Level of Evidence = IV)&lt;/em&gt;&lt;/p&gt;&#xD;&#xA;&lt;p&gt;&lt;strong&gt;Recommendation 2.3&lt;/strong&gt;&lt;/p&gt;&#xD;&#xA;&lt;p&gt;Collaborate with client/family and the interprofessional team to establish mutually agreed upon goals to improve quality of life if factors affecting poor healing have been addressed and complete wound closure is unlikely.&lt;/p&gt;&#xD;&#xA;&lt;p&gt;&lt;em&gt;(Level of Evidence = IV)&lt;/em&gt;&lt;/p&gt;&#xD;&#xA;&lt;p&gt;&lt;strong&gt;Implementation&lt;/strong&gt;&lt;/p&gt;&#xD;&#xA;&lt;p&gt;&lt;strong&gt;Recommendation 3.0&lt;/strong&gt;&lt;/p&gt;&#xD;&#xA;&lt;p&gt;Implement a plan of care to mitigate risk factors that can influence wound healing.&lt;/p&gt;&#xD;&#xA;&lt;p&gt;&lt;em&gt;(Level of Evidence = IV)&lt;/em&gt;&lt;/p&gt;&#xD;&#xA;&lt;p&gt;&lt;strong&gt;Recommendation 3.1&lt;/strong&gt;&lt;/p&gt;&#xD;&#xA;&lt;p&gt;Provide wound care consisting of debridement, infection control, and moisture balance where appropriate.&lt;/p&gt;&#xD;&#xA;&lt;p&gt;&lt;em&gt;(Level of Evidence = Ia&amp;ndash;IV)&lt;/em&gt;&lt;/p&gt;&#xD;&#xA;&lt;p&gt;&lt;strong&gt;Recommendation 3.2&lt;/strong&gt;&lt;/p&gt;&#xD;&#xA;&lt;p&gt;Redistribute pressure applied to foot ulcer(s) by the use of offloading devices.&lt;/p&gt;&#xD;&#xA;&lt;p&gt;&lt;em&gt;(Level of Evidence = Ia)&lt;/em&gt;&lt;/p&gt;&#xD;&#xA;&lt;p&gt;&lt;strong&gt;Recommendation 3.3&lt;/strong&gt;&lt;/p&gt;&#xD;&#xA;&lt;p&gt;Provide health education to optimize diabetes management, foot care, and ulcer care.&lt;/p&gt;&#xD;&#xA;&lt;p&gt;&lt;em&gt;(Level of Evidence = Ia)&lt;/em&gt;&lt;/p&gt;&#xD;&#xA;&lt;p&gt;&lt;strong&gt;Recommendation 3.4&lt;/strong&gt;&lt;/p&gt;&#xD;&#xA;&lt;p&gt;Facilitate client-centred learning based on individual needs to prevent or reduce complications.&lt;/p&gt;&#xD;&#xA;&lt;p&gt;&lt;em&gt;(Level of Evidence = III)&lt;/em&gt;&lt;/p&gt;&#xD;&#xA;&lt;p&gt;&lt;strong&gt;Evaluation&lt;/strong&gt;&lt;/p&gt;&#xD;&#xA;&lt;p&gt;&lt;strong&gt;Recommendation 4.0&lt;/strong&gt;&lt;/p&gt;&#xD;&#xA;&lt;p&gt;Monitor the progress of wound healing on an ongoing basis using a consistent tool, and evaluate the percentage of wound closure at 4 weeks.&lt;/p&gt;&#xD;&#xA;&lt;p&gt;&lt;em&gt;(Level of Evidence = Ib)&lt;/em&gt;&lt;/p&gt;&#xD;&#xA;&lt;p&gt;&lt;strong&gt;Recommendation 4.1&lt;/strong&gt;&lt;/p&gt;&#xD;&#xA;&lt;p&gt;Reassess for additional correctable factors if healing does not occur at the expected rate.&lt;/p&gt;&#xD;&#xA;&lt;p&gt;&lt;em&gt;(Level of Evidence = IV)&lt;/em&gt;&lt;/p&gt;&#xD;&#xA;&lt;p&gt;&lt;strong&gt;&lt;span style=&quot;text-decoration: underline;&quot;&gt;Education Recommendations&lt;/span&gt;&lt;/strong&gt;&lt;/p&gt;&#xD;&#xA;&lt;p&gt;&lt;strong&gt;Recommendation 5.0&lt;/strong&gt;&lt;/p&gt;&#xD;&#xA;&lt;p&gt;Health-care professionals participate in continuing education opportunities to enhance specific knowledge and skills to competently assess and manage clients with diabetic foot ulcers, based on the Registered Nurses' Association of Ontario (RNAO) Nursing Best Practice Guideline &lt;em&gt;Assessment and Management of Foot Ulcers for People with Diabetes (2nd ed.)&lt;/em&gt;.&lt;/p&gt;&#xD;&#xA;&lt;p&gt;&lt;em&gt;(Level of Evidence = IV)&lt;/em&gt;&lt;/p&gt;&#xD;&#xA;&lt;p&gt;&lt;strong&gt;Recommendation 5.1&lt;/strong&gt;&lt;/p&gt;&#xD;&#xA;&lt;p&gt;Educational institutions incorporate the RNAO Nursing Best Practice Guideline, &lt;em&gt;Assessment and Management of Foot Ulcers for People with Diabetes (2nd ed.)&lt;/em&gt;, into basic registered nurse, registered practical nurse, doctor of medicine, and interprofessional curricula to promote a culture of evidence-based practice.&lt;/p&gt;&#xD;&#xA;&lt;p&gt;&lt;em&gt;(Level of Evidence = IV)&lt;/em&gt;&lt;/p&gt;&#xD;&#xA;&lt;p&gt;&lt;strong&gt;&lt;span style=&quot;text-decoration: underline;&quot;&gt;Organization and Policy Recommendations&lt;/span&gt;&lt;/strong&gt;&lt;/p&gt;&#xD;&#xA;&lt;p&gt;&lt;strong&gt;Recommendation 6.0&lt;/strong&gt;&lt;/p&gt;&#xD;&#xA;&lt;p&gt;Use a systematic approach to implement the &lt;em&gt;Assessment and Management of Foot Ulcers for People with Diabetes (2nd ed.)&lt;/em&gt; clinical practice guideline and provide resources and organizational and administrative supports to facilitate clinician uptake.&lt;/p&gt;&#xD;&#xA;&lt;p&gt;&lt;em&gt;(Level of Evidence = IV)&lt;/em&gt;&lt;/p&gt;&#xD;&#xA;&lt;p&gt;&lt;strong&gt;Recommendation 6.1&lt;/strong&gt;&lt;/p&gt;&#xD;&#xA;&lt;p&gt;Develop policies that acknowledge and designate human, material and fiscal resources to support the interprofessional team in diabetic foot ulcer management.&lt;/p&gt;&#xD;&#xA;&lt;p&gt;&lt;em&gt;(Level of Evidence = IV)&lt;/em&gt;&lt;/p&gt;&#xD;&#xA;&lt;p&gt;&lt;strong&gt;Recommendation 6.2&lt;/strong&gt;&lt;/p&gt;&#xD;&#xA;&lt;p&gt;Establish and support an interprofessional, inter-agency team comprised of knowledgeable and interested persons to address and monitor quality improvement in the management of diabetic foot ulcers.&lt;/p&gt;&#xD;&#xA;&lt;p&gt;&lt;em&gt;(Level of Evidence = IV)&lt;/em&gt;&lt;/p&gt;&#xD;&#xA;&lt;p&gt;&lt;strong&gt;Recommendation 6.3&lt;/strong&gt;&lt;/p&gt;&#xD;&#xA;&lt;p&gt;Develop processes to facilitate the referral of clients with diabetic foot ulcers to local diabetes resources and health-care professionals.&lt;/p&gt;&#xD;&#xA;&lt;p&gt;&lt;em&gt;(Level of Evidence = IV)&lt;/em&gt;&lt;/p&gt;&#xD;&#xA;&lt;p&gt;&lt;strong&gt;Recommendation 6.4&lt;/strong&gt;&lt;/p&gt;&#xD;&#xA;&lt;p&gt;Advocate for strategies and ongoing funding to assist clients in obtaining appropriate pressure redistribution devices during and after ulcer closure.&lt;/p&gt;&#xD;&#xA;&lt;p&gt;&lt;em&gt;(Level of Evidence = IV)&lt;/em&gt;&lt;/p&gt;&#xD;&#xA;&lt;p class=&quot;Note&quot;&gt;*Note that no new recommendations were developed as a result of the updated systematic review evidence.&lt;/p&gt;&#xD;&#xA;&lt;p&gt;&lt;strong&gt;&lt;span style=&quot;text-decoration: underline;&quot;&gt;Definitions&lt;/span&gt;&lt;/strong&gt;:&lt;/p&gt;&#xD;&#xA;&lt;p&gt;&lt;strong&gt;Levels of Evidence&lt;/strong&gt;&lt;/p&gt;&#xD;&#xA;&lt;p&gt;&lt;strong&gt;Ia&lt;/strong&gt; Evidence obtained from meta-analysis or systematic review of randomized controlled trials&lt;/p&gt;&#xD;&#xA;&lt;p&gt;&lt;strong&gt;Ib&lt;/strong&gt; Evidence obtained from at least one randomized controlled trial&lt;/p&gt;&#xD;&#xA;&lt;p&gt;&lt;strong&gt;IIa&lt;/strong&gt; Evidence obtained from at least one well-designed controlled study without randomization&lt;/p&gt;&#xD;&#xA;&lt;p&gt;&lt;strong&gt;IIb&lt;/strong&gt; Evidence obtained from at least one other type of well-designed quasi-experimental study, without randomization&lt;/p&gt;&#xD;&#xA;&lt;p&gt;&lt;strong&gt;III&lt;/strong&gt; Evidence obtained from well-designed non-experimental descriptive studies, such as comparative studies, correlation studies, and case studies&lt;/p&gt;&#xD;&#xA;&lt;p&gt;&lt;strong&gt;IV&lt;/strong&gt; Evidence obtained from expert committee reports or opinions and/or clinical experiences of respected authorities&lt;/p&gt;&#xD;&#xA;&lt;p class=&quot;Note&quot;&gt;Adapted from &quot;Annex B: Key to evidence statements and grades of recommendations,&quot; by the Scottish Intercollegiate Guidelines Network (SIGN), 2012, in &lt;em&gt;SIGN 50: A Guideline Developer's Handbook&lt;/em&gt;. Available from &lt;a href=&quot;http://www.sign.ac.uk/guidelines/fulltext/50/annexoldb.html&quot; title=&quot;SIGN Web site&quot;&gt;http://www.sign.ac.uk/guidelines/fulltext/50/annexoldb.html&lt;/a&gt;.&lt;/p&gt;&lt;/div&gt;" /></Field><Field FieldID="138" OrdBy="515" ID="423" Name="Clinical Algorithm(s)" Type="text"><FieldValue Value="&lt;div class=&quot;content_para&quot;&gt;&lt;p&gt;None provided&lt;/p&gt;&lt;/div&gt;" /></Field></Section><Section SecID="424" OrdBy="600" Name="Evidence Supporting the Recommendations"><Field FieldID="139" OrdBy="610" ID="426" Name="Type of Evidence Supporting the Recommendations" Type="text"><FieldValue Value="&lt;div class=&quot;content_para&quot;&gt;&lt;p&gt;The type of evidence is identified and graded for each recommendation (see the &quot;Major Recommendations&quot; field).&lt;/p&gt;&lt;/div&gt;" /></Field></Section><Section SecID="427" OrdBy="700" Name="Benefits/Harms of Implementing the Guideline Recommendations"><Field FieldID="152" OrdBy="705" ID="428" Name="Potential Benefits" Type="text"><FieldValue Value="&lt;div class=&quot;content_para&quot;&gt;&lt;p&gt;Accurate and adequate assessment and management of foot ulcers for people with diabetes&lt;/p&gt;&lt;/div&gt;" /></Field><Field FieldID="153" OrdBy="710" ID="429" Name="Potential Harms" Type="text"><FieldValue Value="&lt;ul style=&quot;list-style-type: disc;&quot;&gt;&#xD;&#xA;    &lt;li&gt;In persons with diabetes, ankle-brachial pressure index (ABPI) results can be unreliable (falsely negative) due to calcification of the arterial vessels. &lt;/li&gt;&#xD;&#xA;    &lt;li&gt;Sharp debridement is a high-risk procedure and should be undertaken with caution. It is a procedure that must only be performed by trained and experienced health-care professionals, within the policies of the organization. &lt;/li&gt;&#xD;&#xA;    &lt;li&gt;Performing a procedure below the dermis is a controlled act that must be carried out by an authorized health-care professional. Health-care professionals should be aware of their professional scope of practice as well as the policies and procedures within their organization. &lt;/li&gt;&#xD;&#xA;    &lt;li&gt;Application of moisture retentive dressings in the presence of ischemia and/or dry gangrene can result in a serious limb-threatening infection. &lt;/li&gt;&#xD;&#xA;&lt;/ul&gt;&#xD;&#xA;&lt;p&gt;See Appendices Q and R in the original guideline document for cautions for topical medications and dressings used to treat diabetic foot ulcers.&lt;/p&gt;" /></Field></Section><Section SecID="430" OrdBy="800" Name="Contraindications"><Field FieldID="144" OrdBy="805" ID="431" Name="Contraindications" Type="text"><FieldValue Value="&lt;div class=&quot;content_para&quot;&gt;&lt;p&gt;Diagnosing magnetic resonance angiography (MRA) is contraindicated for persons with metal foreign implants (i.e., pacemaker, aneurism clips, orthopedic screws, pin, etc.).&lt;/p&gt;&#xD;&#xA;&lt;p&gt;See Appendix R in the original guideline document for contraindications to dressings used in the treatment of diabetic foot ulcers.&lt;/p&gt;&lt;/div&gt;" /></Field></Section><Section SecID="432" OrdBy="900" Name="Qualifying Statements"><Field FieldID="137" OrdBy="905" ID="433" Name="Qualifying Statements" Type="text"><FieldValue Value="&lt;ul style=&quot;list-style-type: disc;&quot;&gt;&#xD;&#xA;    &lt;li&gt;These guidelines are not binding on nurses or the organizations that employ them. The use of these guidelines should be flexible, and based on individual needs and local circumstances. They neither constitute a liability nor discharge from liability. While every effort has been made to ensure the accuracy of the contents at the time of publication, neither the authors nor the Registered Nurses' Association of Ontario (RNAO) give any guarantee as to the accuracy of the information contained in them nor accept any liability, with respect to loss, damage, injury or expense arising from any such errors or omission in the contents of this work. &lt;/li&gt;&#xD;&#xA;    &lt;li&gt;This nursing best practice guideline is a comprehensive document that provides resources necessary for the support of evidence-based nursing practice. The document needs to be reviewed and applied, based on the specific needs of the organization or practice setting/environment, as well as the needs and wishes of the client. This guideline should be applied as a tool or template that is intended to enhance decision making in the provision of individualized care. In addition, the guideline provides an overview of appropriate structures and supports necessary for the provision of the best possible evidence-based care. &lt;/li&gt;&#xD;&#xA;    &lt;li&gt;Nurses, other health-care professionals and administrators who lead and facilitate practice changes will find this document invaluable for the development of policies, procedures, protocols, educational programs and assessments, interventions and documentation tools. Nurses providing direct care will benefit from reviewing the recommendations, the evidence in support of the recommendations and the process that was used to develop this edition of the guideline. However, it is highly recommended that practice settings/environments adapt these guidelines in formats that would be user-friendly for daily use. This guideline has some suggested formats for local adaptation and tailoring. &lt;/li&gt;&#xD;&#xA;&lt;/ul&gt;" /></Field></Section><Section SecID="434" OrdBy="1000" Name="Implementation of the Guideline"><Field FieldID="131" OrdBy="1010" ID="436" Name="Description of Implementation Strategy" Type="text"><FieldValue Value="&lt;div class=&quot;content_para&quot;&gt;&lt;p&gt;&lt;strong&gt;Toolkit: Implementing Clinical Practice Guidelines&lt;/strong&gt;&lt;/p&gt;&#xD;&#xA;&lt;p&gt;Best practice guidelines (BPGs) can only be successfully implemented if there are adequate planning, resources, organizational and administrative supports, as well as appropriate facilitation. In this light, the Registered Nurses' Association of Ontario (RNAO), through a panel of nurses, researchers and administrators, has developed the &lt;em&gt;Toolkit: Implementation of Best Practice Guidelines&lt;/em&gt; (2012). The &lt;em&gt;Toolkit&lt;/em&gt; is based on available evidence, theoretical perspectives and consensus. The Toolkit is recommended for guiding the implementation of any clinical practice guideline in a health-care organization.&lt;/p&gt;&#xD;&#xA;&lt;p&gt;The &lt;em&gt;Toolkit&lt;/em&gt; provides step-by-step directions to individuals and groups involved in planning, coordinating and facilitating the guideline implementation. These steps reflect a process that is dynamic and iterative rather than linear. Therefore, at each phase, preparation for the next phases and reflection on the previous phase is essential. Specifically, the &lt;em&gt;Toolkit&lt;/em&gt; addresses the following key steps, as illustrated in the &quot;Knowledge to Action&quot; framework when implementing a guideline:&lt;/p&gt;&#xD;&#xA;&lt;ol style=&quot;list-style-type: decimal;&quot;&gt;&#xD;&#xA;    &lt;li&gt;Identify problem: identify, review, select knowledge (Best Practice Guideline). &lt;/li&gt;&#xD;&#xA;    &lt;li&gt;Adapt knowledge to local context:&#xD;&#xA;    &lt;ul style=&quot;list-style-type: disc;&quot;&gt;&#xD;&#xA;        &lt;li&gt;Assess barriers and facilitators to knowledge use &lt;/li&gt;&#xD;&#xA;        &lt;li&gt;Identify resources &lt;/li&gt;&#xD;&#xA;    &lt;/ul&gt;&#xD;&#xA;    &lt;/li&gt;&#xD;&#xA;    &lt;li&gt;Select, tailor and implement interventions. &lt;/li&gt;&#xD;&#xA;    &lt;li&gt;Monitor knowledge use. &lt;/li&gt;&#xD;&#xA;    &lt;li&gt;Evaluate outcomes. &lt;/li&gt;&#xD;&#xA;    &lt;li&gt;Sustain knowledge use. &lt;/li&gt;&#xD;&#xA;&lt;/ol&gt;&#xD;&#xA;&lt;p&gt;Implementing guidelines that result in successful practice changes and positive clinical impact is a complex undertaking. The &lt;em&gt;Toolkit&lt;/em&gt; is a key resource for managing this process and can be downloaded at &lt;a href=&quot;http://rnao.ca/bpg&quot; title=&quot;RNAO Web site&quot;&gt;http://rnao.ca/bpg&lt;/a&gt; (see also the &quot;Availability of Companion Documents&quot; field).&lt;/p&gt;&#xD;&#xA;&lt;p&gt;&lt;strong&gt;Evaluation/Monitoring of Guideline&lt;/strong&gt;&lt;/p&gt;&#xD;&#xA;&lt;p&gt;Organizations implementing the recommendations in this nursing BPG are advised to consider how their implementation, and their impact, will be monitored and evaluated. The impact of BPG implementation and sustained use of evidence-based practice can be evaluated objectively through regular review of the utilization of the Nursing Order Sets and their effect on client health outcomes. Nursing Order Sets embedded within clinical information systems simplify this process by providing a mechanism for electronic data capture.&lt;/p&gt;&#xD;&#xA;&lt;p&gt;Table 8 in the original guideline document is based on a framework outlined in the &lt;em&gt;Toolkit: Implementation of best practice guidelines&lt;/em&gt; (2012) and illustrates some specific indicators for monitoring and evaluation of the RNAO guideline &lt;em&gt;Assessment and Management of Foot Ulcers for People with Diabetes&lt;/em&gt; (2nd ed).&lt;/p&gt;&#xD;&#xA;&lt;p&gt;&lt;strong&gt;Implementation Strategies&lt;/strong&gt;&lt;/p&gt;&#xD;&#xA;&lt;p&gt;Guideline implementation at the point of care is multifaceted and challenging at all levels. The uptake of knowledge in any practice setting requires more than the awareness and distribution of guidelines. Application of the guideline in any practice setting requires adaptation for the local context. Adaptation must be systematic and participatory to ensure recommendations are customized to fit the local context. The RNAO recommends the use of the &lt;em&gt;Toolkit: Implementation of Best Practice Guidelines&lt;/em&gt; (2012), which provides an evidenced-informed process for a systematic, well-planned implementation.&lt;/p&gt;&#xD;&#xA;&lt;p&gt;The &lt;em&gt;Toolkit&lt;/em&gt; is based on emerging evidence that the likelihood of achieving successful uptake of best practice in health care increases when:&lt;/p&gt;&#xD;&#xA;&lt;ul style=&quot;list-style-type: disc;&quot;&gt;&#xD;&#xA;    &lt;li&gt;Leaders at all levels are committed to support facilitation of guideline implementation &lt;/li&gt;&#xD;&#xA;    &lt;li&gt;Guidelines are selected for implementation through a systematic, participatory process &lt;/li&gt;&#xD;&#xA;    &lt;li&gt;Stakeholders relevant to the focus of the guideline are identified, and engaged in the implementation process &lt;/li&gt;&#xD;&#xA;    &lt;li&gt;An environmental readiness assessment for implementation is conducted for its impact on guideline uptake &lt;/li&gt;&#xD;&#xA;    &lt;li&gt;The guideline is tailored to the local context &lt;/li&gt;&#xD;&#xA;    &lt;li&gt;Barriers and facilitators to use of the guideline are assessed and addressed &lt;/li&gt;&#xD;&#xA;    &lt;li&gt;Interventions are selected that promote guideline use &lt;/li&gt;&#xD;&#xA;    &lt;li&gt;Guideline use is systematically monitored and sustained &lt;/li&gt;&#xD;&#xA;    &lt;li&gt;Evaluation of the impacts of guideline use is embedded into the process &lt;/li&gt;&#xD;&#xA;    &lt;li&gt;There are adequate resources to complete the activities related to all aspects of guideline implementation &lt;/li&gt;&#xD;&#xA;&lt;/ul&gt;&#xD;&#xA;&lt;p&gt;The &lt;em&gt;Toolkit&lt;/em&gt; uses the knowledge-to-action model that depicts the process of choosing a guideline in the centre triangle, and follows a detailed step-by-step direction for implementing guideline recommendations at the local level. These steps are illustrated in Figure 3 in the original guideline document: &quot;Knowledge to Action&quot; framework.&lt;/p&gt;&lt;/div&gt;" /></Field><Field FieldID="117" OrdBy="1015" ID="437" Name="Implementation Tools" Type="picklist-many"><FieldValue Value="Chart Documentation/Checklists/Forms" /><FieldValue Value="Foreign Language Translations" /><FieldValue Value="Mobile Device Resources" /><FieldValue Value="Patient Resources" /><FieldValue Value="Slide Presentation" /><FieldValue Value="Tool Kits" /></Field></Section><Section SecID="439" OrdBy="1100" Name="Institute of Medicine (IOM) National Healthcare Quality Report Categories"><Field FieldID="50" OrdBy="1105" ID="440" Name="IOM Care Need" Type="picklist-many"><FieldValue Value="Getting Better" /><FieldValue Value="Living with Illness" /></Field><Field FieldID="51" OrdBy="1110" ID="441" Name="IOM Domain" Type="picklist-many"><FieldValue Value="Effectiveness" /><FieldValue Value="Patient-centeredness" /></Field></Section><Section SecID="442" OrdBy="1200" Name="Identifying Information and Availability"><Field FieldID="97" OrdBy="1201" ID="392" Name="Bibliographic Source(s)" Type="citation"><FieldValue Value="&lt;table&gt;&lt;tr&gt;&lt;td&gt;Registered Nurses' Association of Ontario (RNAO). Assessment and management of foot ulcers for people with diabetes. Toronto (ON): Registered Nurses' Association of Ontario (RNAO); 2013 Mar. 156 p.  [223 references]&lt;/td&gt;&lt;/tr&gt;&lt;/table&gt;" /></Field><Field FieldID="124" OrdBy="1205" ID="443" Name="Adaptation" Type="text"><FieldValue Value="&lt;div class=&quot;content_para&quot;&gt;&lt;p&gt;Not applicable: The guideline was not adapted from another source.&lt;/p&gt;&lt;/div&gt;" /></Field><Field FieldID="128" OrdBy="1215" ID="445" Name="Date Released" Type="text"><FieldValue Value="2005 Mar (revised 2013 Mar)" /></Field><Field FieldID="158" OrdBy="1225" ID="447" Name="Guideline Developer(s)" Type="orglist-p"><FieldValue Value="Registered Nurses' Association of Ontario - Professional Association" /></Field><Field FieldID="125" OrdBy="1235" ID="449" Name="Source(s) of Funding" Type="text"><FieldValue Value="&lt;div class=&quot;content_para&quot;&gt;&lt;p&gt;Funding was provided by the Ontario Ministry of Health and Long-Term Care.&lt;/p&gt;&lt;/div&gt;" /></Field><Field FieldID="126" OrdBy="1240" ID="450" Name="Guideline Committee" Type="text"><FieldValue Value="&lt;div class=&quot;content_para&quot;&gt;&lt;p&gt;Guideline Development Panel&lt;/p&gt;&lt;/div&gt;" /></Field><Field FieldID="127" OrdBy="1245" ID="451" Name="Composition of Group That Authored the Guideline" Type="text"><FieldValue Value="&lt;div class=&quot;content_para&quot;&gt;&lt;p&gt;&lt;strong&gt;Development Panel Members&lt;/strong&gt;&lt;/p&gt;&#xD;&#xA;&lt;p&gt;Laura M. Teague, RN, MN, NP&lt;br /&gt;&#xD;&#xA;&lt;em&gt;Panel Chair&lt;/em&gt;&lt;br /&gt;&#xD;&#xA;Nurse Practitioner, St. Michael's Hospital&lt;br /&gt;&#xD;&#xA;Lecturer, University of Toronto, Faculty of Nursing&lt;br /&gt;&#xD;&#xA;Adjunct Faculty, Western University &amp;ndash; Faculty of Physical Therapy&lt;br /&gt;&#xD;&#xA;(Master of Clinical Science, Wound Healing)&lt;br /&gt;&#xD;&#xA;Toronto, Ontario&lt;/p&gt;&#xD;&#xA;&lt;p&gt;Karen Bruton, RN, BScN, CETN(C)&lt;br /&gt;&#xD;&#xA;Professional Practice Leader&lt;br /&gt;&#xD;&#xA;Northumberland Hills Hospital&lt;br /&gt;&#xD;&#xA;Cobourg, Ontario&lt;/p&gt;&#xD;&#xA;&lt;p&gt;Patricia Coutts, RN&lt;br /&gt;&#xD;&#xA;Wound Care Specialist and Clinical Trials Coordinator&lt;br /&gt;&#xD;&#xA;Dermatology Office of Dr. R. Gary Sibbald&lt;br /&gt;&#xD;&#xA;Mississauga, Ontario&lt;/p&gt;&#xD;&#xA;&lt;p&gt;Laurie Goodman, RN, BA, MHScN&lt;br /&gt;&#xD;&#xA;Advanced Practice Nurse/Educator&lt;br /&gt;&#xD;&#xA;Toronto Regional Wound Healing Clinic&lt;br /&gt;&#xD;&#xA;CoDirector &amp;amp; Course Coordinator IIWCC-CAN&lt;br /&gt;&#xD;&#xA;Mississauga, Ontario&lt;/p&gt;&#xD;&#xA;&lt;p&gt;Christine A. Murphy, RN, CETN(C), BSc (Hons), MClScWH, PhD (cand).&lt;br /&gt;&#xD;&#xA;Enterostomal Therapist, The Ottawa Hospital&lt;br /&gt;&#xD;&#xA;Adjunct Faculty, Western University&lt;br /&gt;&#xD;&#xA;(Master of Clinical Sciences, Wound Healing)&lt;br /&gt;&#xD;&#xA;Ottawa, Ontario&lt;/p&gt;&#xD;&#xA;&lt;p&gt;Heather Nesbeth, RN, BSN, CDE&lt;br /&gt;&#xD;&#xA;Diabetes Educator&lt;br /&gt;&#xD;&#xA;Trillium Health Centre &amp;ndash; Diabetes Centre&lt;br /&gt;&#xD;&#xA;Toronto, Ontario&lt;/p&gt;&#xD;&#xA;&lt;p&gt;Deirdre O'Sullivan-Drombolis, BScPT, MClSc PT (Wound Healing)&lt;br /&gt;&#xD;&#xA;Physical Therapist, Wound Resource, Riverside Health Care Facilities&lt;br /&gt;&#xD;&#xA;Adjunct Faculty, Western University&lt;br /&gt;&#xD;&#xA;(Master of Clinical Sciences, Wound Healing)&lt;br /&gt;&#xD;&#xA;Adjunct Faculty, Northern Ontario School of Medicine&lt;br /&gt;&#xD;&#xA;Fort Frances, Ontario&lt;/p&gt;&#xD;&#xA;&lt;p&gt;Ruth Thompson, DCh, MCISC-WH&lt;br /&gt;&#xD;&#xA;Chiropodist&lt;br /&gt;&#xD;&#xA;The Ottawa Hospital&lt;br /&gt;&#xD;&#xA;Ottawa, Ontario&lt;/p&gt;&lt;/div&gt;" /></Field><Field FieldID="147" OrdBy="1250" ID="452" Name="Financial Disclosures/Conflicts of Interest" Type="text"><FieldValue Value="&lt;div class=&quot;content_para&quot;&gt;&lt;p&gt;Declarations of interest and confidentiality were made by all members of the guideline development panel. Further details are available from the Registered Nurses' Association of Ontario.&lt;/p&gt;&lt;/div&gt;" /></Field><Field FieldID="120" OrdBy="1256" ID="393" Name="Guideline Status" Type="text"><FieldValue Value="&lt;div class=&quot;content_para&quot;&gt;&lt;p&gt;This is the current release of the guideline.&lt;/p&gt;&#xD;&#xA;&lt;p&gt;This guideline updates a previous version: Registered Nurses Association of Ontario (RNAO). Assessment and management of foot ulcers for people with diabetes. Toronto (ON): Registered Nurses Association of Ontario (RNAO); 2005 Mar. 112 p.&lt;/p&gt;&lt;/div&gt;" /></Field><Field FieldID="118" OrdBy="1260" ID="454" Name="Guideline Availability" Type="text"><FieldValue Value="&lt;div class=&quot;content_para&quot;&gt;&lt;p&gt;Electronic copies: Available in English, French, Italian and Spanish from the &lt;a href=&quot;http://rnao.ca/bpg/guidelines/assessment-and-management-foot-ulcers-people-diabetes-second-edition&quot; title=&quot;Registered Nurses Association of Ontario (RNAO) Web site&quot;&gt;Registered Nurses Association of Ontario (RNAO) Web site&lt;/a&gt;.&lt;/p&gt;&#xD;&#xA;&lt;p&gt;Print copies: Available from the Registered Nurses Association of Ontario (RNAO), Nursing Best Practice Guidelines Project, 158 Pearl Street, Toronto, Ontario M5H 1L3.&lt;/p&gt;&lt;/div&gt;" /></Field><Field FieldID="119" OrdBy="1265" ID="455" Name="Availability of Companion Documents" Type="text"><FieldValue Value="&lt;div class=&quot;content_para&quot;&gt;&lt;p&gt;The following are available:&lt;/p&gt;&#xD;&#xA;&lt;ul style=&quot;list-style-type: disc;&quot;&gt;&#xD;&#xA;    &lt;li&gt;Webinar: evaluating outcomes through guideline-based indicators. Toronto (ON): Registered Nurses Association of Ontario (RNAO); 2013 Aug. 54 p. Electronic copies: Available in Portable Document Format (PDF) from the &lt;a href=&quot;http://rnao.ca/sites/rnao-ca/files/CoF_Presentation_NQuIRE_29082013.pdf&quot; title=&quot;Registered Nurses Association of Ontario (RNAO) Web site&quot;&gt;Registered Nurses Association of Ontario (RNAO) Web site&lt;/a&gt;. &lt;/li&gt;&#xD;&#xA;    &lt;li&gt;Toolkit: implementation of clinical practice guidelines. Toronto (ON): Registered Nurses' Association of Ontario (RNAO); 2012 Sep. 154 p. Electronic copies: Available in PDF from the &lt;a href=&quot;http://rnao.ca/sites/rnao-ca/files/RNAO_ToolKit_2012_rev4_FA.pdf&quot; title=&quot;Registered Nurses Association of Ontario (RNAO) Web site&quot;&gt;RNAO Web site&lt;/a&gt;. &lt;/li&gt;&#xD;&#xA;    &lt;li&gt;Registered Nurses' Association of Ontario &amp;ndash; Nursing Best Practice Guidelines Program assessment and management of foot ulcers for people with diabetes-second edition-March 2013. Toronto (ON): Registered Nurses Association of Ontario (RNAO); 2013 Mar. 5 p. Electronic copies: Available in PDF from the &lt;a href=&quot;http://rnao.ca/sites/rnao-ca/files/DFU_Supporting_Material_2013.pdf&quot; title=&quot;Registered Nurses Association of Ontario (RNAO) Web site&quot;&gt;RNAO Web site&lt;/a&gt;. &lt;/li&gt;&#xD;&#xA;    &lt;li&gt;Sustainability of best practice guideline implementation. Toronto (ON): Registered Nurses' Association of Ontario (RNAO); 24 p. Electronic copies: Available in PDF and as a power point presentation from the &lt;a href=&quot;http://rnao.ca/bpg/guidelines/resources/sustainability-best-practice-guideline-implementation&quot; title=&quot;Registered Nurses Association of Ontario (RNAO) Web site&quot;&gt;RNAO Web site&lt;/a&gt;. &lt;/li&gt;&#xD;&#xA;    &lt;li&gt;Educator's resource: integration of best practice guidelines. Toronto (ON): Registered Nurses' Association of Ontario (RNAO); 2005 Jun. 123 p. Electronic copies: Available in PDF from the &lt;a href=&quot;http://rnao.ca/sites/rnao-ca/files/Educators_Resource_-_Integration_of_Best_Practice_Guidelines.pdf&quot; title=&quot;Registered Nurses Association of Ontario (RNAO) Web site&quot;&gt;RNAO Web site&lt;/a&gt;. &lt;/li&gt;&#xD;&#xA;&lt;/ul&gt;&#xD;&#xA;&lt;p&gt;Print copies: Available from the Registered Nurses Association of Ontario (RNAO), Nursing Best Practice Guidelines Project, 158 Pearl Street, Toronto, Ontario M5H 1L3.&lt;/p&gt;&#xD;&#xA;&lt;p&gt;The appendices of the &lt;a href=&quot;http://rnao.ca/sites/rnao-ca/files/Assessment_and_Management_of_Foot_Ulcers_for_People_with_Diabetes_Second_Edition1.pdf&quot; title=&quot;Registered Nurses Association of Ontario (RNAO) Web site&quot;&gt;original guideline document&lt;/a&gt; contain resources including a guide to dressing foot wounds, a clinic assessment tool, a debridement decision-making algorithm, the PEDIS diabetic foot ulcer classification system, and the Pressure Ulcer Scale for Healing (PUSH) Tool 3.0.&lt;/p&gt;&#xD;&#xA;&lt;p&gt;Mobile versions of RNAO guidelines are available from the &lt;a href=&quot;http://pda.rnao.ca/category/guidelines/assessment-and-management-foot-ulcers-people-diabetes-second-edition&quot; title=&quot;Registered Nurses Association of Ontario (RNAO) Web site&quot;&gt;RNAO Web site&lt;/a&gt;.&lt;/p&gt;&lt;/div&gt;" /></Field><Field FieldID="143" OrdBy="1275" ID="457" Name="Patient Resources" Type="text"><FieldValue Value="&lt;div class=&quot;content_para&quot;&gt;&lt;p&gt;The following is available:&lt;/p&gt;&#xD;&#xA;&lt;ul style=&quot;list-style-type: disc;&quot;&gt;&#xD;&#xA;    &lt;li&gt;Managing foot ulcers in people with diabetes. Health education fact sheet. Toronto (ON): Registered Nurses' Association of Ontario (RNAO); 2 p. Electronic copies: Available in Portable Document Format (PDF) from the &lt;a href=&quot;http://rnao.ca/sites/rnao-ca/files/FINAL_HEFS-Diabetic_Foot_Ulcer_June_17.pdf&quot; title=&quot;Registered Nurses Association of Ontario (RNAO) Web site&quot;&gt;Registered Nurses' Association of Ontario (RNAO) Web site&lt;/a&gt;. &lt;/li&gt;&#xD;&#xA;&lt;/ul&gt;&#xD;&#xA;&lt;p&gt;In addition, &quot;Diabetes, Healthy Feet and You,&quot; a patient brochure, is available in Appendix S of the &lt;a href=&quot;http://rnao.ca/sites/rnao-ca/files/Assessment_and_Management_of_Foot_Ulcers_for_People_with_Diabetes_Second_Edition1.pdf&quot; title=&quot;Registered Nurses Association of Ontario (RNAO) Web site&quot;&gt;original guideline document&lt;/a&gt;.&lt;/p&gt;&#xD;&#xA;&lt;p&gt;Print copies: Available from the Registered Nurses' Association of Ontario (RNAO), Nursing Best Practice Guidelines Project, 158 Pearl Street, Toronto, Ontario M5H 1L3.&lt;/p&gt;&#xD;&#xA;&lt;p class=&quot;Disclaimer&quot;&gt;Please note: This patient information is intended to provide health professionals with information to share with their patients to help them better understand their health and their diagnosed disorders. By providing access to this patient information, it is not the intention of NGC to provide specific medical advice for particular patients. Rather we urge patients and their representatives to review this material and then to consult with a licensed health professional for evaluation of treatment options suitable for them as well as for diagnosis and answers to their personal medical questions. This patient information has been derived and prepared from a guideline for health care professionals included on NGC by the authors or publishers of that original guideline. The patient information is not reviewed by NGC to establish whether or not it accurately reflects the original guideline's content.&lt;/p&gt;&lt;/div&gt;" /></Field><Field FieldID="142" OrdBy="1280" ID="458" Name="NGC Status" Type="text"><FieldValue Value="&lt;div class=&quot;content_para&quot;&gt;&lt;p&gt;This summary was completed by ECRI on June 3, 2005. The updated information was verified by the guideline developer on June 21, 2005. This NGC summary was updated by ECRI Institute on March 20, 2014.&lt;/p&gt;&lt;/div&gt;" /></Field><Field FieldID="141" OrdBy="1290" ID="460" Name="Copyright Statement" Type="text"><FieldValue Value="&lt;div class=&quot;content_para&quot;&gt;&lt;p&gt;With the exception of those portions of this document for which a specific prohibition or limitation against copying appears, the balance of this document may be produced, reproduced, and published in its entirety only, in any form, including in electronic form, for educational or non-commercial purposes, without requiring the consent or permission of the Registered Nurses' Association of Ontario, provided that an appropriate credit or citation appears in the copied work as follows:&lt;/p&gt;&#xD;&#xA;&lt;p&gt;Registered Nurses' Association of Ontario (2013). &lt;em&gt;Assessment and Management of Foot Ulcers for People with Diabetes (2nd ed.)&lt;/em&gt;. Toronto, ON: Registered Nurses' Association of Ontario.&lt;/p&gt;&lt;/div&gt;" /></Field></Section><Section SecID="99999" OrdBy="99999" Name="Disclaimer"><Field FieldID="99999" OrdBy="99999" ID="99999" Name="NGC Disclaimer" Type="text"><FieldValue Value="&lt;p&gt;The National Guideline Clearinghouse™ (NGC) does not develop, produce, approve, or endorse the guidelines represented on this site.&lt;/p&gt; &#xD;&#xA;&lt;p&gt;All guidelines summarized by NGC and hosted on our site are produced under the auspices of medical specialty societies, relevant professional associations, public or private organizations, other government agencies, health care organizations or plans, and similar entities.&lt;/p&gt; &#xD;&#xA;&lt;p&gt;Guidelines represented on the NGC Web site are submitted by guideline developers, and are screened solely to determine that they meet the NGC Inclusion Criteria which may be found at &lt;a href=&quot;/about/inclusion-criteria.aspx&quot;&gt;http://www.guideline.gov/about/inclusion-criteria.aspx&lt;/a&gt;.&lt;/p&gt; &#xD;&#xA;&lt;p&gt;NGC, AHRQ, and its contractor ECRI Institute make no warranties concerning the content or clinical efficacy or effectiveness of the clinical practice guidelines and related materials represented on this site. Moreover, the views and opinions of developers or authors of guidelines represented on this site do not necessarily state or reflect those of NGC, AHRQ, or its contractor ECRI Institute, and inclusion or hosting of guidelines in NGC may not be used for advertising or commercial endorsement purposes.&lt;/p&gt; &#xD;&#xA;&lt;p&gt;Readers with questions regarding guideline content are directed to contact the guideline developer.&lt;/p&gt;" /></Field></Section></Version>
