<Version><xmlsource>This XML content was developed by AHRQ's contractor ECRI Institute for the National Guideline Clearinghouse (NGC).</xmlsource><Section SecID="390" OrdBy="100" Name="General"><Field FieldID="161" OrdBy="105" ID="391" Name="Guideline Title" Type="text"><FieldValue Value="&lt;div class=&quot;content_title&quot;&gt;Symptom management in patients with lung cancer: diagnosis and management of lung cancer, 3rd ed: American College of Chest Physicians evidence-based clinical practice guidelines.&lt;/div&gt;" /></Field><Field FieldID="97" OrdBy="110" ID="392" Name="Bibliographic Source(s)" Type="citation"><FieldValue Value="&lt;table&gt;&lt;tr&gt;&lt;td&gt;Simoff MJ, Lally B, Slade MG, Goldberg WG, Lee P, Michaud GC, Wahidi MM, Chawla M. Symptom management in patients with lung cancer: diagnosis and management of lung cancer, 3rd ed: American College of Chest Physicians evidence-based clinical practice guidelines. Chest. 2013 May;143(5 Suppl):e455S-97S. [295 references] &lt;a href=&quot;http://www.ncbi.nlm.nih.gov/entrez/query.fcgi?cmd=Retrieve&amp;db=pubmed&amp;dopt=Abstract&amp;list_uids=23649452&quot; target=&quot;_blank&quot;&gt;PubMed&lt;/a&gt;&lt;/td&gt;&lt;/tr&gt;&lt;/table&gt;" /></Field><Field FieldID="120" OrdBy="115" ID="393" Name="Guideline Status" Type="text"><FieldValue Value="&lt;div class=&quot;content_para&quot;&gt;&lt;p&gt;This is the current release of the guideline.&lt;/p&gt;&#xD;&#xA;&lt;p&gt;This guideline updates a previous version: Kvale PA, Selecky PA, Prakash UB, American College of Chest Physicians. Palliative care in lung cancer: ACCP evidence-based clinical practice guidelines (2nd edition). Chest. 2007 Sep;132(3 Suppl):368S-403S.&lt;/p&gt;&lt;/div&gt;" /></Field><Field Name ="UMLS Concepts"><FieldValue Value="ICD9CM: Anorexia  (783.0); Compression of vein  (459.2); Cough  (786.2); Depressive disorder, not elsewhere classified  (311); Hemoptysis, unspecified  (786.30); Insertion of endotracheal tube  (96.04); Insomnia, unspecified  (780.52); Malignant neoplasm of brain, unspecified  (191.9); Malignant neoplasm of bronchus and lung, unspecified  (162.9); Malignant pleural effusion  (511.81); Neoplasm of unspecified nature of brain  (239.6); Scarification of pleura  (34.6); Secondary malignant neoplasm of bone and bone marrow  (198.5); Secondary malignant neoplasm of brain and spinal cord  (198.3); Shortness of breath  (786.05); Stereotactic radiosurgery, not otherwise specified  (92.30); Thoracentesis  (34.91); Tracheoesophageal fistula  (530.84); Transpleural thoracoscopy  (34.21); Unspecified pleural effusion  (511.9)"/><FieldValue Value="MSH: Acetaminophen ; Adaptation, Psychological ; Adrenal Cortex Hormones ; Amines ; Amitriptyline ; Analgesia ; Analgesics ; Analgesics, Opioid ; Anorexia ; Anti-Anxiety Agents ; Anti-Inflammatory Agents, Non-Steroidal ; Anticonvulsants ; Antidepressive Agents ; Antidepressive Agents, Tricyclic ; Antipsychotic Agents ; Argon Plasma Coagulation ; Bone Nails ; Bone Neoplasms ; Brachytherapy ; Brain Neoplasms ; Bronchoscopes ; Bronchoscopy ; Carbamazepine ; Carcinoma, Non-Small-Cell Lung ; Catheter Ablation ; Chemotherapy, Adjuvant ; Chest Tubes ; Codeine ; Cognitive Therapy ; Combined Modality Therapy ; Complementary Therapies ; Cough ; Cranial Irradiation ; Debridement ; Depression ; Dexamethasone ; Diphosphonates ; Drainage ; Drug Administration Routes ; Drug Therapy ; Dyspnea ; Electrocoagulation ; Embolization, Therapeutic ; Fatigue ; Fentanyl ; Fracture Fixation, Internal ; gamma-Aminobutyric Acid ; Hemoptysis ; Histamine H2 Antagonists ; Hydromorphone ; Imagery (Psychotherapy) ; Imipramine ; Internal Fixators ; Intubation, Intratracheal ; Lung Neoplasms ; Methadone ; Misoprostol ; Morphine ; Motor Activity ; Muscle Relaxation ; Neoplasm Metastasis ; Neurosurgical Procedures ; Oxycodone ; Pain ; Pain Management ; Pain Measurement ; Palliative Care ; Paracentesis ; Patient Education as Topic ; Pleural Effusion ; Pleural Effusion, Malignant ; Pleurodesis ; Pneumonectomy ; Proton Pump Inhibitors ; Psychotherapy ; Pulmonary Surgical Procedures ; Radiopharmaceuticals ; Radiosurgery ; Radiotherapy ; Radiotherapy, Adjuvant ; Referral and Consultation ; Respiratory Therapy ; Severity of Illness Index ; Sleep Initiation and Maintenance Disorders ; Social Support ; Spinal Cord Compression ; Stents ; Superior Vena Cava Syndrome ; Surgical Fixation Devices ; Talc ; Thoracoscopes ; Thoracoscopy ; Tracheoesophageal Fistula ; Venous Thromboembolism "/><FieldValue Value="MTH: Acetaminophen ; Adrenal Cortex Hormones ; Amines ; Amitriptyline ; Analgesia ; Analgesics ; Analgesics, Opioid ; Anorexia ; Anti-Anxiety Agents ; Anti-Inflammatory Agents, Non-Steroidal ; Anticonvulsants ; Antidepressive Agents ; Augmentation procedure ; Bone neoplasms ; Brachytherapy ; Brain Neoplasms ; Carbamazepine ; Cardiac ablation ; Chest Tubes ; Codeine ; Cognitive Therapy ; Combined Modality Therapy ; Complementary therapies ; Compression of spinal cord ; Coughing ; Debridement ; Depression screen ; Depressive disorder, NEC in ICD9CM_2014 ; Dexamethasone ; dihydrocodeine ; Diphosphonates ; Drainage procedure ; Drug Administration Routes ; Dyspnea ; Dyspnea and respiratory abnormalities ; Electrocoagulation ; Fatigue ; Fentanyl ; gabapentin ; Guided imagery ; Histamine H2 Antagonists ; Hydromorphone ; Imipramine ; Lung Neoplasms ; Malignant neoplasm of brain ; Malignant neoplasm of lung ; Medical pins ; Mental Depression ; Metastatic malignant neoplasm to brain ; Methadone ; Morphine ; Muscle relaxation phase ; Neoplasm Metastasis ; Neurosurgical Procedures ; Non-Small Cell Lung Carcinoma ; Numeric Pain Scale ; Oxycodone ; Pain ; Pain management ; Palliative Care ; Paracentesis ; Patient education (procedure) ; Pharmacotherapy ; Physical activity ; Pleural effusion disorder ; Pneumonectomy ; pregabalin ; Proton Pump Inhibitors ; Psychological adjustment ; Psychosocial assessment (procedure) ; Psychotherapy ; Radiographic-therapeutic unit device ; Radiopharmaceuticals ; Respiratory Therapy ; Sleeplessness ; Social support ; Stent, device ; Talc ; Therapeutic radiology procedure ; Thoracoscopy ; Tricyclic Antidepressive Agents ; Venous Thromboembolism ; Visual Analog Pain Scale "/><FieldValue Value="PDQ: acetaminophen ; anorexia ; brachytherapy ; brain tumor ; bronchoscopy ; carbamazepine ; dexamethasone ; embolization therapy ; fatigue ; gabapentin ; hemoptysis ; misoprostol ; pain ; pain therapy ; pregabalin ; radiation therapy ; stereotactic radiosurgery ; superior vena cava syndrome ; talc "/><FieldValue Value="SNOMEDCT_US: Acetaminophen  (387517004); Acetaminophen  (90332006); Amine  (43201005); Amitriptyline  (372726002); Amitriptyline  (40589005); Analgesic  (373265006); Analgesic  (53009005); Anti-psychotic agent  (10784006); Anti-psychotic agent  (372482001); Anticonvulsant  (255632006); Anticonvulsant  (63094006); Antidepressant  (36236003); Antidepressant  (372720008); Anxiolytic  (255635008); Anxiolytic  (373282008); Augmentation procedure  (122464004); Augmentation procedure  (129351000); Bone pin  (77444004); Brachytherapy - action  (313029009); Brachytherapy system  (706279005); Bronchial stent  (705631002); Bronchoscope  (24174009); Bronchoscopy  (10847001); Cancer pain and symptom management  (413742003); Carbamazepine  (387222003); Carbamazepine  (40820003); Centesis  (86088003); Chest drain  (258643002); Chest drain  (465063005); Codeine  (387494007); Codeine  (85990009); Cognitive therapy  (183383008); Cognitive therapy  (228553007); Cognitive therapy  (228557008); Cognitive therapy  (304891004); Complementary therapy  (225423004); Compression of vein  (14540002); Corticoid preparation  (21568003); Corticoid preparation  (79440004); Cough  (263731006); Cough  (272039006); Cough  (49727002); Debridement  (129317004); Debridement  (36777000); Deep breathing exercises  (229287009); Depression screening  (171207006); Dexamethasone  (372584003); Dexamethasone  (7561000); Dihydrocodeine  (387322000); Dihydrocodeine  (57811004); Diphosphonate  (372907000); Diphosphonate  (96281001); Disorders of initiating and maintaining sleep  (194437008); Drainage procedure  (122462000); Drainage procedure  (129289008); Drug therapy  (416608005); Dyspnea  (230145002); Dyspnea  (267036007); Electrocoagulation  (129397003); Electrocoagulation  (129398008); Electrocoagulation  (17590006); Electrocoagulation  (257783000); Electrocoagulation  (274071003); Electrocoagulation  (307272003); Electrocoagulation  (384708008); Electrocoagulation  (73223003); Embolization procedure  (122463005); Embolization procedure  (129335008); Fatigue  (248274002); Fatigue  (84229001); Fentanyl  (373492002); Fentanyl  (40648001); Gabapentin  (108402001); Gabapentin  (386845007); Gamma-aminobutyric acid  (259100002); Hemoptysis  (66857006); Hemoptysis  (6686005); Histamine H>2< antagonist  (108661002); Histamine H>2< antagonist  (372524001); Hydromorphone  (414428000); Hydromorphone  (44508008); Imipramine  (36113004); Imipramine  (372718005); Insertion of endotracheal tube  (112798008); Insomnia  (193462001); Internal fixation of fracture  (118470002); Internal fixation of fracture  (239293007); Malignant neoplasm of brain  (428061005); Malignant tumor of lung  (363358000); Methadone  (387286002); Methadone  (51758009); Misoprostol  (387242007); Misoprostol  (43684009); Morphine  (373529000); Morphine  (73572009); Muscle relaxation  (11977004); Neoplasm of bone  (115239009); Neoplasm of bone  (126537000); Neoplasm of brain  (126952004); Neoplasm of lung  (126713003); Neoplastic pleural effusion  (83270006); Non-small cell lung cancer  (254637007); Non-steroidal anti-inflammatory agent  (16403005); Non-steroidal anti-inflammatory agent  (372665008); Operation on lung  (387714009); Operation on nervous system  (16545005); Oral form morphine  (350301004); Orthopedic internal fixation system  (31031000); Oxycodone  (414984009); Oxycodone  (55452001); Pain  (22253000); Pain assessment  (225399009); Pain management  (278414003); Palliative care  (103735009); Parenteral form morphine  (346581003); Patient education  (311401005); Physical activity  (48761009); Physical activity  (68130003); Pleural catheter  (700746000); Pleural effusion  (60046008); Pleurodesis  (287317001); Pleurodesis  (84572006); Pregabalin  (415159003); Pregabalin  (415160008); Proton pump inhibitor  (108665006); Proton pump inhibitor  (372525000); Psychosocial analysis assessment  (371585000); Psychosocial analysis assessment  (408920002); Psychotherapy  (75516001); Radiation oncology AND/OR radiotherapy  (108290001); Radiation oncology AND/OR radiotherapy  (53438000); Radiographic-therapeutic unit  (10850003); Radiopharmaceuticals  (349358000); Respiratory therapy  (53950000); Route of administration value  (284009009); Route of administration value  (410675002); Secondary malignant neoplasm of bone  (94222008); Secondary malignant neoplasm of brain  (94225005); Secondary malignant neoplasm of brain and spinal cord  (188462001); Secondary malignant neoplasm of spinal cord  (94600009); Simple guided imagery  (386437005); Spinal cord compression  (71286001); Stent  (65818007); Stereotactic radiotherapy  (115959002); Stereotactic radiotherapy  (395096001); Superior vena cava syndrome  (63363004); Talc  (1557002); Talc  (409109009); Talc pleurodesis  (302450005); Thoracentesis  (91602002); Thoracoscope  (309820007); Thoracoscope  (472817008); Thoracoscopy  (14671001); Thoracoscopy  (359726004); Thoracoscopy  (472818003); Tracheoesophageal fistula  (95435007); Tricyclic antidepressant  (33219003); Tricyclic antidepressant  (373253007); Visual analog pain scale  (273904000)"/><FieldValue Value="SPN: BRONCHOSCOPE (FLEXIBLE OR RIGID) ; NAIL, FIXATION, BONE "/><FieldValue Value="UMD: Augmentation/Reconstruction Implants  (23-860); Brachytherapy Systems  (20-352); Bronchoscopes  (10-491); Catheters, Pleural  (20-549); Drains, Thoracic  (11-308); Electrothermal Cautery Units  (11-418); Lasers, Nd:YAG, Surgical  (16-943); Nails, Bone  (16-078); Nails, Bone  (16-085); Orthopedic Internal Fixation Systems  (16-027); Radiopharmaceuticals  (17-104); Radiotherapy Systems  (13-279); Stents  (15-784); Stents, Bronchial  (17-957); Thoracoscopes  (14-047)"/></Field></Section><Section SecID="394" OrdBy="200" Name="Regulatory Alert"><Field FieldID="154" OrdBy="205" ID="395" Name="FDA Warning/Regulatory Alert" Type="text"><FieldValue Value="&lt;div class=&quot;content_para&quot;&gt;&lt;p&gt;&lt;strong&gt;Note from the National Guideline Clearinghouse&lt;/strong&gt;: This guideline references a drug(s) for which important revised regulatory and/or warning information has been released.&lt;/p&gt;&#xD;&#xA;&lt;ul style=&quot;list-style-type: disc;&quot;&gt;&#xD;&#xA;    &lt;li&gt;&lt;a href=&quot;http://www.fda.gov/Safety/MedWatch/SafetyInformation/SafetyAlertsforHumanMedicalProducts/ucm454141.htm&quot; title=&quot;FDA Web site&quot; target=&quot;_blank&quot;&gt;July 9, 2015 - Non-aspirin Nonsteroidal Anti-inflammatory Drugs (NSAIDS)&lt;/a&gt;: The U.S. Food and Drug Administration (FDA) is strengthening an existing label warning that non-aspirin nonsteroidal anti-inflammatory drugs (NSAIDs) increase the chance of a heart attack or stroke. Based on FDA&amp;rsquo;s comprehensive review of new safety information, FDA is requiring updates to the drug labels of all prescription NSAIDs. As is the case with current prescription NSAID labels, the Drug Facts labels of over-the-counter (OTC) non-aspirin NSAIDs already contain information on heart attack and stroke risk. FDA will also request updates to the OTC non-aspirin NSAID Drug Facts labels. &lt;/li&gt;&#xD;&#xA;&lt;/ul&gt;&lt;/div&gt;" /></Field></Section><Section SecID="396" OrdBy="300" Name="Scope"><Field FieldID="140" OrdBy="305" ID="397" Name="Disease/Condition(s)" Type="text"><FieldValue Value="&lt;div class=&quot;content_para&quot;&gt;&lt;p&gt;Lung cancer&lt;/p&gt;&lt;/div&gt;" /></Field><Field FieldID="103" OrdBy="310" ID="398" Name="Guideline Category" Type="picklist-many"><FieldValue Value="Management" /><FieldValue Value="Treatment" /></Field><Field FieldID="113" OrdBy="315" ID="399" Name="Clinical Specialty" Type="picklist-many"><FieldValue Value="Family Practice" /><FieldValue Value="Oncology" /><FieldValue Value="Pulmonary Medicine" /></Field><Field FieldID="114" OrdBy="320" ID="400" Name="Intended Users" Type="picklist-many"><FieldValue Value="Advanced Practice Nurses" /><FieldValue Value="Allied Health Personnel" /><FieldValue Value="Health Care Providers" /><FieldValue Value="Nurses" /><FieldValue Value="Patients" /><FieldValue Value="Physicians" /></Field><Field FieldID="129" OrdBy="325" ID="401" Name="Guideline Objective(s)" Type="text"><FieldValue Value="&lt;ul style=&quot;list-style-type: disc;&quot;&gt;&#xD;&#xA;    &lt;li&gt;To inform the clinical decisions that must be jointly made by physicians and patients in developing diagnostic, treatment, and management plans so that they can enhance the benefits and reduce the harms associated with various options &lt;/li&gt;&#xD;&#xA;    &lt;li&gt;To provide the reader recommendations based on evidence supported by scientific study &lt;/li&gt;&#xD;&#xA;&lt;/ul&gt;" /></Field><Field FieldID="132" OrdBy="330" ID="402" Name="Target Population" Type="text"><FieldValue Value="&lt;div class=&quot;content_para&quot;&gt;&lt;p&gt;Patients with lung cancer who develop symptoms related to the disease process or the treatment they are receiving&lt;/p&gt;&lt;/div&gt;" /></Field><Field FieldID="133" OrdBy="335" ID="403" Name="Interventions and Practices Considered" Type="text"><FieldValue Value="&lt;ol style=&quot;list-style-type: decimal;&quot; start=&quot;1&quot;&gt;&#xD;&#xA;    &lt;li&gt;Pain control&#xD;&#xA;    &lt;ul style=&quot;list-style-type: disc;&quot;&gt;&#xD;&#xA;        &lt;li&gt;Thorough assessment of the patient and his or her pain &lt;/li&gt;&#xD;&#xA;        &lt;li&gt;Patient-reported pain scale: visual analog scales (VASs), numerical rating scales (NRSs), verbal rating scales &lt;/li&gt;&#xD;&#xA;        &lt;li&gt;Use of World Health Organization (WHO) analgesic ladder to plan treatment &lt;/li&gt;&#xD;&#xA;        &lt;li&gt;Acetaminophen and/or a non-steroidal anti-inflammatory drug (NSAID) with or without codeine or dihydrocodeine &lt;/li&gt;&#xD;&#xA;        &lt;li&gt;Misoprostol, standard dose proton pump inhibitors, or double-dose histamine H2 antagonists &lt;/li&gt;&#xD;&#xA;        &lt;li&gt;Anticonvulsants (e.g., pregabalin, gabapentin, or carbamazepine) &lt;/li&gt;&#xD;&#xA;        &lt;li&gt;Tricyclic antidepressants (e.g., amitriptyline or imipramine) &lt;/li&gt;&#xD;&#xA;        &lt;li&gt;Oral morphine &lt;/li&gt;&#xD;&#xA;        &lt;li&gt;Oxycodone or hydromorphone &lt;/li&gt;&#xD;&#xA;        &lt;li&gt;Transdermal fentanyl (as an alternative to oral morphine) &lt;/li&gt;&#xD;&#xA;        &lt;li&gt;Methadone &lt;/li&gt;&#xD;&#xA;        &lt;li&gt;Systemic strong opioids &lt;/li&gt;&#xD;&#xA;        &lt;li&gt;Parenteral morphine or transmucosal fentanyl citrate for breakthrough pain &lt;/li&gt;&#xD;&#xA;    &lt;/ul&gt;&#xD;&#xA;    &lt;/li&gt;&#xD;&#xA;    &lt;li&gt;Management of airway obstruction&#xD;&#xA;    &lt;ul style=&quot;list-style-type: disc;&quot;&gt;&#xD;&#xA;        &lt;li&gt;Therapeutic bronchoscopy employing mechanical debridement &lt;/li&gt;&#xD;&#xA;        &lt;li&gt;Brachytherapy &lt;/li&gt;&#xD;&#xA;        &lt;li&gt;Tumor ablation &lt;/li&gt;&#xD;&#xA;        &lt;li&gt;Airway stent placement &lt;/li&gt;&#xD;&#xA;    &lt;/ul&gt;&#xD;&#xA;    &lt;/li&gt;&#xD;&#xA;    &lt;li&gt;Palliation of cough&#xD;&#xA;    &lt;ul style=&quot;list-style-type: disc;&quot;&gt;&#xD;&#xA;        &lt;li&gt;Evaluation for treatable causes of cough other than cancer &lt;/li&gt;&#xD;&#xA;        &lt;li&gt;Opioids &lt;/li&gt;&#xD;&#xA;        &lt;li&gt;Anti-inflammatory therapy with corticosteroids &lt;/li&gt;&#xD;&#xA;    &lt;/ul&gt;&#xD;&#xA;    &lt;/li&gt;&#xD;&#xA;    &lt;li&gt;Palliation of bone metastasis&#xD;&#xA;    &lt;ul style=&quot;list-style-type: disc;&quot;&gt;&#xD;&#xA;        &lt;li&gt;External radiation therapy &lt;/li&gt;&#xD;&#xA;        &lt;li&gt;Bisphosphonates with external beam radiation therapy (EBRT) &lt;/li&gt;&#xD;&#xA;        &lt;li&gt;Surgical fixation (intramedullary nailing) &lt;/li&gt;&#xD;&#xA;        &lt;li&gt;Radiotherapy &lt;/li&gt;&#xD;&#xA;        &lt;li&gt;Vertebral augmentation procedures &lt;/li&gt;&#xD;&#xA;    &lt;/ul&gt;&#xD;&#xA;    &lt;/li&gt;&#xD;&#xA;    &lt;li&gt;Palliation of brain metastasis&#xD;&#xA;    &lt;ul style=&quot;list-style-type: disc;&quot;&gt;&#xD;&#xA;        &lt;li&gt;Dexamethasone &lt;/li&gt;&#xD;&#xA;        &lt;li&gt;Surgical resection &lt;/li&gt;&#xD;&#xA;        &lt;li&gt;Stereotactic radiosurgery (SRS) &lt;/li&gt;&#xD;&#xA;        &lt;li&gt;Whole brain radiation &lt;/li&gt;&#xD;&#xA;    &lt;/ul&gt;&#xD;&#xA;    &lt;/li&gt;&#xD;&#xA;    &lt;li&gt;Palliation of spinal cord compression&#xD;&#xA;    &lt;ul style=&quot;list-style-type: disc;&quot;&gt;&#xD;&#xA;        &lt;li&gt;Magnetic resonance imaging (MRI) &lt;/li&gt;&#xD;&#xA;        &lt;li&gt;High-dose dexamethasone and radiotherapy &lt;/li&gt;&#xD;&#xA;        &lt;li&gt;Neurosurgical consultation &lt;/li&gt;&#xD;&#xA;        &lt;li&gt;Surgery followed by radiation therapy &lt;/li&gt;&#xD;&#xA;    &lt;/ul&gt;&#xD;&#xA;    &lt;/li&gt;&#xD;&#xA;    &lt;li&gt;Palliation of superior vena cava (SVC) obstruction&#xD;&#xA;    &lt;ul style=&quot;list-style-type: disc;&quot;&gt;&#xD;&#xA;        &lt;li&gt;Definitive diagnosis by histologic or cytologic methods &lt;/li&gt;&#xD;&#xA;        &lt;li&gt;Chemotherapy &lt;/li&gt;&#xD;&#xA;        &lt;li&gt;Radiation therapy and/or stent insertion, with consideration of necessary anticoagulation for stents &lt;/li&gt;&#xD;&#xA;        &lt;li&gt;Vascular stents &lt;/li&gt;&#xD;&#xA;    &lt;/ul&gt;&#xD;&#xA;    &lt;/li&gt;&#xD;&#xA;    &lt;li&gt;Management of hemoptysis&#xD;&#xA;    &lt;ul style=&quot;list-style-type: disc;&quot;&gt;&#xD;&#xA;        &lt;li&gt;Securing the airway with a single-lumen endotracheal tube &lt;/li&gt;&#xD;&#xA;        &lt;li&gt;Bronchoscopy &lt;/li&gt;&#xD;&#xA;        &lt;li&gt;Endobronchial management options (argon plasma coagulation, neodymium-doped:yttrium aluminum garnet [Nd:YAG] laser, electrocautery) &lt;/li&gt;&#xD;&#xA;        &lt;li&gt;EBRT &lt;/li&gt;&#xD;&#xA;        &lt;li&gt;Bronchial artery embolization to temporize the bleeding &lt;/li&gt;&#xD;&#xA;    &lt;/ul&gt;&#xD;&#xA;    &lt;/li&gt;&#xD;&#xA;    &lt;li&gt;Management for airway-esophageal fistulas: double stenting of the esophagus and airway or esophageal stenting with self-expanding metallic stents &lt;/li&gt;&#xD;&#xA;    &lt;li&gt;Management of malignant pleural effusions (MPEs)&#xD;&#xA;    &lt;ul style=&quot;list-style-type: disc;&quot;&gt;&#xD;&#xA;        &lt;li&gt;Tunneled pleural catheter (TPC) &lt;/li&gt;&#xD;&#xA;        &lt;li&gt;Chemical pleurodesis &lt;/li&gt;&#xD;&#xA;        &lt;li&gt;Serial thoracentesis &lt;/li&gt;&#xD;&#xA;        &lt;li&gt;Thoracoscopy (with or without talc poudrage) &lt;/li&gt;&#xD;&#xA;        &lt;li&gt;Graded talc &lt;/li&gt;&#xD;&#xA;    &lt;/ul&gt;&#xD;&#xA;    &lt;/li&gt;&#xD;&#xA;    &lt;li&gt;Management of venous thromboembolic disease &lt;/li&gt;&#xD;&#xA;    &lt;li&gt;Management of depression, fatigue, anorexia, and insomnia&#xD;&#xA;    &lt;ul style=&quot;list-style-type: disc;&quot;&gt;&#xD;&#xA;        &lt;li&gt;Comprehensive biopsychosocial assessment &lt;/li&gt;&#xD;&#xA;        &lt;li&gt;Antidepressants, anxiolytics and psychostimulants &lt;/li&gt;&#xD;&#xA;        &lt;li&gt;Comprehensive symptom management plan &lt;/li&gt;&#xD;&#xA;        &lt;li&gt;Non-pharmacologic interventions integrated with medication management &lt;/li&gt;&#xD;&#xA;        &lt;li&gt;Psychologic coping and physical adaptation &lt;/li&gt;&#xD;&#xA;        &lt;li&gt;Psychologic interventions including psycho-education, deep breathing, progressive muscle relaxation, guided imagery, cognitive behavioral therapy, and supportive psychotherapy &lt;/li&gt;&#xD;&#xA;    &lt;/ul&gt;&#xD;&#xA;    &lt;/li&gt;&#xD;&#xA;&lt;/ol&gt;&#xD;&#xA;&lt;p class=&quot;Note&quot;&gt;&lt;strong&gt;Note&lt;/strong&gt;: The following were considered but not recommended for pain control: ketamine, lidocaine 5% plasters, cannabinoids, and transdermal fentanyl (as first-line use).&lt;/p&gt;" /></Field><Field FieldID="134" OrdBy="340" ID="404" Name="Major Outcomes Considered" Type="text"><FieldValue Value="&lt;ul style=&quot;list-style-type: disc;&quot;&gt;&#xD;&#xA;    &lt;li&gt;Ability to walk &lt;/li&gt;&#xD;&#xA;    &lt;li&gt;Continence (days) &lt;/li&gt;&#xD;&#xA;    &lt;li&gt;Length of response (days) &lt;/li&gt;&#xD;&#xA;    &lt;li&gt;Overall survival (days) &lt;/li&gt;&#xD;&#xA;    &lt;li&gt;Rate of pleurodesis &lt;/li&gt;&#xD;&#xA;    &lt;li&gt;Quality of life (QOL) &lt;/li&gt;&#xD;&#xA;&lt;/ul&gt;" /></Field></Section><Section SecID="405" OrdBy="400" Name="Methodology"><Field FieldID="109" OrdBy="405" ID="406" Name="Methods Used to Collect/Select the Evidence" Type="picklist-many"><FieldValue Value="Searches of Electronic Databases" /></Field><Field FieldID="135" OrdBy="410" ID="407" Name="Description of Methods Used to Collect/Select the Evidence" Type="text"><FieldValue Value="&lt;div class=&quot;content_para&quot;&gt;&lt;p&gt;To consistently format the searches, the panel used the population, intervention, comparator, outcome (PICO) format. The list of questions generated previous to each search can be seen in Table S1 in the supporting data (see the &quot;Availability of Companion Documents&quot; field).&lt;/p&gt;&#xD;&#xA;&lt;p&gt;The writing team searched Ovid MEDLINE, Google Scholar, CINAHL, PsycINFO, Cochrane, EMBASE, Web of Science, and review of references. Searches extended back more than 10 years in all reviews. Upon completion of the searches, the panel first performed a title review of those materials. This was followed by an abstract review, and then articles were selected for full text review by one of the article authors. MeSH terms and key words were searched with no limiters of language or article type, as the panel suspected many of the data were observational. Data were then abstracted and the text and recommendations written.&lt;/p&gt;&lt;/div&gt;" /></Field><Field FieldID="136" OrdBy="415" ID="408" Name="Number of Source Documents" Type="text"><FieldValue Value="&lt;div class=&quot;content_para&quot;&gt;&lt;p&gt;Not stated&lt;/p&gt;&lt;/div&gt;" /></Field><Field FieldID="115" OrdBy="420" ID="409" Name="Methods Used to Assess the Quality and Strength of the Evidence" Type="picklist-choice"><FieldValue Value="Weighting According to a Rating Scheme (Scheme Not Given)" /></Field><Field FieldID="149" OrdBy="425" ID="410" Name="Rating Scheme for the Strength of the Evidence" Type="text"><FieldValue Value="&lt;div class=&quot;content_para&quot;&gt;&lt;p&gt;Not stated&lt;/p&gt;&lt;/div&gt;" /></Field><Field FieldID="116" OrdBy="430" ID="411" Name="Methods Used to Analyze the Evidence" Type="picklist-many"><FieldValue Value="Review of Published Meta-Analyses" /><FieldValue Value="Systematic Review with Evidence Tables" /></Field><Field FieldID="150" OrdBy="435" ID="412" Name="Description of the Methods Used to Analyze the Evidence" Type="text"><FieldValue Value="&lt;div class=&quot;content_para&quot;&gt;&lt;p&gt;&lt;strong&gt;Assessment of Study Quality&lt;/strong&gt;&lt;/p&gt;&#xD;&#xA;&lt;p&gt;Systematic reviews and meta-analyses were assessed using Documentation and Appraisal Review Tool (DART) (R. L. Diekemper; B. K. Ireland, MD; and L. R. Merz, PhD, MPH, DART, unpublished data, 2012), which was developed as an improved alternative to the existing tools for use in a clinical setting. However, this tool has been adopted for use in American College of Chest Physicians (ACCP) guidelines and consensus statements since 2011.&lt;/p&gt;&#xD;&#xA;&lt;p&gt;Quality was assessed for each study as well as for the body of relevant evidence. Based on the population, intervention, comparator, and outcome (PICO) questions and volume of available literature, multiple study designs were included in the systematic reviews of the literature. Randomized controlled trials (RCTs) primarily indicate benefits, but whenever observational studies met inclusion criteria they were often helpful in identifying harms. Observational studies were also examined when RCTs were not available to answer a particular PICO question. Allowing for multiple study designs resulted in the need for multiple quality assessment tools. Tools were chosen for assessing RCTs, observational studies, and diagnostic studies. The quality assessment tool for RCTs (R. L. Diekemper, B. K. Ireland, and L. R. Merz, unpublished data, 2012) was used for assessing the quality of RCTs, and a tool developed by the committee of the ninth edition of the Antithrombotics Guidelines was used for assessing the quality of observational studies. Diagnostic studies were assessed using the Quality Assessment Tool for Diagnostic Accuracy Studies (QUADAS).&lt;/p&gt;&#xD;&#xA;&lt;p&gt;&lt;strong&gt;Meta-analyses&lt;/strong&gt;&lt;/p&gt;&#xD;&#xA;&lt;p&gt;If a recently published good-quality meta-analysis was available, then it was used to inform the recommendations. When a good-quality meta-analysis was not available, guideline authors were encouraged to perform their own meta-analyses. Meta-analyses were performed when the data were fairly homogeneous. If a study was deemed poor quality, then it was not included in the pooled analysis. Heterogeneity of the pooled results was assessed using a &lt;em&gt;&amp;chi;&lt;/em&gt;&lt;sup&gt;2&lt;/sup&gt; test and Higgins &lt;em&gt;I&lt;/em&gt;&lt;sup&gt;2&lt;/sup&gt;, and a forest plot was examined for consistency of the results. The random effects model was chosen a priori as the appropriate model for pooling the data because it accounts for heterogeneity among the included studies. Results from the meta-analyses are available in the supplementary materials that can be downloaded from the Journal website under the corresponding article in the table of contents.&lt;/p&gt;&lt;/div&gt;" /></Field><Field FieldID="112" OrdBy="440" ID="413" Name="Methods Used to Formulate the Recommendations" Type="picklist-choice"><FieldValue Value="Expert Consensus" /><FieldValue Value="Informal Consensus" /></Field><Field FieldID="145" OrdBy="445" ID="414" Name="Description of Methods Used to Formulate the Recommendations" Type="text"><FieldValue Value="&lt;div class=&quot;content_para&quot;&gt;&lt;p&gt;&lt;strong&gt;Panel Composition and Responsibilities&lt;/strong&gt;&lt;/p&gt;&#xD;&#xA;&lt;p&gt;A call for applications to serve on the 3rd edition of the American College of Chest Physicians (ACCP) Lung Cancer Guidelines (LC III) panel was put forth to the ACCP membership, to past panelists, and to other organizations that have previously endorsed earlier editions of these guidelines or appointed representatives to serve on those panels. Guiding the team was the LC III Executive Committee, composed of a Panel Chair, Vice Chair, Liaison to the Guidelines Oversight Committee (GOC), and two staff members, one serving as an adviser and the other as the lead methodologist. The GOC appointed the Liaison and the Chair, who was required to be free of conflicts of interest (COI). This Executive Committee provided general oversight and guidance; multiple reviews of research questions, article outlines, manuscripts, evidence tables, and other supporting documents; and facilitation of the final conference discussions and voting. As the scope was defined, content experts in each major area were identified to serve as topic editors and nominated by the Panel Chair to be advanced to the GOC for the requisite qualifications and COI review and approval process. These topic editors organized their research and writing teams, oversaw the work of the individual members, edited separate contributions into synthesized manuscripts, presented evidence at the final conference, and managed any of their committee members who were approved with management stipulations relevant to their COIs.&lt;/p&gt;&#xD;&#xA;&lt;p&gt;Each topic editor was initially charged with proposing individuals to support their topic committees with expertise in the content area and/or methodology. With the Chair's approval, these individuals were nominated for GOC reviews for COI and expertise. In some cases, GOC staff helped to locate additional methodologic support when it was determined to be necessary for various article committees. This resulted in an international panel of &amp;gt;100 multidisciplinary experts across 24 articles representing the fields of pulmonary medicine, critical care medicine, thoracic surgery, medical and radiation oncology, pathology, integrative medicine, primary care, health-care research, guidelines methodology, and epidemiology. Nineteen international organizations that are also dedicated to advancing research and practice in the area of lung cancer were invited to appoint representatives to this guideline project as adjunct participants. These individuals, unless already approved panelists, were not considered full voting members of the panel, since they had not been through the same ACCP COI review, but were included at the final conference, participated fully in the discussions, and provided external review and feedback on the manuscripts and supporting documentation.&lt;/p&gt;&#xD;&#xA;&lt;p&gt;&lt;strong&gt;Formulating the Recommendations&lt;/strong&gt;&lt;/p&gt;&#xD;&#xA;&lt;p&gt;In most cases the topic editors, along with the other completely non-conflicted members of the article committee, formulated the recommendations. The summarized evidence tables and profiles (where profiles existed) provided the foundation for the recommendations. In formulating the recommendations, panelists considered not only the body of evidence but also the balance between the benefits and harms and considerations of other factors, such as cost or resource availability considerations and patient values and preferences, which might vary widely for some recommendations. These additional considerations are described in a Remarks section, which appears just below the relevant recommendation in the publication, each time the recommendation appears.&lt;/p&gt;&#xD;&#xA;&lt;p&gt;&lt;strong&gt;Grading the Recommendations&lt;/strong&gt;&lt;/p&gt;&#xD;&#xA;&lt;p&gt;Recommendations that are strong must be differentiated from those that are weak or weaker. Thus, the ACCP Grading System was used (see the &quot;Rating Scheme for the Strength of the Recommendations&quot; field), and the wording of the recommendations is explicit. This grading system has been used since 2005 and is based on two dimensions: the balance of benefits to harms and the quality of the evidence base. If the benefits clearly outweigh the harms or the harms clearly outweigh the benefits, the strength of the recommendation is considered strong and graded as a 1. In most cases, when there is strong confidence that the benefits outweigh the harms, most patients would choose the intervention endorsed in that recommendation. However, when the tradeoffs between desirable and undesirable consequences are not as clear, variability in patient preferences and values often becomes germane to the decision-making conversation.&lt;/p&gt;&#xD;&#xA;&lt;p&gt;Weak recommendations are those for which the benefits and harms are more equally balanced, and thus a clear choice is not as obvious; these are graded with a 2. Strong recommendations are phrased, &quot;the panel recommends,&quot; whereas weak recommendations are phrased &quot;the panel suggests.&quot; Accompanying these indications of the strength of a recommendation is a letter score (A, B, or C) representing the grading of the body of relevant literature.&lt;/p&gt;&#xD;&#xA;&lt;p&gt;In grading the quality of the evidence, RCTs start with a high score but might be downgraded to moderate or even low based on the following criteria: limitations in the study design or conduct of the trial, imprecision, indirectness relative to the specifics of the PICO question, inconsistency in the results, and risk of reporting bias. Observational studies, on the other hand, start off as low-level evidence but can be upgraded to moderate or even high if exceptionally large and consistent treatment effects increase confidence in the findings, especially if there is a strong dose-response gradient.&lt;/p&gt;&#xD;&#xA;&lt;p&gt;The final grades are combinations reflecting the strength of the recommendation and the quality of the evidence. Strong recommendations with high quality evidence, grade of 1A, are less common than in past editions of these guidelines, since the evidence is assessed with greater rigor for most topics, and few studies without important limitations are available.&lt;/p&gt;&#xD;&#xA;&lt;p&gt;However, recommendations that do attain this score are those for which the panel could state with confidence that new studies would be unlikely to change the direction of the effect. These recommendations apply to most patients in most circumstances. But as the grades decline, patient values and preferences likely would play an increasingly greater role in determining the best treatments or interventions for each patient.&lt;/p&gt;&#xD;&#xA;&lt;p&gt;&lt;strong&gt;The Final Conference&lt;/strong&gt;&lt;/p&gt;&#xD;&#xA;&lt;p&gt;As the evidence reviews were completed and the tables and profiles prepared, the manuscripts and recommendations were drafted. Members of the article committees convened by phone or e-mail to discuss the evidence and work on drafting and grading the recommendations. These discussions generally resulted in agreement on both the quality of the evidence and strength of the recommendations.&lt;/p&gt;&#xD;&#xA;&lt;p&gt;The manuscripts and supporting tables were then reviewed by members of the Executive Committee and, after several iterations, the revised versions were shared among all panelists and the representatives of invited organizations in advance of the conference. The other panelists and representatives were asked not only to provide feedback but also to review the recommendations to identify any controversies. A recommendation was deemed to be controversial if at least one person disagreed with the wording or the grading, if there was controversy in practice, if there were wide variations in practice, or if at least one person asked that it be discussed among the broader panel and association representatives. These identified controversies composed the main agenda for the conference.&lt;/p&gt;&#xD;&#xA;&lt;p&gt;See the &quot;Methodology for Development of Guidelines for Lung Cancer&quot; (see the &quot;Availability of Companion Documents&quot; field) for more information.&lt;/p&gt;&lt;/div&gt;" /></Field><Field FieldID="146" OrdBy="450" ID="415" Name="Rating Scheme for the Strength of the Recommendations" Type="text"><FieldValue Value="&lt;div class=&quot;content_para&quot;&gt;&lt;p&gt;&lt;strong&gt;Strength of the Recommendations Grading System&lt;/strong&gt;&lt;/p&gt;&#xD;&#xA;&lt;table border=&quot;1&quot; cellspacing=&quot;1&quot; cellpadding=&quot;3&quot; summary=&quot;Table: Strength of the Recommendations Grading System&quot;&gt;&#xD;&#xA;    &lt;thead&gt;&#xD;&#xA;        &lt;tr&gt;&#xD;&#xA;            &lt;th class=&quot;Center&quot; valign=&quot;top&quot; scope=&quot;col&quot;&gt;Grade of Recommendation&lt;/th&gt;&#xD;&#xA;            &lt;th class=&quot;Center&quot; valign=&quot;top&quot; scope=&quot;col&quot;&gt;Benefit vs. Risk and Burdens&lt;/th&gt;&#xD;&#xA;            &lt;th class=&quot;Center&quot; valign=&quot;top&quot; scope=&quot;col&quot;&gt;Methodologic Quality of Supporting Evidence&lt;/th&gt;&#xD;&#xA;            &lt;th class=&quot;Center&quot; valign=&quot;top&quot; scope=&quot;col&quot;&gt;Implications&lt;/th&gt;&#xD;&#xA;        &lt;/tr&gt;&#xD;&#xA;    &lt;/thead&gt;&#xD;&#xA;    &lt;tbody&gt;&#xD;&#xA;        &lt;tr&gt;&#xD;&#xA;            &lt;td valign=&quot;top&quot; scope=&quot;row&quot;&gt;Strong recommendation, high-quality evidence, Grade 1A&lt;/td&gt;&#xD;&#xA;            &lt;td valign=&quot;top&quot;&gt;Benefits clearly outweigh risk and burdens or vice versa&lt;/td&gt;&#xD;&#xA;            &lt;td valign=&quot;top&quot;&gt;Consistent evidence from randomized controlled trials (RCTs) without important limitations or exceptionally strong evidence from observational studies&lt;/td&gt;&#xD;&#xA;            &lt;td valign=&quot;top&quot;&gt;Recommendation can apply to most patients in most circumstances. Further research is very unlikely to change confidence in the estimate of effect&lt;/td&gt;&#xD;&#xA;        &lt;/tr&gt;&#xD;&#xA;        &lt;tr&gt;&#xD;&#xA;            &lt;td valign=&quot;top&quot; scope=&quot;row&quot;&gt;Strong recommendation, moderate-quality evidence, Grade 1B&lt;/td&gt;&#xD;&#xA;            &lt;td valign=&quot;top&quot;&gt;Benefits clearly outweigh risk and burdens or vice versa&lt;/td&gt;&#xD;&#xA;            &lt;td valign=&quot;top&quot;&gt;Evidence from RCTs with important limitations (inconsistent results, methodologic flaws, indirect or imprecise), or very strong evidence from observational studies&lt;/td&gt;&#xD;&#xA;            &lt;td valign=&quot;top&quot;&gt;Recommendation can apply to most patients in most circumstances. Higher quality research may well have an important impact on confidence in the estimate of effect and may change the estimate&lt;/td&gt;&#xD;&#xA;        &lt;/tr&gt;&#xD;&#xA;        &lt;tr&gt;&#xD;&#xA;            &lt;td valign=&quot;top&quot; scope=&quot;row&quot;&gt;Strong recommendation, low- or very-low-quality evidence, Grade 1C&lt;/td&gt;&#xD;&#xA;            &lt;td valign=&quot;top&quot;&gt;Benefits clearly outweigh risk and burdens or vice versa&lt;/td&gt;&#xD;&#xA;            &lt;td valign=&quot;top&quot;&gt;Evidence for at least one critical outcome from observational studies, case series, or from RCTs with serious flaws or indirect evidence&lt;/td&gt;&#xD;&#xA;            &lt;td valign=&quot;top&quot;&gt;Recommendation can apply to most patients in many circumstances. Higher-quality research is likely to have an important impact on confidence in the estimate of effect and may well change the estimate&lt;/td&gt;&#xD;&#xA;        &lt;/tr&gt;&#xD;&#xA;        &lt;tr&gt;&#xD;&#xA;            &lt;td valign=&quot;top&quot; scope=&quot;row&quot;&gt;Weak recommendation, high-quality evidence, Grade 2A&lt;/td&gt;&#xD;&#xA;            &lt;td valign=&quot;top&quot;&gt;Benefits closely balanced with risks and burden&lt;/td&gt;&#xD;&#xA;            &lt;td valign=&quot;top&quot;&gt;Consistent evidence from RCTs without important limitations or exceptionally strong evidence from observational studies&lt;/td&gt;&#xD;&#xA;            &lt;td valign=&quot;top&quot;&gt;The best action may differ depending on circumstances or patient's or societal values. Further research is very unlikely to change confidence in the estimate of effect&lt;/td&gt;&#xD;&#xA;        &lt;/tr&gt;&#xD;&#xA;        &lt;tr&gt;&#xD;&#xA;            &lt;td valign=&quot;top&quot; scope=&quot;row&quot;&gt;Weak recommendation, moderate-quality evidence, Grade 2B&lt;/td&gt;&#xD;&#xA;            &lt;td valign=&quot;top&quot;&gt;Benefits closely balanced with risks and burden&lt;/td&gt;&#xD;&#xA;            &lt;td valign=&quot;top&quot;&gt;Evidence from RCTs with important limitations (inconsistent results, methodologic flaws, indirect or imprecise) or very strong evidence from observational studies &lt;/td&gt;&#xD;&#xA;            &lt;td valign=&quot;top&quot;&gt;Best action may differ depending on circumstances or patient's or societal values. Higher-quality research may well have an important impact on confidence in the estimate of effect and may change the estimate&lt;/td&gt;&#xD;&#xA;        &lt;/tr&gt;&#xD;&#xA;        &lt;tr&gt;&#xD;&#xA;            &lt;td valign=&quot;top&quot; scope=&quot;row&quot;&gt;Weak recommendation, low- or very-low-quality evidence, Grade 2C&lt;/td&gt;&#xD;&#xA;            &lt;td valign=&quot;top&quot;&gt;Uncertainty in the estimates of benefits, risks, and burden; benefits, risk, and burden may be closely balanced&lt;/td&gt;&#xD;&#xA;            &lt;td valign=&quot;top&quot;&gt;Evidence for at least one critical outcome from observational studies, case series, or RCTs, with serious flaws or indirect evidence &lt;/td&gt;&#xD;&#xA;            &lt;td valign=&quot;top&quot;&gt;Other alternatives may be equally reasonable. Higher-quality research is likely to have an important impact on confidence in the estimate of effect and may well change the estimate&lt;/td&gt;&#xD;&#xA;        &lt;/tr&gt;&#xD;&#xA;    &lt;/tbody&gt;&#xD;&#xA;&lt;/table&gt;&lt;/div&gt;" /></Field><Field FieldID="148" OrdBy="460" ID="417" Name="Cost Analysis" Type="text"><FieldValue Value="&lt;div class=&quot;content_para&quot;&gt;&lt;p&gt;In a subsequent analysis of the Radiation Therapy Oncology Group (RTOG) 97-14 trial, a Markov model was used to evaluate the cost-effectiveness of 30 Gy in 10 fractions compared with 8 Gy in one fraction. The expected mean cost and quality-adjusted survival in months for patients receiving 8 Gy in one fraction and 30 Gy in 10 fractions was $998 and 7.2 months and $2,316 and 9.5 months, respectively. The incremental cost-effectiveness ratio was $6,973/quality-adjusted life year.&lt;/p&gt;&lt;/div&gt;" /></Field><Field FieldID="104" OrdBy="465" ID="418" Name="Method of Guideline Validation" Type="picklist-choice"><FieldValue Value="External Peer Review" /><FieldValue Value="Internal Peer Review" /></Field><Field FieldID="130" OrdBy="470" ID="419" Name="Description of Method of Guideline Validation" Type="text"><FieldValue Value="&lt;div class=&quot;content_para&quot;&gt;&lt;p&gt;&lt;strong&gt;Internal and External Peer Review&lt;/strong&gt;&lt;/p&gt;&#xD;&#xA;&lt;p&gt;Once Executive Committee approval was received, the articles were submitted to American College of Chest Physicians (ACCP) staff for several layers of review. All reviewers were required to undergo a full conflict of interest (COI) appraisal before being approved. In the first round of reviews, the Thoracic Oncology NetWork reviewed the content of the manuscripts and the members of the Guidelines Oversight Committee (GOC) assessed the manuscripts for adherence to the methodology and conformance with the evidence. The ACCP President also appointed members of the Board of Regents to evaluate the guidelines in depth. All comments were collated into spreadsheets to ensure that they were appropriately answered. GOC and board reviewers discussed each comment and determined which should be mandatory for the authors to amend and which were provided as suggestions for improvement. All reviews and comments were anonymous, and authors were required to respond to all mandatory issues either by revising the manuscripts or providing written justification explaining why they did not agree with the reviewers' comments.&lt;/p&gt;&#xD;&#xA;&lt;p&gt;The revised manuscripts were submitted for round II review, simultaneously with the Journal peer review. Once the GOC and board reviewers approved the manuscripts, the ACCP President, President Elect, President Elect Designee, and Immediate Past President reviewed the guidelines. Approval was granted pending confirmation from the Board of Regents, before submission to the journal for final review by the Journal Editor. In addition to this extensive review process, which included nearly 30 individual reviewers from the ACCP leadership, external organizations were provided with opportunities to provide feedback before, during, and just after the conference. This final version was submitted for consideration for endorsement to all of the invited organizations, whether or not they sent representatives to the conference. However, once the guidelines were approved by the ACCP Board of Regents, no further changes were accepted. Organizations that provided endorsements are listed in each article.&lt;/p&gt;&lt;/div&gt;" /></Field></Section><Section SecID="420" OrdBy="500" Name="Recommendations"><Field FieldID="151" OrdBy="505" ID="421" Name="Major Recommendations" Type="text"><FieldValue Value="&lt;div class=&quot;content_para&quot;&gt;&lt;p&gt;The grades of recommendation (&lt;strong&gt;1A&amp;ndash;2C&lt;/strong&gt;) and the approach to rating the quality of evidence are defined at the end of the &quot;Major Recommendations&quot; field.&lt;/p&gt;&#xD;&#xA;&lt;p&gt;&lt;strong&gt;&lt;span style=&quot;text-decoration: underline;&quot;&gt;Pain Control&lt;/span&gt;&lt;/strong&gt;&lt;/p&gt;&#xD;&#xA;&lt;p&gt;In patients with lung cancer who experience chronic pain, it is suggested that thorough assessment of the patient and his or her pain should be performed (&lt;strong&gt;Grade 2C&lt;/strong&gt;).&lt;/p&gt;&#xD;&#xA;&lt;p&gt;&lt;em&gt;Remark&lt;/em&gt;: A patient-reported pain scale should be the principal tool to assess their pain.&lt;/p&gt;&#xD;&#xA;&lt;p&gt;&lt;em&gt;Remark&lt;/em&gt;: Visual analog scales (VASs), numerical rating scales (NRSs) and verbal rating scales are also suggested tools for rating pain.&lt;/p&gt;&#xD;&#xA;&lt;p&gt;In patients with lung cancer who experience chronic pain, the use of the World Health Organization (WHO) analgesic ladder to plan treatment is suggested (&lt;strong&gt;Grade 2C&lt;/strong&gt;).&lt;/p&gt;&#xD;&#xA;&lt;p&gt;In patients with lung cancer who are being treated at all stages of the WHO analgesic ladder, it is recommended that acetaminophen and/or a non-steroidal anti-inflammatory drug (NSAID) be prescribed unless contraindicated (&lt;strong&gt;Grade 1A&lt;/strong&gt;).&lt;/p&gt;&#xD;&#xA;&lt;p&gt;In lung cancer patients with chronic pain who are taking NSAIDs and who are at high risk of gastrointestinal bleeding it is recommended that they take either misoprostol 800 mcg/day, standard dose proton pump inhibitors, or double-dose histamine H2 antagonists (&lt;strong&gt;Grade 1A&lt;/strong&gt;).&lt;/p&gt;&#xD;&#xA;&lt;p&gt;In patients with chronic neuropathic pain due to cancer, treatment with an anticonvulsant (e.g., pregabalin, gabapentin, or carbamazepine) or a tricyclic antidepressant (e.g., amitriptyline or imipramine) is recommended (&lt;strong&gt;Grade 1A&lt;/strong&gt;).&lt;/p&gt;&#xD;&#xA;&lt;p&gt;In patients with chronic pain due to lung cancer, the use of ketamine, lidocaine 5% plasters, and cannabinoids is not recommended (&lt;strong&gt;Grade 1A&lt;/strong&gt;).&lt;/p&gt;&#xD;&#xA;&lt;p&gt;In lung cancer patients with mild to moderate chronic pain (score 3-6 on a VAS or NRS), it is recommended that codeine or dihydrocodeine be added to acetaminophen and/or NSAID (&lt;strong&gt;Grade 1C&lt;/strong&gt;).&lt;/p&gt;&#xD;&#xA;&lt;p&gt;In lung cancer patients with severe chronic pain, oral morphine is recommended as first-line treatment (&lt;strong&gt;Grade 1C&lt;/strong&gt;).&lt;/p&gt;&#xD;&#xA;&lt;p&gt;In lung cancer patients with severe chronic pain, oxycodone or hydromorphone are recommended as alternatives when there are significant side effects or lack of efficacy with oral morphine (&lt;strong&gt;Grade 1A&lt;/strong&gt;).&lt;/p&gt;&#xD;&#xA;&lt;p&gt;In lung cancer patients with severe chronic pain who are able to swallow, transdermal fentanyl is not recommended for first-line use (&lt;strong&gt;Grade 1C&lt;/strong&gt;).&lt;/p&gt;&#xD;&#xA;&lt;p&gt;In lung cancer patients with stable, severe, chronic cancer pain who have difficulty swallowing, nausea and vomiting, or other adverse effect from oral medications, transdermal fentanyl is recommended as an alternative to oral morphine (&lt;strong&gt;Grade 1B&lt;/strong&gt;).&lt;/p&gt;&#xD;&#xA;&lt;p&gt;In lung cancer patients with severe chronic pain, it is suggested that the prescription of methadone as an alternative to oral morphine be confined to a specialist in palliative care units with experience in methadone prescription, because of difficulties with dose prediction, adjustment, and drug accumulation (&lt;strong&gt;Grade 2C&lt;/strong&gt;).&lt;/p&gt;&#xD;&#xA;&lt;p&gt;In lung cancer patients with severe chronic cancer pain, treatment with systemic strong opioids is recommended (&lt;strong&gt;Grade 1C&lt;/strong&gt;).&lt;/p&gt;&#xD;&#xA;&lt;p&gt;&lt;em&gt;Remark&lt;/em&gt;: The oral route of administration is recommended on the grounds of convenience and cost.&lt;/p&gt;&#xD;&#xA;&lt;p&gt;In lung cancer patients with severe chronic cancer pain treated with systemic strong opioids who cannot swallow or who suffer excessive nausea and vomiting, the parenteral, transcutaneous or transmucosal route of administration is recommended (&lt;strong&gt;Grade 1C&lt;/strong&gt;).&lt;/p&gt;&#xD;&#xA;&lt;p&gt;In the management of pain in lung cancer patients unable to take oral opioids, it is suggested that the subcutaneous route to administer continuous infusion of strong opioids, is equally effective as the intravenous route (&lt;strong&gt;Grade 2C&lt;/strong&gt;).&lt;/p&gt;&#xD;&#xA;&lt;p&gt;In lung cancer patients with severe chronic cancer pain treated with systemic strong opioids, dose titration using either immediate release or sustained release oral morphine is suggested (&lt;strong&gt;Grade 2B&lt;/strong&gt;).&lt;/p&gt;&#xD;&#xA;&lt;p&gt;&lt;em&gt;Remark&lt;/em&gt;: The recommended starting dose is oral morphine 30 mg/24 h in patients not previously treated with opioids, and 60 mg/24 h in those already taking an opioid at step 2 of the WHO ladder. Where immediate release oral morphine is used, the four-hourly dose is used to treat episodes of uncontrolled pain and in this context may be used up to hourly. The total dose administered in 24 h is used to calculate ongoing opioid requirements. Where sustained release morphine is used, the total estimated daily dose is prescribed as once-daily or twice-daily oral morphine.&lt;/p&gt;&#xD;&#xA;&lt;p&gt;In lung cancer patients with severe chronic cancer pain treated with systemic strong opioids who experience breakthrough pain, parenteral morphine or transmucosal fentanyl citrate are recommended (&lt;strong&gt;Grade 1B&lt;/strong&gt;).&lt;/p&gt;&#xD;&#xA;&lt;p&gt;&lt;em&gt;Remark&lt;/em&gt;: Oral transmucosal fentanyl citrate (OTFC), fentanyl buccal tablet (FBT), and transnasal fentanyl spray are all effective formulations for breakthrough pain.&lt;/p&gt;&#xD;&#xA;&lt;p&gt;&lt;em&gt;Remark&lt;/em&gt;: In patients with severe chronic cancer pain who experience a lack of effective analgesia, or uncontrollable side effects, or both, it is appropriate to switch to an alternative strong opioid, or route of administration, or both, though evidence of benefit from this approach is lacking.&lt;/p&gt;&#xD;&#xA;&lt;p&gt;&lt;strong&gt;&lt;span style=&quot;text-decoration: underline;&quot;&gt;Management of Airway Obstruction&lt;/span&gt;&lt;/strong&gt;&lt;/p&gt;&#xD;&#xA;&lt;p&gt;In lung cancer patients with inoperable disease and symptomatic airway obstruction, therapeutic bronchoscopy employing mechanical debridement, brachytherapy, tumor ablation, or airway stent placement is recommended for improvement in dyspnea, cough, hemoptysis, and overall quality of life (QOL) (&lt;strong&gt;Grade 1C&lt;/strong&gt;).&lt;/p&gt;&#xD;&#xA;&lt;p&gt;&lt;span style=&quot;text-decoration: underline;&quot;&gt;&lt;strong&gt;Palliation of Cough&lt;/strong&gt;&lt;/span&gt;&lt;/p&gt;&#xD;&#xA;&lt;p&gt;In all lung cancer patients with troublesome cough, evaluation for other treatable causes of cough, in addition to cancer-related etiologies is recommended (&lt;strong&gt;Grade 1C&lt;/strong&gt;).&lt;/p&gt;&#xD;&#xA;&lt;p&gt;In all lung cancer patients with troublesome cough without a treatable cause, it is recommended that opioids be used to suppress the cough (&lt;strong&gt;Grade 1B&lt;/strong&gt;).&lt;/p&gt;&#xD;&#xA;&lt;p&gt;In all lung cancer patients with troublesome cough attributed to chemotherapy or radiation-induced pneumonitis, anti-inflammatory therapy with corticosteroids is recommended (&lt;strong&gt;Grade 1C&lt;/strong&gt;).&lt;/p&gt;&#xD;&#xA;&lt;p&gt;&lt;em&gt;Remark&lt;/em&gt;: Macrolides can be considered as steroid-sparing agents.&lt;/p&gt;&#xD;&#xA;&lt;p&gt;&lt;strong&gt;&lt;span style=&quot;text-decoration: underline;&quot;&gt;Palliation of Bone Metastasis&lt;/span&gt;&lt;/strong&gt;&lt;/p&gt;&#xD;&#xA;&lt;p&gt;In patients with lung cancer who have pain due to bone metastases, external radiation therapy is recommended for pain relief (&lt;strong&gt;Grade 1A&lt;/strong&gt;).&lt;/p&gt;&#xD;&#xA;&lt;p&gt;&lt;em&gt;Remark&lt;/em&gt;: A single fraction of 8 Gy is equally effective for immediate relief of pain and more cost-effective than higher fractionated doses of external radiation therapy.&lt;/p&gt;&#xD;&#xA;&lt;p&gt;In patients with lung cancer who have painful bone metastases, bisphosphonates are recommended in addition to external beam radiation therapy for pain relief (&lt;strong&gt;Grade 1A&lt;/strong&gt;).&lt;/p&gt;&#xD;&#xA;&lt;p&gt;In patients with lung cancer who have painful bone metastases to long and/or weight bearing bones and a solitary well-defined lytic lesion circumferentially involving &amp;gt;50% of the cortex and an expected survival &amp;gt;4 weeks with satisfactory health status, surgical fixation is recommended to minimize the potential for a fracture (&lt;strong&gt;Grade 1C&lt;/strong&gt;).&lt;/p&gt;&#xD;&#xA;&lt;p&gt;&lt;em&gt;Remark&lt;/em&gt;: Intramedullary nailing is the preferred approach, especially for the femur or the humerus.&lt;/p&gt;&#xD;&#xA;&lt;p&gt;&lt;em&gt;Remark&lt;/em&gt;: Radiotherapy should follow the orthopedic management 2-4 weeks later.&lt;/p&gt;&#xD;&#xA;&lt;p&gt;In patients with lung cancer who have vertebral compression fractures causing pain, vertebral augmentation procedures are recommended to reduce pain (&lt;strong&gt;Grade 1A&lt;/strong&gt;).&lt;/p&gt;&#xD;&#xA;&lt;p&gt;&lt;strong&gt;&lt;span style=&quot;text-decoration: underline;&quot;&gt;Palliation of Brain Metastases&lt;/span&gt;&lt;/strong&gt;&lt;/p&gt;&#xD;&#xA;&lt;p&gt;In patients with lung cancer who have symptomatic brain metastases, dexamethasone at 16 mg/day is recommended during the course of definitive therapy with a rapid taper as allowed by neurologic symptoms (&lt;strong&gt;Grade 1B&lt;/strong&gt;).&lt;/p&gt;&#xD;&#xA;&lt;p&gt;In lung cancer patients with significant brain edema, neurologic symptoms, or large space occupying brain metastasis (&amp;gt;3 cm), surgical resection is recommended if they are surgical candidates (&lt;strong&gt;Grade 1B&lt;/strong&gt;).&lt;/p&gt;&#xD;&#xA;&lt;p&gt;In lung cancer patients with 1 to 3 brain metastases, stereotactic radiosurgery (SRS) alone is the recommended initial therapy (&lt;strong&gt;Grade 1A&lt;/strong&gt;).&lt;/p&gt;&#xD;&#xA;&lt;p&gt;&lt;em&gt;Remark&lt;/em&gt;: With a low burden of disease, the benefit gained by delaying whole brain radiation therapy outweighs the potential risk.&lt;/p&gt;&#xD;&#xA;&lt;p&gt;In patients with 5 or more brain metastases, whole brain radiation is the recommended therapy (&lt;strong&gt;Grade 1A&lt;/strong&gt;).&lt;/p&gt;&#xD;&#xA;&lt;p&gt;&lt;span style=&quot;text-decoration: underline;&quot;&gt;&lt;strong&gt;Palliation of Spinal Cord Compression&lt;/strong&gt;&lt;/span&gt;&lt;/p&gt;&#xD;&#xA;&lt;p&gt;In patients with lung cancer that have new onset of back pain, sagittal T1-weighted magnetic resonance imaging (MRI) of the entire spine is recommended (&lt;strong&gt;Grade 1C&lt;/strong&gt;).&lt;/p&gt;&#xD;&#xA;&lt;p&gt;In patients with lung cancer and epidural spinal cord metastases, who are not symptomatic, prompt treatment with high-dose dexamethasone and radiotherapy is recommended (&lt;strong&gt;Grade 1B&lt;/strong&gt;).&lt;/p&gt;&#xD;&#xA;&lt;p&gt;In lung cancer patients with symptomatic radiographically confirmed epidural spinal cord compression (SCC) and good performance status, it is recommended that neurosurgical consultation be sought and, if appropriate, surgery should be performed immediately and followed by radiation therapy (&lt;strong&gt;Grade 1B&lt;/strong&gt;).&lt;/p&gt;&#xD;&#xA;&lt;p&gt;&lt;strong&gt;&lt;span style=&quot;text-decoration: underline;&quot;&gt;Palliation of Superior Vena Cava (SVC) Obstruction&lt;/span&gt;&lt;/strong&gt;&lt;/p&gt;&#xD;&#xA;&lt;p&gt;In patients with SVC obstruction from suspected lung cancer, definitive diagnosis by histologic or cytologic methods is recommended before treatment is started (&lt;strong&gt;Grade 1C&lt;/strong&gt;).&lt;/p&gt;&#xD;&#xA;&lt;p&gt;In patients with symptomatic SVC obstruction due to small cell lung cancer (SCLC), chemotherapy is recommended (&lt;strong&gt;Grade 1C&lt;/strong&gt;).&lt;/p&gt;&#xD;&#xA;&lt;p&gt;In patients with symptomatic SVC obstruction due to non-small cell lung cancer (NSCLC), radiation therapy and/or stent insertion are recommended (&lt;strong&gt;Grade 1C&lt;/strong&gt;).&lt;/p&gt;&#xD;&#xA;&lt;p&gt;&lt;em&gt;Remark&lt;/em&gt;: When using stenting for the management of SVC obstruction, consideration of necessary anticoagulation as it relates to future management of the patient must be considered.&lt;/p&gt;&#xD;&#xA;&lt;p&gt;In patients with SCLC or NSCLC with SVC obstruction who fail to respond to chemotherapy or radiation therapy, vascular stents are recommended (&lt;strong&gt;Grade 1C&lt;/strong&gt;).&lt;/p&gt;&#xD;&#xA;&lt;p&gt;&lt;strong&gt;&lt;span style=&quot;text-decoration: underline;&quot;&gt;Management of Hemoptysis&lt;/span&gt;&lt;/strong&gt;&lt;/p&gt;&#xD;&#xA;&lt;p&gt;In all lung cancer patients with large volume hemoptysis, securing the airway with a single-lumen endotracheal tube is recommended. Bronchoscopy is recommended to identify the source of bleeding, followed by endobronchial management options such as argon plasma coagulation, neodymium-doped:yttrium aluminum garnet (Nd:YAG) laser, and electrocautery for visible central airway lesions (&lt;strong&gt;Grade 1C&lt;/strong&gt;).&lt;/p&gt;&#xD;&#xA;&lt;p&gt;In all lung cancer patients with non-large volume hemoptysis, bronchoscopy is recommended to identify the source of bleeding. For visible central airway lesions, endobronchial management options are recommended. For distal or parenchymal lesions, external beam radiotherapy (EBRT) is recommended (&lt;strong&gt;Grade 1C&lt;/strong&gt;).&lt;/p&gt;&#xD;&#xA;&lt;p&gt;&lt;em&gt;Remark&lt;/em&gt;: If these measures are unsuccessful, consideration should be given to bronchial artery embolization to temporize the bleeding. Most reports of bronchial artery embolization are limited by the few cases of lung cancer managed in almost all studies.&lt;/p&gt;&#xD;&#xA;&lt;p&gt;&lt;span style=&quot;text-decoration: underline;&quot;&gt;&lt;strong&gt;Management for Airway-esophageal Fistulas&lt;/strong&gt;&lt;/span&gt;&lt;/p&gt;&#xD;&#xA;&lt;p&gt;In patients with tracheoesophageal fistulas (TEFs), double stenting of the esophagus and airway or esophageal stenting is recommended with self-expanding metallic stents (&lt;strong&gt;Grade 1B&lt;/strong&gt;).&lt;/p&gt;&#xD;&#xA;&lt;p&gt;&lt;em&gt;Remark&lt;/em&gt;: When primary esophageal stenting is to be used, airway compromise must be considered prior to placing the stent. If a concern exists, an airway stent should be placed prior to esophageal stenting.&lt;/p&gt;&#xD;&#xA;&lt;p&gt;&lt;strong&gt;&lt;span style=&quot;text-decoration: underline;&quot;&gt;Management of Malignant Pleural Effusions (MPEs)&lt;/span&gt;&lt;/strong&gt;&lt;/p&gt;&#xD;&#xA;&lt;p&gt;&lt;strong&gt;Tunneled Pleural Catheter (TPCs) for Palliation&lt;/strong&gt;&lt;/p&gt;&#xD;&#xA;&lt;p&gt;In patients with a symptomatic recurrent MPE with documented re-expandable lung, TPCs or chemical pleurodesis are recommended (&lt;strong&gt;Grade 1C&lt;/strong&gt;).&lt;/p&gt;&#xD;&#xA;&lt;p&gt;&lt;em&gt;Remark&lt;/em&gt;: In patients with a limited lifespan, serial thoracentesis can be considered.&lt;/p&gt;&#xD;&#xA;&lt;p&gt;In patients with a symptomatic recurrent MPE with lung trapping, tunneled catheters are recommended for symptomatic relief and improvement in QOL (&lt;strong&gt;Grade 1C&lt;/strong&gt;).&lt;/p&gt;&#xD;&#xA;&lt;p&gt;In lung cancer patients with a suspected MPE in whom the diagnosis of stage IV disease is not confirmed, thoracoscopy is recommended instead of a tunneled catheter due to its diagnostic as well as therapeutic benefit (&lt;strong&gt;Grade 1C&lt;/strong&gt;).&lt;/p&gt;&#xD;&#xA;&lt;p&gt;In patients with an MPE, graded talc is the pleural sclerosant that is recommended due to its efficacy and safety profile (&lt;strong&gt;Grade 1C&lt;/strong&gt;).&lt;/p&gt;&#xD;&#xA;&lt;p&gt;In lung cancer patients with a malignant effusion, thoracoscopy with talc poudrage is recommended instead of talc slurry through a bedside chest tube for pleurodesis (if there are no contraindications to thoracoscopy) (&lt;strong&gt;Grade 1C&lt;/strong&gt;).&lt;/p&gt;&#xD;&#xA;&lt;p&gt;&lt;span style=&quot;text-decoration: underline;&quot;&gt;&lt;strong&gt;Management of Venous Thromboembolic Disease&lt;/strong&gt;&lt;/span&gt;&lt;/p&gt;&#xD;&#xA;&lt;p&gt;See the National Guideline Clearinghouse summary of the American College of Chest Physicians guideline &lt;a href=&quot;/content.aspx?id=35263&quot; title=&quot;Guideline #8927&quot;&gt;Prevention of VTE in nonsurgical patients: antithrombotic therapy and prevention of thrombosis, 9th ed: American College of Chest Physicians evidence-based clinical practice guidelines&lt;/a&gt;.&lt;/p&gt;&#xD;&#xA;&lt;p&gt;&lt;span style=&quot;text-decoration: underline;&quot;&gt;&lt;strong&gt;Management of Depression, Fatigue, Anorexia, and Insomnia&lt;/strong&gt;&lt;/span&gt;&lt;/p&gt;&#xD;&#xA;&lt;p&gt;In patients recently diagnosed with lung cancer it is recommended that comprehensive biopsychosocial assessment be performed soon after the diagnosis is made and at key transition points (completion of treatment, disease progression, and new symptom onset) thereafter for the remainder of life (&lt;strong&gt;Grade 1C&lt;/strong&gt;).&lt;/p&gt;&#xD;&#xA;&lt;p&gt;In lung cancer patients that identify psychologic and physical symptoms causing distress or interfering with their QOL, it is recommended that these symptoms are addressed by appropriately trained individuals (&lt;strong&gt;Grade 1C&lt;/strong&gt;).&lt;/p&gt;&#xD;&#xA;&lt;p&gt;In lung cancer patients with depression, anxiety, excessive daytime sedation and fatigue, medications such as antidepressants, anxiolytics and psychostimulants are recommended to decrease the morbidity associated with these symptoms (&lt;strong&gt;Grade 1C&lt;/strong&gt;).&lt;/p&gt;&#xD;&#xA;&lt;p&gt;In lung cancer patients with psychologic symptoms, a comprehensive symptom management plan is recommended. This should include non-pharmacologic interventions integrated with medication management, which may be offered as a single treatment modality (&lt;strong&gt;Grade 1C&lt;/strong&gt;).&lt;/p&gt;&#xD;&#xA;&lt;p&gt;In lung cancer patients with insomnia, sedating antidepressants (which target both sleep and mood) are recommended over sedative-hypnotics (which only improve sleep) (&lt;strong&gt;Grade 1C&lt;/strong&gt;).&lt;/p&gt;&#xD;&#xA;&lt;p&gt;In lung cancer patients with the subjective experience of breathlessness, interventions specifically designed to manage this symptom using psychologic coping and physical adaptation are recommended (&lt;strong&gt;Grade 1C&lt;/strong&gt;).&lt;/p&gt;&#xD;&#xA;&lt;p&gt;&lt;em&gt;Remark&lt;/em&gt;: Targeted interventions for breathlessness more effectively decrease distress and improve satisfaction with care than usual care provided during medical follow-up office visits.&lt;/p&gt;&#xD;&#xA;&lt;p&gt;In lung cancer patients with psychologic distress, it is suggested that one of several psychologic interventions have demonstrated benefit (including psycho-education, deep breathing, progressive muscle relaxation, guided imagery, cognitive behavioral therapy and supportive psychotherapy) (&lt;strong&gt;Grade 2C&lt;/strong&gt;).&lt;/p&gt;&#xD;&#xA;&lt;p&gt;&lt;em&gt;Remark&lt;/em&gt;: There is limited evidence to support selection of one intervention over another based on characteristics of the target symptom, patient, or disease status.&lt;/p&gt;&#xD;&#xA;&lt;p&gt;&lt;em&gt;Remark&lt;/em&gt;: The authors suggest that psychologic interventions to relieve distress are chosen based on patient preference, available skill-set of the health care team, and the available evidence from lung cancer studies.&lt;/p&gt;&#xD;&#xA;&lt;p&gt;It is suggested that educational programs responsible for preparing health care professionals to care for persons with cancer should include specific training in psychologic and physical symptom management of symptoms that are frequently associated with cancer diagnosis, treatment and survivorship (&lt;strong&gt;Grade 2C&lt;/strong&gt;).&lt;/p&gt;&#xD;&#xA;&lt;p&gt;It is suggested that health care systems providing care to persons with cancer should develop and support integrated programs in psychologic and physical symptom management which are accessible to all (&lt;strong&gt;Grade 2C&lt;/strong&gt;).&lt;/p&gt;&#xD;&#xA;&lt;p&gt;&lt;strong&gt;&lt;span style=&quot;text-decoration: underline;&quot;&gt;Definitions&lt;/span&gt;&lt;/strong&gt;:&lt;/p&gt;&#xD;&#xA;&lt;p&gt;&lt;strong&gt;Strength of the Recommendations Grading System&lt;/strong&gt;&lt;/p&gt;&#xD;&#xA;&lt;table border=&quot;1&quot; cellspacing=&quot;1&quot; cellpadding=&quot;3&quot; summary=&quot;Table: Strength of the Recommendations Grading System&quot;&gt;&#xD;&#xA;    &lt;thead&gt;&#xD;&#xA;        &lt;tr&gt;&#xD;&#xA;            &lt;th class=&quot;Center&quot; valign=&quot;top&quot; scope=&quot;col&quot;&gt;Grade of Recommendation&lt;/th&gt;&#xD;&#xA;            &lt;th class=&quot;Center&quot; valign=&quot;top&quot; scope=&quot;col&quot;&gt;Benefit vs. Risk and Burdens&lt;/th&gt;&#xD;&#xA;            &lt;th class=&quot;Center&quot; valign=&quot;top&quot; scope=&quot;col&quot;&gt;Methodologic Quality of Supporting Evidence&lt;/th&gt;&#xD;&#xA;            &lt;th class=&quot;Center&quot; valign=&quot;top&quot; scope=&quot;col&quot;&gt;Implications&lt;/th&gt;&#xD;&#xA;        &lt;/tr&gt;&#xD;&#xA;    &lt;/thead&gt;&#xD;&#xA;    &lt;tbody&gt;&#xD;&#xA;        &lt;tr&gt;&#xD;&#xA;            &lt;td valign=&quot;top&quot; scope=&quot;row&quot;&gt;Strong recommendation, high-quality evidence, Grade 1A&lt;/td&gt;&#xD;&#xA;            &lt;td valign=&quot;top&quot;&gt;Benefits clearly outweigh risk and burdens or vice versa&lt;/td&gt;&#xD;&#xA;            &lt;td valign=&quot;top&quot;&gt;Consistent evidence from randomized controlled trials (RCTs) without important limitations or exceptionally strong evidence from observational studies&lt;/td&gt;&#xD;&#xA;            &lt;td valign=&quot;top&quot;&gt;Recommendation can apply to most patients in most circumstances. Further research is very unlikely to change confidence in the estimate of effect&lt;/td&gt;&#xD;&#xA;        &lt;/tr&gt;&#xD;&#xA;        &lt;tr&gt;&#xD;&#xA;            &lt;td valign=&quot;top&quot; scope=&quot;row&quot;&gt;Strong recommendation, moderate-quality evidence, Grade 1B&lt;/td&gt;&#xD;&#xA;            &lt;td valign=&quot;top&quot;&gt;Benefits clearly outweigh risk and burdens or vice versa&lt;/td&gt;&#xD;&#xA;            &lt;td valign=&quot;top&quot;&gt;Evidence from RCTs with important limitations (inconsistent results, methodologic flaws, indirect or imprecise), or very strong evidence from observational studies&lt;/td&gt;&#xD;&#xA;            &lt;td valign=&quot;top&quot;&gt;Recommendation can apply to most patients in most circumstances. Higher quality research may well have an important impact on confidence in the estimate of effect and may change the estimate&lt;/td&gt;&#xD;&#xA;        &lt;/tr&gt;&#xD;&#xA;        &lt;tr&gt;&#xD;&#xA;            &lt;td valign=&quot;top&quot; scope=&quot;row&quot;&gt;Strong recommendation, low- or very-low-quality evidence, Grade 1C&lt;/td&gt;&#xD;&#xA;            &lt;td valign=&quot;top&quot;&gt;Benefits clearly outweigh risk and burdens or vice versa&lt;/td&gt;&#xD;&#xA;            &lt;td valign=&quot;top&quot;&gt;Evidence for at least one critical outcome from observational studies, case series, or from RCTs with serious flaws or indirect evidence&lt;/td&gt;&#xD;&#xA;            &lt;td valign=&quot;top&quot;&gt;Recommendation can apply to most patients in many circumstances. Higher-quality research is likely to have an important impact on confidence in the estimate of effect and may well change the estimate&lt;/td&gt;&#xD;&#xA;        &lt;/tr&gt;&#xD;&#xA;        &lt;tr&gt;&#xD;&#xA;            &lt;td valign=&quot;top&quot; scope=&quot;row&quot;&gt;Weak recommendation, high-quality evidence, Grade 2A&lt;/td&gt;&#xD;&#xA;            &lt;td valign=&quot;top&quot;&gt;Benefits closely balanced with risks and burden&lt;/td&gt;&#xD;&#xA;            &lt;td valign=&quot;top&quot;&gt;Consistent evidence from RCTs without important limitations or exceptionally strong evidence from observational studies&lt;/td&gt;&#xD;&#xA;            &lt;td valign=&quot;top&quot;&gt;The best action may differ depending on circumstances or patient's or societal values. Further research is very unlikely to change confidence in the estimate of effect&lt;/td&gt;&#xD;&#xA;        &lt;/tr&gt;&#xD;&#xA;        &lt;tr&gt;&#xD;&#xA;            &lt;td valign=&quot;top&quot; scope=&quot;row&quot;&gt;Weak recommendation, moderate-quality evidence, Grade 2B&lt;/td&gt;&#xD;&#xA;            &lt;td valign=&quot;top&quot;&gt;Benefits closely balanced with risks and burden&lt;/td&gt;&#xD;&#xA;            &lt;td valign=&quot;top&quot;&gt;Evidence from RCTs with important limitations (inconsistent results, methodologic flaws, indirect or imprecise) or very strong evidence from observational studies &lt;/td&gt;&#xD;&#xA;            &lt;td valign=&quot;top&quot;&gt;Best action may differ depending on circumstances or patient's or societal values. Higher-quality research may well have an important impact on confidence in the estimate of effect and may change the estimate&lt;/td&gt;&#xD;&#xA;        &lt;/tr&gt;&#xD;&#xA;        &lt;tr&gt;&#xD;&#xA;            &lt;td valign=&quot;top&quot; scope=&quot;row&quot;&gt;Weak recommendation, low- or very-low-quality evidence, Grade 2C&lt;/td&gt;&#xD;&#xA;            &lt;td valign=&quot;top&quot;&gt;Uncertainty in the estimates of benefits, risks, and burden; benefits, risk, and burden may be closely balanced&lt;/td&gt;&#xD;&#xA;            &lt;td valign=&quot;top&quot;&gt;Evidence for at least one critical outcome from observational studies, case series, or RCTs, with serious flaws or indirect evidence &lt;/td&gt;&#xD;&#xA;            &lt;td valign=&quot;top&quot;&gt;Other alternatives may be equally reasonable. Higher-quality research is likely to have an important impact on confidence in the estimate of effect and may well change the estimate&lt;/td&gt;&#xD;&#xA;        &lt;/tr&gt;&#xD;&#xA;    &lt;/tbody&gt;&#xD;&#xA;&lt;/table&gt;&lt;/div&gt;" /></Field><Field FieldID="138" OrdBy="515" ID="423" Name="Clinical Algorithm(s)" Type="text"><FieldValue Value="&lt;div class=&quot;content_para&quot;&gt;&lt;p&gt;A pain management algorithm is available in the original guideline document.&lt;/p&gt;&lt;/div&gt;" /></Field></Section><Section SecID="424" OrdBy="600" Name="Evidence Supporting the Recommendations"><Field FieldID="139" OrdBy="610" ID="426" Name="Type of Evidence Supporting the Recommendations" Type="text"><FieldValue Value="&lt;div class=&quot;content_para&quot;&gt;&lt;p&gt;The type of supporting evidence is identified and graded for each recommendation (see the &quot;Major Recommendations&quot; field).&lt;/p&gt;&lt;/div&gt;" /></Field></Section><Section SecID="427" OrdBy="700" Name="Benefits/Harms of Implementing the Guideline Recommendations"><Field FieldID="152" OrdBy="705" ID="428" Name="Potential Benefits" Type="text"><FieldValue Value="&lt;div class=&quot;content_para&quot;&gt;&lt;p&gt;Appropriate symptom management in patients with lung cancer&lt;/p&gt;&lt;/div&gt;" /></Field><Field FieldID="153" OrdBy="710" ID="429" Name="Potential Harms" Type="text"><FieldValue Value="&lt;ul style=&quot;list-style-type: disc;&quot;&gt;&#xD;&#xA;    &lt;li&gt;The principal side effects of opioid use are constipation, nausea/vomiting, and drowsiness. Of these, constipation is the only side effect to which tolerance does not usually develop. Caution should be exercised in prescribing graduated doses of these drugs because of the risk of respiratory depression and hypoventilation. Renal impairment increases the possibility of opioid toxicity. &lt;/li&gt;&#xD;&#xA;    &lt;li&gt;The primary difficulty with corticosteroids is the side effects that patients experience (cushingoid facies, peripheral edema, gastrointestinal [GI] bleeding, psychosis, and steroid-induced myopathy, among others). Therefore, patients should only be on corticosteroids if they are symptomatic. &lt;/li&gt;&#xD;&#xA;    &lt;li&gt;In one study, the toxicity profile was found to be significant: 29% side effects, 14% serious (one fatal ulcer, one rectal bleeding, one GI perforation, one sigmoid perforation) with high-dose dexamethasone therapy. &lt;/li&gt;&#xD;&#xA;    &lt;li&gt;In one study, the rate of complications of multimodality therapeutic bronchoscopy ranged from 3% to 8%, with one mortality related to asphyxiation due to an obstructed stent at 30 days postprocedure. &lt;/li&gt;&#xD;&#xA;    &lt;li&gt;Side effects of radiation therapy &lt;/li&gt;&#xD;&#xA;&lt;/ul&gt;" /></Field></Section><Section SecID="430" OrdBy="800" Name="Contraindications"><Field FieldID="144" OrdBy="805" ID="431" Name="Contraindications" Type="text"><FieldValue Value="&lt;div class=&quot;content_para&quot;&gt;&lt;p&gt;Contraindications to surgical treatment of metastatic disease to long bones include a survival expectancy &amp;lt;4 weeks and a poor general condition that is an obstacle to a safe operation.&lt;/p&gt;&lt;/div&gt;" /></Field></Section><Section SecID="432" OrdBy="900" Name="Qualifying Statements"><Field FieldID="137" OrdBy="905" ID="433" Name="Qualifying Statements" Type="text"><FieldValue Value="&lt;ul style=&quot;list-style-type: disc;&quot;&gt;&#xD;&#xA;    &lt;li&gt;American College of Chest Physicians (ACCP) guidelines are intended for general information only, are not medical advice, and do not replace professional medical care and physician advice, which always should be sought for any medical condition. The complete disclaimer for this guideline can be accessed at the &lt;a href=&quot;http://journal.publications.chestnet.org/article.aspx?articleid=1682324&quot; title=&quot;Chest Journal Web site&quot;&gt;&lt;em&gt;CHEST&lt;/em&gt; Web site&lt;/a&gt;. &lt;/li&gt;&#xD;&#xA;    &lt;li&gt;Although the ACCP is moving toward the production of evidence profiles for all guideline recommendations, there were many recommendations for which profiles were not developed, mostly because of resource constraints. When possible, methodologists created evidence profiles, and all panelists were educated on how to read and interpret them. The population, intervention, comparator, and outcome (PICO)-based systematic literature review process was followed for most recommendations, but there were some that could have benefited from meta-analyses. &lt;/li&gt;&#xD;&#xA;    &lt;li&gt;One limitation of all guidelines today is that they are not able to adequately address complex patients with multiple morbidities. This is largely because these patients are generally excluded from clinical trials and are often not included in observational studies. Since guidelines are reliant on evidence published in the peer-reviewed literature, the scientific foundation impedes the process of providing good guidance for these patients and is a limitation in these guidelines. Therefore, the ACCP encourages funding agencies to ensure that topics with limited evidence are addressed in future research. &lt;/li&gt;&#xD;&#xA;&lt;/ul&gt;" /></Field></Section><Section SecID="434" OrdBy="1000" Name="Implementation of the Guideline"><Field FieldID="131" OrdBy="1010" ID="436" Name="Description of Implementation Strategy" Type="text"><FieldValue Value="&lt;div class=&quot;content_para&quot;&gt;&lt;p&gt;&lt;strong&gt;Dissemination and Implementation&lt;/strong&gt;&lt;/p&gt;&#xD;&#xA;&lt;p&gt;These guidelines are widely disseminated through the &lt;em&gt;CHEST&lt;/em&gt; journal publication, National Guideline Clearinghouse, and Guidelines International Network library. Additional clinical resources will soon be available to users of CHEST Evidence, an upcoming tool for searching the content of America College of Chest Physicians (ACCP) guidelines.&lt;/p&gt;&#xD;&#xA;&lt;p&gt;As the expanding research into diagnostic techniques and treatment options continues to evolve, the guidelines must be updated and kept current. This edition of the ACCP Lung Cancer Guidelines will be the last to be published as a complete collection, as the ACCP is now embarking on a new living guidelines model (LGM) for revising existing recommendations and developing new recommendations as the literature evolves. This will include a continual assessment of the currency of these recommendations relevant to new research studies as they are published. The review cycle for the ACCP Lung Cancer Guidelines will begin 1 year after publication unless the content experts who monitor the literature bring a recommendation or set of related recommendations to the attention of the Guideline oversight Committee (GOC), suggesting that those recommendations are in need of updating sooner. The new LGM will permit a more nimble approach to guideline development but also requires a point-of-care accessible vehicle, CHEST Evidence, for the users to readily search for the most current version. These features will be described in greater detail in upcoming publications. As a step in this direction, these guidelines will be published primarily online with a printed version of the Executive Summary, containing all of the recommendations, the introduction, and this article on methodology. All narratives for each article with their supporting tables, figures, and algorithms will be available online at &lt;a href=&quot;http://journal.publications.chestnet.org/&quot; title=&quot;Chest Journal Web site&quot;&gt;journal.publications.chestnet.org&lt;/a&gt;.&lt;/p&gt;&lt;/div&gt;" /></Field><Field FieldID="117" OrdBy="1015" ID="437" Name="Implementation Tools" Type="picklist-many"><FieldValue Value="Clinical Algorithm" /><FieldValue Value="Mobile Device Resources" /><FieldValue Value="Patient Resources" /><FieldValue Value="Quick Reference Guides/Physician Guides" /><FieldValue Value="Resources" /></Field></Section><Section SecID="439" OrdBy="1100" Name="Institute of Medicine (IOM) National Healthcare Quality Report Categories"><Field FieldID="50" OrdBy="1105" ID="440" Name="IOM Care Need" Type="picklist-many"><FieldValue Value="Getting Better" /><FieldValue Value="Living with Illness" /></Field><Field FieldID="51" OrdBy="1110" ID="441" Name="IOM Domain" Type="picklist-many"><FieldValue Value="Effectiveness" /><FieldValue Value="Patient-centeredness" /></Field></Section><Section SecID="442" OrdBy="1200" Name="Identifying Information and Availability"><Field FieldID="97" OrdBy="1201" ID="392" Name="Bibliographic Source(s)" Type="citation"><FieldValue Value="&lt;table&gt;&lt;tr&gt;&lt;td&gt;Simoff MJ, Lally B, Slade MG, Goldberg WG, Lee P, Michaud GC, Wahidi MM, Chawla M. Symptom management in patients with lung cancer: diagnosis and management of lung cancer, 3rd ed: American College of Chest Physicians evidence-based clinical practice guidelines. Chest. 2013 May;143(5 Suppl):e455S-97S. [295 references] &lt;a href=&quot;http://www.ncbi.nlm.nih.gov/entrez/query.fcgi?cmd=Retrieve&amp;db=pubmed&amp;dopt=Abstract&amp;list_uids=23649452&quot; target=&quot;_blank&quot;&gt;PubMed&lt;/a&gt;&lt;/td&gt;&lt;/tr&gt;&lt;/table&gt;" /></Field><Field FieldID="124" OrdBy="1205" ID="443" Name="Adaptation" Type="text"><FieldValue Value="&lt;div class=&quot;content_para&quot;&gt;&lt;p&gt;Not applicable: The guideline was not adapted from another source.&lt;/p&gt;&lt;/div&gt;" /></Field><Field FieldID="128" OrdBy="1215" ID="445" Name="Date Released" Type="text"><FieldValue Value="2003 Jan (revised 2013 May)" /></Field><Field FieldID="158" OrdBy="1225" ID="447" Name="Guideline Developer(s)" Type="orglist-p"><FieldValue Value="American College of Chest Physicians - Medical Specialty Society" /></Field><Field FieldID="125" OrdBy="1235" ID="449" Name="Source(s) of Funding" Type="text"><FieldValue Value="&lt;ul style=&quot;list-style-type: disc;&quot;&gt;&#xD;&#xA;    &lt;li&gt;The development of this guideline was supported primarily by the American College of Chest Physicians (ACCP). The lung cancer guidelines conference was supported in part by a grant from the Lung Cancer Research Foundation. The publication and dissemination of the guidelines was supported in part by a 2009 independent educational grant from Boehringer Ingelheim Pharmaceuticals, Inc. &lt;/li&gt;&#xD;&#xA;    &lt;li&gt;Role of sponsors: The ACCP was solely responsible for the development of these guidelines. The remaining supporters played no role in the development process. External supporting organizations cannot recommend panelists or topics, nor are they allowed prepublication access to the manuscripts and recommendations. Further details on the Conflict of Interest (COI) Policy are available online at &lt;a href=&quot;http://chestnet.org&quot; title=&quot;Chest Journal Web site&quot;&gt;http://chestnet.org&lt;/a&gt;. &lt;/li&gt;&#xD;&#xA;    &lt;li&gt;See the methodology companion (see the &quot;Availability of Companion Documents&quot; field) for a complete discussion of the source of funding for this guideline. &lt;/li&gt;&#xD;&#xA;&lt;/ul&gt;" /></Field><Field FieldID="126" OrdBy="1240" ID="450" Name="Guideline Committee" Type="text"><FieldValue Value="&lt;div class=&quot;content_para&quot;&gt;&lt;p&gt;American College of Chest Physicians (ACCP) Expert Panel on Lung Cancer Guidelines&lt;/p&gt;&lt;/div&gt;" /></Field><Field FieldID="127" OrdBy="1245" ID="451" Name="Composition of Group That Authored the Guideline" Type="text"><FieldValue Value="&lt;div class=&quot;content_para&quot;&gt;&lt;p&gt;&lt;em&gt;Authors&lt;/em&gt;: Michael J. Simoff, MD, FCCP; Brian Lally, MD; Mark G. Slade, MBBS, FCCP; Wendy G. Goldberg, MSN, APRN, BC; Pyng Lee, MD, FCCP; Gaetane C. Michaud, MD, FCCP; Momen M. Wahidi, MD, MBA, FCCP; Mohit Chawla, MD, FCCP&lt;/p&gt;&lt;/div&gt;" /></Field><Field FieldID="147" OrdBy="1250" ID="452" Name="Financial Disclosures/Conflicts of Interest" Type="text"><FieldValue Value="&lt;ul style=&quot;list-style-type: disc;&quot;&gt;&#xD;&#xA;    &lt;li&gt;Conflicts of Interest (COI) grids reflecting the conflicts of interest that were current as of the date of the conference and voting are posted in the online supplementary materials. &lt;/li&gt;&#xD;&#xA;    &lt;li&gt;Financial/nonfinancial disclosures: The authors have reported to &lt;em&gt;CHEST&lt;/em&gt; the following conflicts of interest: Ms Goldberg owns some share in pharmaceutical or laboratory tests and services companies. However, these portfolios are managed by financial advisors. Dr Wahidi has received educational grants and served as a consultant with Pinnacle Biologics Inc. Drs Simoff, Lally, Slade, Lee, Michaud, Wahidi, and Chawla have reported that no potential conflicts of interest exist with any companies/organizations whose products or services may be discussed in this article. &lt;/li&gt;&#xD;&#xA;    &lt;li&gt;See the methodology companion (see the &quot;Availability of Companion Documents&quot; field) for a complete discussion of the conflict of interest procedures and requirements for the guideline panel. &lt;/li&gt;&#xD;&#xA;&lt;/ul&gt;" /></Field><Field FieldID="159" OrdBy="1255" ID="453" Name="Guideline Endorser(s)" Type="orglist"><FieldValue Value="American Association for Bronchology and Interventional Pulmonology - Medical Specialty Society" /><FieldValue Value="European Society of Thoracic Surgeons - Professional Association" /><FieldValue Value="Oncology Nursing Society - Professional Association" /><FieldValue Value="Society of Thoracic Surgeons - Medical Specialty Society" /></Field><Field FieldID="120" OrdBy="1256" ID="393" Name="Guideline Status" Type="text"><FieldValue Value="&lt;div class=&quot;content_para&quot;&gt;&lt;p&gt;This is the current release of the guideline.&lt;/p&gt;&#xD;&#xA;&lt;p&gt;This guideline updates a previous version: Kvale PA, Selecky PA, Prakash UB, American College of Chest Physicians. Palliative care in lung cancer: ACCP evidence-based clinical practice guidelines (2nd edition). Chest. 2007 Sep;132(3 Suppl):368S-403S.&lt;/p&gt;&lt;/div&gt;" /></Field><Field FieldID="118" OrdBy="1260" ID="454" Name="Guideline Availability" Type="text"><FieldValue Value="&lt;div class=&quot;content_para&quot;&gt;&lt;p&gt;Electronic copies: Available to subscribers of &lt;a href=&quot;http://journal.publications.chestnet.org/article.aspx?articleid=1685300&quot; title=&quot;Chest Journal Web site&quot;&gt;Chest - The Cardiopulmonary and Critical Care Journal&lt;/a&gt;. Also available to Chest subscribers through the &lt;a href=&quot;http://www.chestnet.org/Guidelines-and-Resources/Guidelines-and-Consensus-Statements/More-Guidelines/Lung-Cancer&quot; title=&quot;ACCP Web site&quot;&gt;Chest app&lt;/a&gt; for iPhone and iPad.&lt;/p&gt;&#xD;&#xA;&lt;p&gt;Print copies: Available from the American College of Chest Physicians, Products and Registration Division, 3300 Dundee Road, Northbrook IL 60062-2348.&lt;/p&gt;&lt;/div&gt;" /></Field><Field FieldID="119" OrdBy="1265" ID="455" Name="Availability of Companion Documents" Type="text"><FieldValue Value="&lt;div class=&quot;content_para&quot;&gt;&lt;p&gt;The following are available:&lt;/p&gt;&#xD;&#xA;&lt;ul style=&quot;list-style-type: disc;&quot;&gt;&#xD;&#xA;    &lt;li&gt;Symptom management in patients with lung cancer: diagnosis and management of lung cancer, 3rd ed: American College of Chest Physicians evidence-based clinical practice guidelines. Supporting data. Electronic copies: Available to subscribers of &lt;a href=&quot;http://journal.publications.chestnet.org/article.aspx?articleid=1685300&amp;amp;atab=10&quot; title=&quot;Chest Journal Web site&quot;&gt;Chest - The Cardiopulmonary and Critical Care Journal&lt;/a&gt;. &lt;/li&gt;&#xD;&#xA;    &lt;li&gt;Detterbeck FC, Zelman Lewis S, Diekemper R, Addrizzo-Harris D, Alberts MW. Diagnosis and management of lung cancer, 3rd ed: American College of Chest Physicians Evidence-Based Clinical Practice Guidelines. Executive summary. Chest 2013 May;143(5 Suppl):7S-37S. Electronic copies: Available from the &lt;a href=&quot;http://journal.publications.chestnet.org/article.aspx?articleid=1685102&quot; title=&quot;Chest Journal Web site&quot;&gt;Chest - The Cardiopulmonary and Critical Care Journal Web site&lt;/a&gt;. &lt;/li&gt;&#xD;&#xA;    &lt;li&gt;Alberts WM. Introduction to the third edition: diagnosis and management of lung cancer, 3rd ed: American College of Chest Physicians Evidence-Based Clinical Practice Guidelines. Chest 2013 May;143(5 Suppl):38S-40S. Electronic copies: Available from the &lt;a href=&quot;http://journal.publications.chestnet.org/article.aspx?articleid=1682326&quot; title=&quot;Chest Journal Web site&quot;&gt;Chest - The Cardiopulmonary and Critical Care Journal Web site&lt;/a&gt;. &lt;/li&gt;&#xD;&#xA;    &lt;li&gt;Zelman Lewis S, Diekemper R, Addrizzo-Harris DJ. Methodology for development of guidelines for lung cancer: diagnosis and management of lung cancer, 3rd ed: American College of Chest Physicians Evidence-Based Clinical Practice Guidelines. Chest 2013 May;143(5 Suppl):41S-e50S. Electronic copies: Available from the &lt;a href=&quot;http://journal.publications.chestnet.org/article.aspx?articleid=1685829&quot; title=&quot;Chest Journal Web site&quot;&gt;Chest - The Cardiopulmonary and Critical Care Journal Web site&lt;/a&gt;. &lt;/li&gt;&#xD;&#xA;    &lt;li&gt;Alberg AJ, Brock MV, Ford JG, Samet JM, Spivack SD. Epidemiology of lung cancer: diagnosis and management of lung cancer, 3rd ed: American College of Chest Physicians Evidence-Based Clinical Practice Guidelines. Chest 2013 May;143(5 Suppl):e1S-e29S. Electronic copies: Available to subscribers of &lt;a href=&quot;http://journal.publications.chestnet.org/article.aspx?articleid=1685278&quot; title=&quot;Chest Journal Web site&quot;&gt;Chest - The Cardiopulmonary and Critical Care Journal&lt;/a&gt;. &lt;/li&gt;&#xD;&#xA;    &lt;li&gt;Nana-Sinkham SP, Powell CA. Molecular biology of lung cancer: diagnosis and management of lung cancer, 3rd ed: American College of Chest Physicians Evidence-Based Clinical Practice Guidelines. Chest 2013 May;143(5 Suppl):e30S-e39S. Electronic copies: Available to subscribers of &lt;a href=&quot;http://journal.publications.chestnet.org/article.aspx?articleid=1682710&quot; title=&quot;Chest Journal Web site&quot;&gt;Chest - The Cardiopulmonary and Critical Care Journal&lt;/a&gt;. &lt;/li&gt;&#xD;&#xA;&lt;/ul&gt;&#xD;&#xA;&lt;p&gt;Print copies: Available from the American College of Chest Physicians, Products and Registration Division, 3300 Dundee Road, Northbrook IL 60062-2348.&lt;/p&gt;&#xD;&#xA;&lt;p&gt;The following is also available:&lt;/p&gt;&#xD;&#xA;&lt;ul style=&quot;list-style-type: disc;&quot;&gt;&#xD;&#xA;    &lt;li&gt;Highlights of the ACCP diagnosis and management of lung cancer guidelines, 3rd ed. Podcast. Available from the &lt;a href=&quot;http://journal.publications.chestnet.org/ss/podcasts.aspx#May2013podcasta&quot; title=&quot;Chest Journal Web site&quot;&gt;Chest - The Cardiopulmonary and Critical Care Journal Web site&lt;/a&gt;. &lt;/li&gt;&#xD;&#xA;&lt;/ul&gt;&lt;/div&gt;" /></Field><Field FieldID="143" OrdBy="1275" ID="457" Name="Patient Resources" Type="text"><FieldValue Value="&lt;div class=&quot;content_para&quot;&gt;&lt;p&gt;The following is available:&lt;/p&gt;&#xD;&#xA;&lt;ul style=&quot;list-style-type: disc;&quot;&gt;&#xD;&#xA;    &lt;li&gt;Lung cancer: understanding the diagnosis. Northbrook (IL): American College of Chest Physicians; 2010. 7 p. Electronic copies: Available in Portable Document Format (PDF) from the &lt;a href=&quot;http://onebreath.org/document.doc?id=40&quot; title=&quot;One  Breath Web site&quot;&gt;OneBreath.org Web site&lt;/a&gt;. &lt;/li&gt;&#xD;&#xA;&lt;/ul&gt;&#xD;&#xA;&lt;p class=&quot;Disclaimer&quot;&gt;Please note: This patient information is intended to provide health professionals with information to share with their patients to help them better understand their health and their diagnosed disorders. By providing access to this patient information, it is not the intention of NGC to provide specific medical advice for particular patients. Rather we urge patients and their representatives to review this material and then to consult with a licensed health professional for evaluation of treatment options suitable for them as well as for diagnosis and answers to their personal medical questions. This patient information has been derived and prepared from a guideline for health care professionals included on NGC by the authors or publishers of that original guideline. The patient information is not reviewed by NGC to establish whether or not it accurately reflects the original guideline's content.&lt;/p&gt;&lt;/div&gt;" /></Field><Field FieldID="142" OrdBy="1280" ID="458" Name="NGC Status" Type="text"><FieldValue Value="&lt;div class=&quot;content_para&quot;&gt;&lt;p&gt;This NGC summary was completed by ECRI on September 3, 2003. The information was verified by the guideline developer on October 1, 2003. This summary was updated on May 3, 2005 following the withdrawal of Bextra (valdecoxib) from the market and the release of heightened warnings for Celebrex (celecoxib) and other nonselective nonsteroidal anti-inflammatory drugs (NSAIDs). This summary was updated by ECRI on June 16, 2005, following the U.S. Food and Drug Administration advisory on COX-2 selective and non-selective non-steroidal anti-inflammatory drugs (NSAIDs). This NGC summary was updated by ECRI Institute on November 29, 2007. The updated information was verified by the guideline developer on December 21, 2007. This summary was updated by ECRI Institute on May 1, 2009 following the U.S. Food and Drug Administration advisory on antiepileptic drugs. This summary was updated by ECRI Institute on March 16, 2011 following the U.S. Food and Drug Administration advisory on acetaminophen-containing prescription products. This summary was updated by ECRI Institute on August 21, 2013. This summary was updated by ECRI Institute on July 3, 2014 following the U.S. Food and Drug Administration advisory on Epidural Corticosteroid Injection. This summary was updated by ECRI Institute on September 18, 2015 following the U.S. Food and Drug Administration advisory on non-aspirin nonsteroidal anti-inflammatory drugs (NSAIDs).&lt;/p&gt;&lt;/div&gt;" /></Field><Field FieldID="141" OrdBy="1290" ID="460" Name="Copyright Statement" Type="text"><FieldValue Value="&lt;div class=&quot;content_para&quot;&gt;&lt;p&gt;This NGC summary is based on the original guideline, which is subject to the guideline developer's copyright restrictions.&lt;/p&gt;&lt;/div&gt;" /></Field></Section><Section SecID="99999" OrdBy="99999" Name="Disclaimer"><Field FieldID="99999" OrdBy="99999" ID="99999" Name="NGC Disclaimer" Type="text"><FieldValue Value="&lt;p&gt;The National Guideline Clearinghouse™ (NGC) does not develop, produce, approve, or endorse the guidelines represented on this site.&lt;/p&gt; &#xD;&#xA;&lt;p&gt;All guidelines summarized by NGC and hosted on our site are produced under the auspices of medical specialty societies, relevant professional associations, public or private organizations, other government agencies, health care organizations or plans, and similar entities.&lt;/p&gt; &#xD;&#xA;&lt;p&gt;Guidelines represented on the NGC Web site are submitted by guideline developers, and are screened solely to determine that they meet the NGC Inclusion Criteria which may be found at &lt;a href=&quot;/about/inclusion-criteria.aspx&quot;&gt;http://www.guideline.gov/about/inclusion-criteria.aspx&lt;/a&gt;.&lt;/p&gt; &#xD;&#xA;&lt;p&gt;NGC, AHRQ, and its contractor ECRI Institute make no warranties concerning the content or clinical efficacy or effectiveness of the clinical practice guidelines and related materials represented on this site. Moreover, the views and opinions of developers or authors of guidelines represented on this site do not necessarily state or reflect those of NGC, AHRQ, or its contractor ECRI Institute, and inclusion or hosting of guidelines in NGC may not be used for advertising or commercial endorsement purposes.&lt;/p&gt; &#xD;&#xA;&lt;p&gt;Readers with questions regarding guideline content are directed to contact the guideline developer.&lt;/p&gt;" /></Field></Section></Version>
