<Version><xmlsource>This XML content was developed by AHRQ's contractor ECRI Institute for the National Guideline Clearinghouse (NGC).</xmlsource><Section SecID="390" OrdBy="100" Name="General"><Field FieldID="161" OrdBy="105" ID="391" Name="Guideline Title" Type="text"><FieldValue Value="&lt;div class=&quot;content_title&quot;&gt;Rivaroxaban for preventing adverse outcomes after acute management of acute coronary syndrome.&lt;/div&gt;" /></Field><Field FieldID="97" OrdBy="110" ID="392" Name="Bibliographic Source(s)" Type="citation"><FieldValue Value="&lt;table&gt;&lt;tr&gt;&lt;td&gt;National Institute for Health and Care Excellence (NICE). Rivaroxaban for preventing adverse outcomes after acute management of acute coronary syndrome. London (UK): National Institute for Health and Care Excellence (NICE); 2015 Mar. 43 p.&amp;nbsp;(Technology appraisal guidance; no. 335).&amp;nbsp;&lt;/td&gt;&lt;/tr&gt;&lt;/table&gt;" /></Field><Field FieldID="120" OrdBy="115" ID="393" Name="Guideline Status" Type="text"><FieldValue Value="&lt;div class=&quot;content_para&quot;&gt;&lt;p&gt;This is the current release of the guideline.&lt;/p&gt;&#xA;&lt;p&gt;This guideline meets NGC's 2013 (revised) inclusion criteria.&lt;/p&gt;&lt;/div&gt;" /></Field><Field Name ="UMLS Concepts"><FieldValue Value="ICD9CM: Acute myocardial infarction of unspecified site, episode of care unspecified  (410.90); Intermediate coronary syndrome  (411.1)"/><FieldValue Value="MSH: Acute Coronary Syndrome ; Angina, Unstable ; Aspirin ; Drug Therapy, Combination ; Morpholines ; Myocardial Infarction ; Thiophenes ; Ticlopidine "/><FieldValue Value="MTH: acute care ; Acute myocardial infarction ; Adverse Event Outcome ; Angina, Unstable ; Aspirin ; Combination Drug Therapy ; Morpholines ; Myocardial Infarction ; ST segment elevation myocardial infarction "/><FieldValue Value="PDQ: acetylsalicyclic acid "/><FieldValue Value="SNOMEDCT_US: Acute coronary syndrome  (394659003); Acute myocardial infarction  (57054005); Aspirin  (387458008); Aspirin  (7947003); Clopidogrel  (108979001); Clopidogrel  (386952008); Impending infarction  (25106000); Myocardial infarction  (22298006); Rivaroxaban  (442031002); Rivaroxaban  (442539005); Ticlopidine  (108971003); Ticlopidine  (386950000)"/></Field></Section><Section SecID="396" OrdBy="300" Name="Scope"><Field FieldID="140" OrdBy="305" ID="397" Name="Disease/Condition(s)" Type="text"><FieldValue Value="&lt;div class=&quot;content_para&quot;&gt;&lt;p&gt;Atherothrombotic events after acute coronary syndrome (ACS; ST-segment elevation myocardial infarction [STEMI], non-ST-segment elevation myocardial infarction [NSTEMI], or unstable angina [UA]) with elevated cardiac biomarkers&lt;/p&gt;&lt;/div&gt;" /></Field><Field FieldID="103" OrdBy="310" ID="398" Name="Guideline Category" Type="picklist-many"><FieldValue Value="Assessment of Therapeutic Effectiveness" /><FieldValue Value="Prevention" /><FieldValue Value="Treatment" /></Field><Field FieldID="113" OrdBy="315" ID="399" Name="Clinical Specialty" Type="picklist-many"><FieldValue Value="Cardiology" /><FieldValue Value="Emergency Medicine" /><FieldValue Value="Family Practice" /><FieldValue Value="Internal Medicine" /><FieldValue Value="Preventive Medicine" /></Field><Field FieldID="114" OrdBy="320" ID="400" Name="Intended Users" Type="picklist-many"><FieldValue Value="Advanced Practice Nurses" /><FieldValue Value="Hospitals" /><FieldValue Value="Nurses" /><FieldValue Value="Physician Assistants" /><FieldValue Value="Physicians" /></Field><Field FieldID="129" OrdBy="325" ID="401" Name="Guideline Objective(s)" Type="text"><FieldValue Value="&lt;div class=&quot;content_para&quot;&gt;&lt;p&gt;To assess the clinical effectiveness and cost-effectiveness of rivaroxaban for preventing adverse outcomes after acute management of acute coronary syndrome (ACS)&lt;/p&gt;&lt;/div&gt;" /></Field><Field FieldID="132" OrdBy="330" ID="402" Name="Target Population" Type="text"><FieldValue Value="&lt;div class=&quot;content_para&quot;&gt;&lt;p&gt;Adults after acute management of an acute coronary syndrome (ACS) with elevated cardiac biomarkers&lt;/p&gt;&lt;/div&gt;" /></Field><Field FieldID="133" OrdBy="335" ID="403" Name="Interventions and Practices Considered" Type="text"><FieldValue Value="&lt;div class=&quot;content_para&quot;&gt;&lt;p&gt;Rivaroxaban in combination with aspirin plus clopidogrel or aspirin alone&lt;/p&gt;&lt;/div&gt;" /></Field><Field FieldID="134" OrdBy="340" ID="404" Name="Major Outcomes Considered" Type="text"><FieldValue Value="&lt;ul style=&quot;list-style-type: disc;&quot;&gt;&#xA;    &lt;li&gt;Clinical effectiveness&#xA;    &lt;ul style=&quot;list-style-type: disc;&quot;&gt;&#xA;        &lt;li&gt;Death from any cause &lt;/li&gt;&#xA;        &lt;li&gt;Non-fatal cardiovascular events &lt;/li&gt;&#xA;        &lt;li&gt;Incidence of revascularisation procedures &lt;/li&gt;&#xA;        &lt;li&gt;Adverse effects of treatment (including bleeding events) &lt;/li&gt;&#xA;        &lt;li&gt;Health-related quality of life &lt;/li&gt;&#xA;    &lt;/ul&gt;&#xA;    &lt;/li&gt;&#xA;    &lt;li&gt;Cost effectiveness &lt;/li&gt;&#xA;&lt;/ul&gt;" /></Field></Section><Section SecID="405" OrdBy="400" Name="Methodology"><Field FieldID="109" OrdBy="405" ID="406" Name="Methods Used to Collect/Select the Evidence" Type="picklist-many"><FieldValue Value="Hand-searches of Published Literature (Primary Sources)" /><FieldValue Value="Hand-searches of Published Literature (Secondary Sources)" /><FieldValue Value="Searches of Electronic Databases" /><FieldValue Value="Searches of Unpublished Data" /></Field><Field FieldID="135" OrdBy="410" ID="407" Name="Description of Methods Used to Collect/Select the Evidence" Type="text"><FieldValue Value="&lt;div class=&quot;content_para&quot;&gt;&lt;p&gt;&lt;strong&gt;Note from the National Guideline Clearinghouse (NGC)&lt;/strong&gt;: The National Institute for Health and Care Excellence (NICE) commissioned an independent academic centre to perform an assessment of the manufacturer's submission (MS) on the technology considered in this appraisal and prepare an Evidence Review Group (ERG) report. The ERG report for this appraisal was prepared by the School of Health and Related Research (ScHARR), the University of Sheffield (see the &quot;Availability of Companion Documents&quot; field).&lt;/p&gt;&#xA;&lt;p&gt;&lt;strong&gt;&lt;span style=&quot;text-decoration: underline;&quot;&gt;Clinical Effectiveness&lt;/span&gt;&lt;/strong&gt;&lt;/p&gt;&#xA;&lt;p&gt;&lt;strong&gt;Critique of the Methods of Review(s)&lt;/strong&gt;&lt;/p&gt;&#xA;&lt;p&gt;&lt;em&gt;Searches&lt;/em&gt;&lt;/p&gt;&#xA;&lt;p&gt;The searches undertaken by the manufacturer to identify all relevant randomised controlled trials (RCTs) were conducted in March 2014. The search strategy utilised appropriate free text and medical subject heading terms to identify the condition (acute coronary syndrome [ACS]), the intervention (rivaroxaban) and the type of evidence (RCTs). Searches were further restricted to human and English language publications. Although the strategy is simple and effective, justification for adapting the published methodological RCT search filter (that was originally developed by the Scottish Intercollegiate Guidelines Network) was lacking. Several electronic bibliographic databases (MEDLINE, MEDLINE in Process, EMBASE, and the Cochrane Library) were searched from inception. Although research registers such as ClinicalTrials.gov and the International Standard Randomised Controlled Trial Number Register were not searched, three conference proceedings (American Heart Association Scientific Sessions, European Society of Cardiology and American College of Cardiology) were reviewed for relevant abstracts presented at meetings held in 2012 and 2013. Supplementary searches such as scanning of bibliographies of included studies, existing systematic reviews, manufacturer's database of trial protocols, clinical study reports and correspondence with regulatory bodies were also undertaken. The number of hits following a repeat of the electronic database search strategies for the identification of relevant rivaroxaban intervention studies on 28 July 2014 (see Section 6.1 in the MS) by the ERG, show numbers to be consistent with those reported in the MS. Whilst the ERG considers the search strategies to be comprehensive to retrieve important citations relating to all eligible studies of which the ERG and its clinical advisors are aware of, restricting the searches by English language can lead to publication bias.&lt;/p&gt;&#xA;&lt;p&gt;&lt;em&gt;Inclusion Criteria&lt;/em&gt;&lt;/p&gt;&#xA;&lt;p&gt;The MS describes an appropriate method of identifying and screening references for inclusion in the systematic review of rivaroxaban for the prevention of atherothrombotic events in adult patients after an ACS with elevated cardiac biomarkers. Two independent reviewers applied pre-specified inclusion and exclusion criteria (via a two-stage sifting process) to citations identified by the searches. Any differences in selection were resolved through discussion with a third reviewer. A summary of the inclusion and exclusion criteria, as reported in the MS for the systematic review of rivaroxaban is summarised in Table 3 in the ERG report.&lt;/p&gt;&#xA;&lt;p&gt;The specified inclusion and exclusion criteria were appropriate and generally reflect the information given in the decision problem.&lt;/p&gt;&#xA;&lt;p&gt;Refer to the ERG report for additional details on the clinical effectiveness searches, including the search strategies used. &lt;/p&gt;&#xA;&lt;p&gt;&lt;strong&gt;&lt;span style=&quot;text-decoration: underline;&quot;&gt;Cost-effectiveness&lt;/span&gt;&lt;/strong&gt;&lt;/p&gt;&#xA;&lt;p&gt;&lt;strong&gt;ERG Comment on Manufacturer's Review of Cost-effectiveness Evidence&lt;/strong&gt;&lt;/p&gt;&#xA;&lt;p&gt;&lt;em&gt;Description of Manufacturers Search Strategy and Comment on Whether the Search Strategy Was Appropriate&lt;/em&gt;&lt;/p&gt;&#xA;&lt;p&gt;The manufacturer performed a literature search to identify published cost-effectiveness analyses of interventions for the secondary prevention of ACS events. The search was performed in March 2014 in several electronic bibliographic databases: MEDLINE, MEDLINE in Process, EMBASE and the Cochrane Library. Additional sources included UK Health Technology Assessment (HTA) Web sites (NICE and the Scottish Medicines Consortium) and conference proceedings of the American Heart Association scientific sessions (2012-13), European Society of Cardiology (2013), American College of Cardiology (2013) and the International Society for Pharmacoeconomics and Outcomes Research (2013). Appropriate filters were used to retrieve cost-effectiveness studies and details of searches for conference proceedings and of UK HTA Web sites were clearly reported.&lt;/p&gt;&#xA;&lt;p&gt;&lt;em&gt;Inclusion/Exclusion Criteria Used in the Study Selection and Comment on Whether They Were Appropriate&lt;/em&gt;&lt;/p&gt;&#xA;&lt;p&gt;The inclusion/exclusion criteria used in the manufacturer's study selection are provided in Table 10 in the ERG report. The search strategy was broad and covered many relevant interventions for ACS. Cost-effectiveness studies of ticagrelor and prasugrel were included in the systematic review even though they were not included in the final scope issued by NICE. This was because cost-effectiveness models for these interventions could provide useful information on costs and utilities of the health states in a &lt;em&gt;de novo&lt;/em&gt; model, if developing one was required.&lt;/p&gt;&#xA;&lt;p&gt;The ERG had some concerns about the country specific inclusion/exclusion criteria, as no rationale was provided for only identifying studies from the USA, Canada, United Kingdom, Germany, France, Italy and Spain. However, given the values used in the model it is unlikely that the country specific exclusion criteria lead to the exclusion of studies which contained parameters of greater relevance to the decision problem.&lt;/p&gt;&#xA;&lt;p&gt;Refer to the ERG report for additional details on the cost-effectiveness searches, including the search strategies used. &lt;/p&gt;&lt;/div&gt;" /></Field><Field FieldID="136" OrdBy="415" ID="408" Name="Number of Source Documents" Type="text"><FieldValue Value="&lt;div class=&quot;content_para&quot;&gt;&lt;p&gt;&lt;strong&gt;Clinical Effectiveness&lt;/strong&gt;&lt;/p&gt;&#xA;&lt;p&gt;Of the 562 citations identified from the manufacturer's submission (MS), two randomised controlled trials (RCTs) (representing 21 citations) met the inclusion criteria (the Anti-Xa Therapy to Lower Cardiovascular Events in Addition to Standard Therapy in Subjects with Acute Coronary Syndrome&amp;ndash;Thrombolysis in Myocardial Infarction 46 [ATLAS ACS-TIMI 46] study and the ATLAS ACS 2-TIMI 51 trial). &lt;/p&gt;&#xA;&lt;p&gt;&lt;strong&gt;Cost-effectiveness&lt;/strong&gt;&lt;/p&gt;&#xA;&lt;ul style=&quot;list-style-type: disc;&quot;&gt;&#xA;    &lt;li&gt;The systematic review identified a total of 59 records, 46 of which were unique mathematical models. Of the 46 identified mathematical models, 8 were presented in conference abstract form. The manufacturer identified no studies which had evaluated the cost-effectiveness of rivaroxaban plus aspirin with or without clopidogrel compared to aspirin with or without clopidogrel for the secondary prevention of acute coronary syndrome (ACS). &lt;/li&gt;&#xA;    &lt;li&gt;The manufacturer presented an economic model. &lt;/li&gt;&#xA;&lt;/ul&gt;&lt;/div&gt;" /></Field><Field FieldID="115" OrdBy="420" ID="409" Name="Methods Used to Assess the Quality and Strength of the Evidence" Type="picklist-choice"><FieldValue Value="Expert Consensus" /></Field><Field FieldID="149" OrdBy="425" ID="410" Name="Rating Scheme for the Strength of the Evidence" Type="text"><FieldValue Value="&lt;div class=&quot;content_para&quot;&gt;&lt;p&gt;Not applicable&lt;/p&gt;&lt;/div&gt;" /></Field><Field FieldID="116" OrdBy="430" ID="411" Name="Methods Used to Analyze the Evidence" Type="picklist-many"><FieldValue Value="Review of Published Meta-Analyses" /><FieldValue Value="Systematic Review with Evidence Tables" /></Field><Field FieldID="150" OrdBy="435" ID="412" Name="Description of the Methods Used to Analyze the Evidence" Type="text"><FieldValue Value="&lt;div class=&quot;content_para&quot;&gt;&lt;p&gt;&lt;strong&gt;Note from the National Guideline Clearinghouse (NGC)&lt;/strong&gt;: The National Institute for Health and Care Excellence (NICE) commissioned an independent academic centre to perform an assessment of the manufacturer's submission (MS) on the technology considered in this appraisal and prepare an Evidence Review Group (ERG) report. The ERG report for this appraisal was prepared by the School of Health and Related Research (ScHARR), the University of Sheffield (see the &quot;Availability of Companion Documents&quot; field).&lt;/p&gt;&#xA;&lt;p&gt;&lt;strong&gt;&lt;span style=&quot;text-decoration: underline;&quot;&gt;Clinical Effectiveness&lt;/span&gt;&lt;/strong&gt;&lt;/p&gt;&#xA;&lt;p&gt;&lt;strong&gt;Critique of Data Extraction&lt;/strong&gt;&lt;/p&gt;&#xA;&lt;p&gt;The data extracted and presented in the MS clinical section appear appropriate and comprehensive. As noted in the manufacturer's response to a clarification question, data extraction was performed by one researcher and checked by a second. Any disagreements were resolved by consensus and if necessary, a third reviewer was consulted.&lt;/p&gt;&#xA;&lt;p&gt;&lt;strong&gt;Quality Assessment&lt;/strong&gt;&lt;/p&gt;&#xA;&lt;p&gt;The validity assessment tool used to appraise the included studies in the MS was based on the minimum criteria for assessment of risk of bias in randomised controlled trials (RCTs), as suggested by the Centre for Reviews and Dissemination. As noted in the manufacturer's response to a clarification question, methodological quality assessment of included studies was performed by one researcher and checked by a second. The ERG acknowledges that the validity assessment tool used in the MS was appropriate.&lt;/p&gt;&#xA;&lt;p&gt;&lt;strong&gt;Evidence Synthesis&lt;/strong&gt;&lt;/p&gt;&#xA;&lt;p&gt;The manufacturer did not undertake a formal meta-analysis as only one rivaroxaban RCT study was considered relevant to the submission. As a result, the manufacturer undertook a narrative synthesis of the evidence; however, no explicit details were provided on how this approach was undertaken. Ideally, a narrative synthesis approach should be pre-specified, justified, rigorous (i.e., describe results without being selective or emphasising some finding over others) and transparent to reduce potential bias. Despite the lack of transparency, the ERG acknowledges that the narrative synthesis approach undertaken by the manufacturer was acceptable.&lt;/p&gt;&#xA;&lt;p&gt;Refer to Section 4 in the ERG report for additional information on clinical effectiveness analysis.&lt;/p&gt;&#xA;&lt;p&gt;&lt;strong&gt;&lt;span style=&quot;text-decoration: underline;&quot;&gt;Cost-effectiveness&lt;/span&gt;&lt;/strong&gt;&lt;/p&gt;&#xA;&lt;p&gt;As no cost-effectiveness studies comparing rivaroxaban plus aspirin with or without clopidogrel to aspirin with or without clopidogrel in the secondary prevention of acute coronary syndrome (ACS) were identified by the manufacturer, a &lt;em&gt;de novo&lt;/em&gt; model was constructed.&lt;/p&gt;&#xA;&lt;p&gt;&lt;strong&gt;The Model Structure&lt;/strong&gt;&lt;/p&gt;&#xA;&lt;p&gt;The manufacturer submitted a state transition cohort model written in Microsoft Excel (Microsoft Corporation, Redmond, Washington). The model used a time horizon of 40 years that was divided into two periods: an observation period which was intended to replicate the duration of the trial data and an extrapolation period. The extrapolation period started after 96 weeks and had a cycle length of 6 months. In the observation period the initial two cycles had a cycle length of 4 and 8 weeks respectively and the remaining cycles used a cycle length of 12 weeks. In the manufacturer's initial submission 96 weeks was assumed to last two years instead of 104 weeks. This discrepancy was introduced by assuming that cycle lengths of 12 weeks represented a quarter of a year (13 weeks).&lt;/p&gt;&#xA;&lt;p&gt;In the manufacturer's response to a clarification question, it was established that these time cycles were chosen so that the model cycles matched the data collection points in the trial. It is unclear to the ERG why this was done, as in the manufacturer&amp;rsquo;s base case Weibull curves were used to interpolate the data. Therefore the manufacturer could obtain transition probabilities between any two time points that they chose, not just the data collection points in the trial data.&lt;/p&gt;&#xA;&lt;p&gt;In the base case, costs and quality-adjusted life-years (QALYs) are both discounted at a rate of 3.5% as recommended by NICE. Half cycle correction was performed on the Markov trace. The model structure is presented in Figure 5 of the ERG report,&lt;/p&gt;&#xA;&lt;p&gt;&lt;strong&gt;The Health States within the Model&lt;/strong&gt;&lt;/p&gt;&#xA;&lt;p&gt;The model consisted of a number of health states corresponding to whether no further ACS event occurred or whether the patient suffered an ACS event. The ACS events considered in the model were: myocardial infarction, ischaemic stroke, haemorrhagic stroke or intracranial haemorrhage; a bleeding event measured on the thrombolysis in myocardial infarction (TIMI) scale; and revascularisation. These ACS events fell into two broad categories: those with longer term implications for the relative risks of developing further conditions, utility and costs; and those deemed to be transient events where the impacts were limited to one model cycle.&lt;/p&gt;&#xA;&lt;p&gt;Refer to Section 5 in the ERG report for additional details about the economic model. &lt;/p&gt;&lt;/div&gt;" /></Field><Field FieldID="112" OrdBy="440" ID="413" Name="Methods Used to Formulate the Recommendations" Type="picklist-choice"><FieldValue Value="Expert Consensus" /></Field><Field FieldID="145" OrdBy="445" ID="414" Name="Description of Methods Used to Formulate the Recommendations" Type="text"><FieldValue Value="&lt;div class=&quot;content_para&quot;&gt;&lt;p&gt;&lt;strong&gt;Considerations&lt;/strong&gt;&lt;/p&gt;&#xA;&lt;p&gt;Technology appraisal recommendations are based on a review of clinical and economic evidence.&lt;/p&gt;&#xA;&lt;p&gt;&lt;strong&gt;Technology Appraisal Process&lt;/strong&gt;&lt;/p&gt;&#xA;&lt;p&gt;The National Institute for Health and Care Excellence (NICE) invites 'consultee' and 'commentator' organisations to take part in the appraisal process. Consultee organisations include national groups representing patients and carers, the bodies representing health professionals, and the manufacturers of the technology under review. Consultees are invited to submit evidence during the appraisal and to comment on the appraisal documents.&lt;/p&gt;&#xA;&lt;p&gt;Commentator organisations include manufacturers of the products with which the technology is being compared, the National Health Service (NHS) Quality Improvement Scotland and research groups working in the area. They can comment on the evidence and other documents but are not asked to submit evidence themselves.&lt;/p&gt;&#xA;&lt;p&gt;NICE then commissions an independent academic centre to review published evidence on the technology and prepare an 'assessment report'. Consultees and commentators are invited to comment on the report. The assessment report and the comments on it are then drawn together in a document called the evaluation report.&lt;/p&gt;&#xA;&lt;p&gt;An independent Appraisal Committee then considers the evaluation report. It holds a meeting where it hears direct, spoken evidence from nominated clinical experts, patients and carers. The Committee uses all the evidence to make its first recommendations, in a document called the 'appraisal consultation document' (ACD). NICE sends all the consultees and commentators a copy of this document and posts it on the NICE Web site. Further comments are invited from everyone taking part.&lt;/p&gt;&#xA;&lt;p&gt;When the Committee meets again it considers any comments submitted on the ACD; then it prepares its final recommendations in a document called the 'final appraisal determination' (FAD). This is submitted to NICE for approval.&lt;/p&gt;&#xA;&lt;p&gt;Consultees have a chance to appeal against the final recommendations in the FAD. If there are no appeals, the final recommendations become the basis of the guidance that NICE issues.&lt;/p&gt;&#xA;&lt;p&gt;&lt;strong&gt;Who Is on the Appraisal Committee?&lt;/strong&gt;&lt;/p&gt;&#xA;&lt;p&gt;NICE technology appraisal recommendations are prepared by an independent committee. This includes health professionals working in the NHS and people who are familiar with the issues affecting patients and carers. Although the Appraisal Committee seeks the views of organisations representing health professionals, patients, carers, manufacturers and government, its advice is independent of any vested interests.&lt;/p&gt;&lt;/div&gt;" /></Field><Field FieldID="146" OrdBy="450" ID="415" Name="Rating Scheme for the Strength of the Recommendations" Type="text"><FieldValue Value="&lt;div class=&quot;content_para&quot;&gt;&lt;p&gt;Not applicable&lt;/p&gt;&lt;/div&gt;" /></Field><Field FieldID="148" OrdBy="460" ID="417" Name="Cost Analysis" Type="text"><FieldValue Value="&lt;div class=&quot;content_para&quot;&gt;&lt;p&gt;&lt;strong&gt;&lt;span style=&quot;text-decoration: underline;&quot;&gt;Summary of Appraisal Committee's Key Conclusions&lt;/span&gt;&lt;/strong&gt;&lt;/p&gt;&#xA;&lt;p&gt;&lt;strong&gt;Availability and Nature of Evidence&lt;/strong&gt;&lt;/p&gt;&#xA;&lt;p&gt;The Committee considered the company's economic model and the review and exploratory sensitivity analyses performed by the Evidence Review Group (ERG).&lt;/p&gt;&#xA;&lt;p&gt;&lt;strong&gt;Uncertainties Around and Plausibility of Assumptions and Inputs in the Economic Model&lt;/strong&gt;&lt;/p&gt;&#xA;&lt;p&gt;The Committee was aware of the ERG's concerns about the structure of the company's economic model and, in particular, that the model is relatively inflexible. This meant that the ERG could not carry out all the exploratory analyses that it deemed potentially relevant. These included amendments to the hazard ratio for fatal bleeds and adjusting for the possibility of informative censoring.&lt;/p&gt;&#xA;&lt;p&gt;&lt;strong&gt;Incorporation of Health-related Quality-of-Life Benefits and Utility Values. Have Any Potential Significant and Substantial Health-related Benefits Been Identified That Were Not Included in the Economic Model, and How Have They Been Considered?&lt;/strong&gt;&lt;/p&gt;&#xA;&lt;p&gt;Not applicable. The Committee did not draw any specific conclusions about the health-related quality of life benefits and utility values.&lt;/p&gt;&#xA;&lt;p&gt;&lt;strong&gt;Are There Specific Groups of People for Whom the Technology Is Particularly Cost Effective?&lt;/strong&gt;&lt;/p&gt;&#xA;&lt;p&gt;The Committee did not identify specific groups of people for whom the technology is particularly cost effective.&lt;/p&gt;&#xA;&lt;p&gt;&lt;strong&gt;What Are the Key Drivers of Cost-effectiveness?&lt;/strong&gt;&lt;/p&gt;&#xA;&lt;p&gt;Not applicable. The Committee did not draw any specific conclusions about the key drivers of cost effectiveness.&lt;/p&gt;&#xA;&lt;p&gt;&lt;strong&gt;Most Likely Cost-effectiveness Estimate (Given as an Incremental Cost-Effectiveness Ratio [ICER])&lt;/strong&gt;&lt;/p&gt;&#xA;&lt;p&gt;The Committee noted that the company's base case ICER was &amp;pound;6203 per quality-adjusted life year (QALY) gained, and the ERG's preferred base case estimate was &amp;pound;5622 per QALY gained. It accepted that there is uncertainty about the validity of the results based on ATLAS-ACS 2-TIMI 51 because of the risk of bias resulting from missing data and informative censoring. However, the Committee considered that the ICERs presented were all within the range that could be considered cost effective and that the results of the ERG's exploratory sensitivity and scenario analyses suggested that the ICER was unlikely to increase to the extent that it would become unacceptable.&lt;/p&gt;&lt;/div&gt;" /></Field><Field FieldID="104" OrdBy="465" ID="418" Name="Method of Guideline Validation" Type="picklist-choice"><FieldValue Value="External Peer Review" /></Field><Field FieldID="130" OrdBy="470" ID="419" Name="Description of Method of Guideline Validation" Type="text"><FieldValue Value="&lt;div class=&quot;content_para&quot;&gt;&lt;p&gt;Consultee organisations from the following groups were invited to comment on the draft scope, Assessment Report and the Appraisal Consultation Document (ACD) and were provided with the opportunity to appeal against the Final Appraisal Determination.&lt;/p&gt;&#xA;&lt;ul style=&quot;list-style-type: disc;&quot;&gt;&#xA;    &lt;li&gt;Manufacturer/sponsors &lt;/li&gt;&#xA;    &lt;li&gt;Professional/specialist and patient/carer groups &lt;/li&gt;&#xA;    &lt;li&gt;Commentator organisations (without the right of appeal) &lt;/li&gt;&#xA;&lt;/ul&gt;&#xA;&lt;p&gt;In addition, individuals selected from clinical expert and patient advocate nominations from the professional/specialist and patient/carer groups were also invited to comment on the ACD.&lt;/p&gt;&lt;/div&gt;" /></Field></Section><Section SecID="420" OrdBy="500" Name="Recommendations"><Field FieldID="151" OrdBy="505" ID="421" Name="Major Recommendations" Type="text"><FieldValue Value="&lt;div class=&quot;content_para&quot;&gt;&lt;p&gt;Rivaroxaban is recommended as an option within its marketing authorisation, in combination with aspirin plus clopidogrel or aspirin alone, for preventing atherothrombotic events in people who have had an acute coronary syndrome (ACS) with elevated cardiac biomarkers.&lt;/p&gt;&#xA;&lt;p&gt;Clinicians should carefully assess the person's risk of bleeding before treatment with rivaroxaban is started. The decision to start treatment should be made after an informed discussion between the clinician and the patient about the benefits and risks of rivaroxaban in combination with aspirin plus clopidogrel or with aspirin alone, compared with aspirin plus clopidogrel or aspirin alone.&lt;/p&gt;&#xA;&lt;p&gt;A decision on continuation of treatment should be taken no later than 12 months after starting treatment. Clinicians should regularly reassess the relative benefits and risks of continuing treatment with rivaroxaban and discuss them with the patient.&lt;/p&gt;&lt;/div&gt;" /></Field><Field FieldID="138" OrdBy="515" ID="423" Name="Clinical Algorithm(s)" Type="text"><FieldValue Value="&lt;div class=&quot;content_para&quot;&gt;&lt;p&gt;None provided&lt;/p&gt;&lt;/div&gt;" /></Field></Section><Section SecID="424" OrdBy="600" Name="Evidence Supporting the Recommendations"><Field FieldID="139" OrdBy="610" ID="426" Name="Type of Evidence Supporting the Recommendations" Type="text"><FieldValue Value="&lt;div class=&quot;content_para&quot;&gt;&lt;p&gt;The type of evidence supporting the recommendations is not specifically stated.&lt;/p&gt;&#xA;&lt;p&gt;The Appraisal Committee considered clinical and cost-effectiveness evidence submitted by the manufacturer of rivaroxaban and a review of this submission by the Evidence Review Group (ERG). The main clinical effectiveness evidence came from an international, multicentre, randomised controlled trial (RCT). For cost-effectiveness, the Appraisal Committee considered the manufacturer's economic model.&lt;/p&gt;&lt;/div&gt;" /></Field></Section><Section SecID="427" OrdBy="700" Name="Benefits/Harms of Implementing the Guideline Recommendations"><Field FieldID="152" OrdBy="705" ID="428" Name="Potential Benefits" Type="text"><FieldValue Value="&lt;div class=&quot;content_para&quot;&gt;&lt;p&gt;Appropriate use of rivaroxaban for preventing adverse outcomes after acute management of acute coronary syndrome (ACS)&lt;/p&gt;&lt;/div&gt;" /></Field><Field FieldID="153" OrdBy="710" ID="429" Name="Potential Harms" Type="text"><FieldValue Value="&lt;div class=&quot;content_para&quot;&gt;&lt;p&gt;The summary of product characteristics includes the following adverse reactions for rivaroxaban: anaemia, dizziness, headache, fainting, bleeding events, tachycardia (rapid heartbeat), low blood pressure, haematoma, stomach pain, dyspepsia (heartburn), nausea, constipation, diarrhoea, vomiting, pruritus (itching), rash, bruising, pain in the extremities, fever, and swelling, especially of the ankles and feet. &lt;/p&gt;&#xA;&lt;p&gt;For full details of adverse reactions and contraindications, see the summary of product characteristics.&lt;/p&gt;&lt;/div&gt;" /></Field></Section><Section SecID="430" OrdBy="800" Name="Contraindications"><Field FieldID="144" OrdBy="805" ID="431" Name="Contraindications" Type="text"><FieldValue Value="&lt;div class=&quot;content_para&quot;&gt;&lt;p&gt;For full details of adverse reactions and contraindications, see the summary of product characteristics.&lt;/p&gt;&lt;/div&gt;" /></Field></Section><Section SecID="432" OrdBy="900" Name="Qualifying Statements"><Field FieldID="137" OrdBy="905" ID="433" Name="Qualifying Statements" Type="text"><FieldValue Value="&lt;ul style=&quot;list-style-type: disc;&quot;&gt;&#xA;    &lt;li&gt;This guidance represents the views of the National Institute for Health and Care Excellence (NICE) and was arrived at after careful consideration of the evidence available. Healthcare professionals are expected to take it fully into account when exercising their clinical judgement. However, the guidance does not override the individual responsibility of healthcare professionals to make decisions appropriate to the circumstances of the individual patient, in consultation with the patient and/or guardian or carer. &lt;/li&gt;&#xA;    &lt;li&gt;Implementation of this guidance is the responsibility of local commissioners and/or providers. Commissioners and providers are reminded that it is their responsibility to implement the guidance, in their local context, in light of their duties to have due regard to the need to eliminate unlawful discrimination, advance equality of opportunity and foster good relations. Nothing in this guidance should be interpreted in a way that would be inconsistent with compliance with those duties. &lt;/li&gt;&#xA;&lt;/ul&gt;" /></Field></Section><Section SecID="434" OrdBy="1000" Name="Implementation of the Guideline"><Field FieldID="131" OrdBy="1010" ID="436" Name="Description of Implementation Strategy" Type="text"><FieldValue Value="&lt;ul style=&quot;list-style-type: disc;&quot;&gt;&#xA;    &lt;li&gt;Section 7(6) of the &lt;a href=&quot;http://www.legislation.gov.uk/uksi/2013/259/contents/made&quot; title=&quot;UK Legislation Web site&quot;&gt;National Institute for Health and Care Excellence (NICE) (Constitution and Functions) and the Health and Social Care Information Centre (Functions) Regulations 2013&lt;/a&gt; requires clinical commissioning groups, National Health Services (NHS) England and, with respect to their public health functions, local authorities to comply with the recommendations in this appraisal within 3 months of its date of publication. &lt;/li&gt;&#xA;    &lt;li&gt;NICE has developed &lt;a href=&quot;http://www.nice.org.uk/guidance/TA335/Resources&quot; title=&quot;NICE Web site&quot;&gt;tools&lt;/a&gt; to estimate the national and local savings and costs associated with implementation. &lt;/li&gt;&#xA;    &lt;li&gt;The Welsh Assembly Minister for Health and Social Services has issued directions to the NHS in Wales on implementing NICE technology appraisal guidance. When a NICE technology appraisal recommends the use of a drug or treatment, or other technology, the NHS in Wales must usually provide funding and resources for it within 3 months of the guidance being published. &lt;/li&gt;&#xA;&lt;/ul&gt;" /></Field><Field FieldID="117" OrdBy="1015" ID="437" Name="Implementation Tools" Type="picklist-many"><FieldValue Value="Mobile Device Resources" /><FieldValue Value="Patient Resources" /><FieldValue Value="Resources" /></Field></Section><Section SecID="439" OrdBy="1100" Name="Institute of Medicine (IOM) National Healthcare Quality Report Categories"><Field FieldID="50" OrdBy="1105" ID="440" Name="IOM Care Need" Type="picklist-many"><FieldValue Value="Getting Better" /><FieldValue Value="Staying Healthy" /></Field><Field FieldID="51" OrdBy="1110" ID="441" Name="IOM Domain" Type="picklist-many"><FieldValue Value="Effectiveness" /><FieldValue Value="Patient-centeredness" /></Field></Section><Section SecID="442" OrdBy="1200" Name="Identifying Information and Availability"><Field FieldID="97" OrdBy="1201" ID="392" Name="Bibliographic Source(s)" Type="citation"><FieldValue Value="&lt;table&gt;&lt;tr&gt;&lt;td&gt;National Institute for Health and Care Excellence (NICE). Rivaroxaban for preventing adverse outcomes after acute management of acute coronary syndrome. London (UK): National Institute for Health and Care Excellence (NICE); 2015 Mar. 43 p.&amp;nbsp;(Technology appraisal guidance; no. 335).&amp;nbsp;&lt;/td&gt;&lt;/tr&gt;&lt;/table&gt;" /></Field><Field FieldID="124" OrdBy="1205" ID="443" Name="Adaptation" Type="text"><FieldValue Value="&lt;div class=&quot;content_para&quot;&gt;&lt;p&gt;Not applicable: The guideline was not adapted from another source.&lt;/p&gt;&lt;/div&gt;" /></Field><Field FieldID="128" OrdBy="1215" ID="445" Name="Date Released" Type="text"><FieldValue Value="2015 Mar" /></Field><Field FieldID="158" OrdBy="1225" ID="447" Name="Guideline Developer(s)" Type="orglist-p"><FieldValue Value="National Institute for Health and Care Excellence (NICE) - National Government Agency [Non-U.S.]" /></Field><Field FieldID="125" OrdBy="1235" ID="449" Name="Source(s) of Funding" Type="text"><FieldValue Value="&lt;div class=&quot;content_para&quot;&gt;&lt;p&gt;National Institute for Health and Care Excellence (NICE)&lt;/p&gt;&lt;/div&gt;" /></Field><Field FieldID="126" OrdBy="1240" ID="450" Name="Guideline Committee" Type="text"><FieldValue Value="&lt;div class=&quot;content_para&quot;&gt;&lt;p&gt;Appraisal Committee&lt;/p&gt;&lt;/div&gt;" /></Field><Field FieldID="127" OrdBy="1245" ID="451" Name="Composition of Group That Authored the Guideline" Type="text"><FieldValue Value="&lt;div class=&quot;content_para&quot;&gt;&lt;p&gt;&lt;em&gt;Committee Members&lt;/em&gt;: Dr Jane Adam (&lt;em&gt;Chair&lt;/em&gt;), Consultant radiologist, Department of Diagnostic Radiology, St George's Hospital, London; Dr Graham Ash, Consultant in General Adult Psychiatry, Lancashire Care NHS Foundation Trust; Professor Thanos Athanasiou, Professor of Cardiovascular Sciences and Cardiac Surgery, Imperial College London, Consultant Cardiothoracic Surgeon, Imperial College Healthcare NHS Trust; Dr Simon Bond, Senior Statistician, Cambridge Clinical Trials Unit; Dr Jeremy Braybrooke, Consultant Medical Oncologist, University Hospitals Bristol NHS Foundation Trust; Dr Gerardine Bryant, GP, Swadlincote, Derbyshire; Professor Aileen Clarke, Professor of Public Health &amp;amp; Health Services Research, University of Warwick; Dr Andrew England, Senior Lecturer, Directorate of Radiography, University of Salford; Dr Brian Hawkins, Chief Pharmacist, Cwm Taf Health Board, South Wales; Dr Peter Heywood, Consultant Neurologist, Frenchay Hospital, Bristol; Dr Anne McCune, Consultant Hepatologist, University Hospitals Bristol NHS Foundation Trust; Professor John McMurray, Professor of Medical Cardiology, University of Glasgow; Dr Alec Miners, Senior Lecturer in Health Economics, London School of Hygiene and Tropical Medicine; Dr Mohit Misra, GP, Queen Elizabeth Hospital, London; Ms Sarah Parry, Clinical Nurse Specialist, Paediatric Pain Management, Bristol Royal Hospital for Children; Ms Pamela Rees, Lay member; Dr Ann Richardson, Lay member; Dr Paul Robinson, Medical Director, Merck Sharp &amp;amp; Dohme; Ms Ellen Rule, Director of Transformation and Service Redesign, Gloucestershire Clinical Commissioning Group; Dr Brian Shine, Consultant Chemical Pathologist, John Radcliffe Hospital, Oxford; Dr Peter Sims, GP, Devon; Mr David Thomson, Lay member; Dr John Watkins, Clinical Senior Lecturer, Cardiff University, Consultant in Public Health Medicine, National Public Health Service Wales; Professor Olivia Wu, Professor of Health Technology Assessment, University of Glasgow&lt;/p&gt;&lt;/div&gt;" /></Field><Field FieldID="147" OrdBy="1250" ID="452" Name="Financial Disclosures/Conflicts of Interest" Type="text"><FieldValue Value="&lt;div class=&quot;content_para&quot;&gt;&lt;p&gt;Committee members are asked to declare any interests in the technology to be appraised. If it is considered there is a conflict of interest, the member is excluded from participating further in that appraisal.&lt;/p&gt;&lt;/div&gt;" /></Field><Field FieldID="120" OrdBy="1256" ID="393" Name="Guideline Status" Type="text"><FieldValue Value="&lt;div class=&quot;content_para&quot;&gt;&lt;p&gt;This is the current release of the guideline.&lt;/p&gt;&#xA;&lt;p&gt;This guideline meets NGC's 2013 (revised) inclusion criteria.&lt;/p&gt;&lt;/div&gt;" /></Field><Field FieldID="118" OrdBy="1260" ID="454" Name="Guideline Availability" Type="text"><FieldValue Value="&lt;div class=&quot;content_para&quot;&gt;&lt;p&gt;Electronic copies: Available from the &lt;a href=&quot;http://www.nice.org.uk/guidance/ta335&quot; title=&quot;NICE Web site&quot;&gt;National Institute for Health and Care Excellence (NICE) Web site&lt;/a&gt;.&lt;/p&gt;&lt;/div&gt;" /></Field><Field FieldID="119" OrdBy="1265" ID="455" Name="Availability of Companion Documents" Type="text"><FieldValue Value="&lt;div class=&quot;content_para&quot;&gt;&lt;p&gt;The following are available:&lt;/p&gt;&#xA;&lt;ul style=&quot;list-style-type: disc;&quot;&gt;&#xA;    &lt;li&gt;Rivaroxaban for preventing adverse outcomes after acute management of acute coronary syndrome. Costing report. London (UK): National Institute for Health and Care Excellence (NICE); 2015 Mar. 11 p. (Technology appraisal guidance; no. 335). Electronic copies: Available from the &lt;a href=&quot;http://www.nice.org.uk/guidance/ta335/resources/ta335-rivaroxaban-for-preventing-adverse-outcomes-after-acute-management-of-acute-coronary-syndrome-costing-report&quot; title=&quot;NICE Web site&quot;&gt;National Institute for Health and Care Excellence (NICE) Web site&lt;/a&gt;. &lt;/li&gt;&#xA;    &lt;li&gt;Rivaroxaban for preventing adverse outcomes after acute management of acute coronary syndrome. Costing template. London (UK): National Institute for Health and Care Excellence; 2015 Mar. (Technology appraisal guidance; no. 335). Electronic copies: Available from the &lt;a href=&quot;https://www.nice.org.uk/guidance/ta335/resources/ta335-rivaroxaban-for-preventing-adverse-outcomes-after-acute-management-of-acute-coronary-syndrome-costing-template&quot; title=&quot;NICE Web site&quot;&gt;NICE Web site&lt;/a&gt;. &lt;/li&gt;&#xA;    &lt;li&gt;Pandor A, Pollard D, Stevenson M, Cantrell A, Chico T, Henderson R. Rivaroxaban for the prevention of adverse outcomes in patients after the acute management of acute coronary syndrome: a single technology appraisal. Sheffield (UK): University of Sheffield School of Health and Related Research (ScHARR); 2014. 126 p. Electronic copies: Available from the &lt;a href=&quot;https://www.nice.org.uk/guidance/ta335/evidence/acute-coronary-syndrome-rivaroxaban-id532-supporting-information2&quot; title=&quot;NICE Web site&quot;&gt;NICE Web site&lt;/a&gt;. &lt;/li&gt;&#xA;&lt;/ul&gt;&lt;/div&gt;" /></Field><Field FieldID="143" OrdBy="1275" ID="457" Name="Patient Resources" Type="text"><FieldValue Value="&lt;div class=&quot;content_para&quot;&gt;&lt;p&gt;The following is available:&lt;/p&gt;&#xA;&lt;ul style=&quot;list-style-type: disc;&quot;&gt;&#xA;    &lt;li&gt;Rivaroxaban for preventing adverse outcomes after acute management of acute coronary syndrome. Information for the public. London (UK): National Institute for Health and Care Excellence (NICE); 2015 Mar. 3 p. (Technology appraisal guidance; no. 335). Electronic copies: Available from the &lt;a href=&quot;https://www.nice.org.uk/guidance/ta335/informationforpublic&quot; title=&quot;NICE Web site&quot;&gt;National Institute for Health and Care Excellence (NICE) Web site&lt;/a&gt;. Also available for download as a Kindle or EPUB ebook from the &lt;a href=&quot;http://www.nice.org.uk/guidance/ta335/informationforpublic&quot; title=&quot;NICE Web site&quot;&gt;NICE Web site&lt;/a&gt;. &lt;/li&gt;&#xA;&lt;/ul&gt;&#xA;&lt;p class=&quot;Disclaimer&quot;&gt;Please note: This patient information is intended to provide health professionals with information to share with their patients to help them better understand their health and their diagnosed disorders. By providing access to this patient information, it is not the intention of NGC to provide specific medical advice for particular patients. Rather we urge patients and their representatives to review this material and then to consult with a licensed health professional for evaluation of treatment options suitable for them as well as for diagnosis and answers to their personal medical questions. This patient information has been derived and prepared from a guideline for health care professionals included on NGC by the authors or publishers of that original guideline. The patient information is not reviewed by NGC to establish whether or not it accurately reflects the original guideline's content.&lt;/p&gt;&lt;/div&gt;" /></Field><Field FieldID="142" OrdBy="1280" ID="458" Name="NGC Status" Type="text"><FieldValue Value="&lt;div class=&quot;content_para&quot;&gt;&lt;p&gt;This NGC summary was completed by ECRI Institute on May 11, 2015.&lt;/p&gt;&#xA;&lt;p&gt;The National Institute for Health and Care Excellence (NICE) has granted the National Guideline Clearinghouse (NGC) permission to include summaries of their Technology Appraisal guidance with the intention of disseminating and facilitating the implementation of that guidance. NICE has not verified this content to confirm that it accurately reflects the original NICE guidance and therefore no guarantees are given by NICE in this regard. All NICE technology appraisal guidance is prepared in relation to the National Health Service in England and Wales. NICE has not been involved in the development or adaptation of NICE guidance for use in any other country. The full versions of all NICE guidance can be found at &lt;a href=&quot;http://www.nice.org.uk&quot; title=&quot;NICE Web site&quot;&gt;www.nice.org.uk&lt;/a&gt;.&lt;/p&gt;&lt;/div&gt;" /></Field><Field FieldID="141" OrdBy="1290" ID="460" Name="Copyright Statement" Type="text"><FieldValue Value="&lt;div class=&quot;content_para&quot;&gt;&lt;p&gt;This NGC summary is based on the original guideline, which is subject to the guideline developer's copyright restrictions.&lt;/p&gt;&lt;/div&gt;" /></Field></Section><Section SecID="99999" OrdBy="99999" Name="Disclaimer"><Field FieldID="99999" OrdBy="99999" ID="99999" Name="NGC Disclaimer" Type="text"><FieldValue Value="&lt;p&gt;The National Guideline Clearinghouse™ (NGC) does not develop, produce, approve, or endorse the guidelines represented on this site.&lt;/p&gt; &#xD;&#xA;&lt;p&gt;All guidelines summarized by NGC and hosted on our site are produced under the auspices of medical specialty societies, relevant professional associations, public or private organizations, other government agencies, health care organizations or plans, and similar entities.&lt;/p&gt; &#xD;&#xA;&lt;p&gt;Guidelines represented on the NGC Web site are submitted by guideline developers, and are screened solely to determine that they meet the NGC Inclusion Criteria which may be found at &lt;a href=&quot;/about/inclusion-criteria.aspx&quot;&gt;http://www.guideline.gov/about/inclusion-criteria.aspx&lt;/a&gt;.&lt;/p&gt; &#xD;&#xA;&lt;p&gt;NGC, AHRQ, and its contractor ECRI Institute make no warranties concerning the content or clinical efficacy or effectiveness of the clinical practice guidelines and related materials represented on this site. Moreover, the views and opinions of developers or authors of guidelines represented on this site do not necessarily state or reflect those of NGC, AHRQ, or its contractor ECRI Institute, and inclusion or hosting of guidelines in NGC may not be used for advertising or commercial endorsement purposes.&lt;/p&gt; &#xD;&#xA;&lt;p&gt;Readers with questions regarding guideline content are directed to contact the guideline developer.&lt;/p&gt;" /></Field></Section></Version>
