<Version><xmlsource>This XML content was developed by AHRQ's contractor ECRI Institute for the National Guideline Clearinghouse (NGC).</xmlsource><Section SecID="390" OrdBy="100" Name="General"><Field FieldID="161" OrdBy="105" ID="391" Name="Guideline Title" Type="text"><FieldValue Value="&lt;div class=&quot;content_title&quot;&gt;KDIGO clinical practice guideline for lipid management in chronic kidney disease.&lt;/div&gt;" /></Field><Field FieldID="97" OrdBy="110" ID="392" Name="Bibliographic Source(s)" Type="citation"><FieldValue Value="&lt;table&gt;&lt;tr&gt;&lt;td&gt;KDIGO clinical practice guideline for lipid management in chronic kidney disease. Kidney Int Suppl. 2013 Nov;3(3):259-305. [114 references]&lt;/td&gt;&lt;/tr&gt;&lt;/table&gt;" /></Field><Field FieldID="120" OrdBy="115" ID="393" Name="Guideline Status" Type="text"><FieldValue Value="&lt;div class=&quot;content_para&quot;&gt;&lt;p&gt;This is the current release of the guideline.&lt;/p&gt;&#xD;&#xA;&lt;p&gt;This guideline meets NGC's 2013 (revised) inclusion criteria.&lt;/p&gt;&lt;/div&gt;" /></Field><Field Name ="UMLS Concepts"><FieldValue Value="ICD9CM: Chronic kidney disease, unspecified  (585.9); End stage renal disease  (585.6); Unspecified disorder of lipoid metabolism  (272.9)"/><FieldValue Value="MSH: Azetidines ; Drug Therapy, Combination ; Dyslipidemias ; Hydroxymethylglutaryl-CoA Reductase Inhibitors ; Kidney Failure, Chronic ; Life Style ; Lipid Metabolism Disorders "/><FieldValue Value="MTH: Azetidines ; Chronic Kidney Diseases ; Combination Drug Therapy ; Hydroxymethylglutaryl-CoA Reductase Inhibitors ; Kidney Failure, Chronic ; Life Style ; Lifestyle change therapy ; Lipid Metabolism Disorders "/><FieldValue Value="SNOMEDCT_US: Disorder of lipid metabolism  (267431006); Dyslipidemia  (370992007); End stage renal disease  (46177005); End stage renal disease  (90688005); Ezetimibe  (408041006); Ezetimibe  (409149001); Fasting lipid profile  (252150008); HMG-CoA reductase inhibitor  (372912004); HMG-CoA reductase inhibitor  (96302009); Life style  (134436002); Life style  (60134006)"/></Field></Section><Section SecID="396" OrdBy="300" Name="Scope"><Field FieldID="140" OrdBy="305" ID="397" Name="Disease/Condition(s)" Type="text"><FieldValue Value="&lt;ul style=&quot;list-style-type: disc;&quot;&gt;&#xD;&#xA;    &lt;li&gt;Chronic kidney disease (CKD) &lt;/li&gt;&#xD;&#xA;    &lt;li&gt;Dyslipidemia &lt;/li&gt;&#xD;&#xA;&lt;/ul&gt;" /></Field><Field FieldID="103" OrdBy="310" ID="398" Name="Guideline Category" Type="picklist-many"><FieldValue Value="Counseling" /><FieldValue Value="Evaluation" /><FieldValue Value="Management" /><FieldValue Value="Prevention" /><FieldValue Value="Screening" /><FieldValue Value="Treatment" /></Field><Field FieldID="113" OrdBy="315" ID="399" Name="Clinical Specialty" Type="picklist-many"><FieldValue Value="Cardiology" /><FieldValue Value="Critical Care" /><FieldValue Value="Family Practice" /><FieldValue Value="Internal Medicine" /><FieldValue Value="Nephrology" /><FieldValue Value="Pediatrics" /><FieldValue Value="Preventive Medicine" /></Field><Field FieldID="114" OrdBy="320" ID="400" Name="Intended Users" Type="picklist-many"><FieldValue Value="Advanced Practice Nurses" /><FieldValue Value="Health Care Providers" /><FieldValue Value="Nurses" /><FieldValue Value="Pharmacists" /><FieldValue Value="Physician Assistants" /><FieldValue Value="Physicians" /></Field><Field FieldID="129" OrdBy="325" ID="401" Name="Guideline Objective(s)" Type="text"><FieldValue Value="&lt;ul style=&quot;list-style-type: disc;&quot;&gt;&#xD;&#xA;    &lt;li&gt;To develop an evidence based clinical practice guideline (CPG) for the management of dyslipidemia and chronic kidney disease (CKD) &lt;/li&gt;&#xD;&#xA;    &lt;li&gt;To assist the practitioner caring for patients with CKD and dyslipidemia and to prevent deaths, cardiovascular disease (CVD) events, and progression to kidney failure while optimizing patients' quality of life &lt;/li&gt;&#xD;&#xA;&lt;/ul&gt;" /></Field><Field FieldID="132" OrdBy="330" ID="402" Name="Target Population" Type="text"><FieldValue Value="&lt;div class=&quot;content_para&quot;&gt;&lt;p&gt;Adults and children with chronic kidney disease (CKD) and dyslipidemia&lt;/p&gt;&lt;/div&gt;" /></Field><Field FieldID="133" OrdBy="335" ID="403" Name="Interventions and Practices Considered" Type="text"><FieldValue Value="&lt;ol style=&quot;list-style-type: decimal;&quot; start=&quot;1&quot;&gt;&#xD;&#xA;    &lt;li&gt;Evaluation with a lipid profile, including follow-up measurement in children &lt;/li&gt;&#xD;&#xA;    &lt;li&gt;Initiation of statin treatment for adults, as indicated&#xD;&#xA;    &lt;ul style=&quot;list-style-type: disc;&quot;&gt;&#xD;&#xA;        &lt;li&gt;Statins &lt;/li&gt;&#xD;&#xA;        &lt;li&gt;Statin/ezetimibe combination &lt;/li&gt;&#xD;&#xA;    &lt;/ul&gt;&#xD;&#xA;    &lt;/li&gt;&#xD;&#xA;    &lt;li&gt;Therapeutic lifestyle changes &lt;/li&gt;&#xD;&#xA;&lt;/ol&gt;&#xD;&#xA;&lt;p class=&quot;Note&quot;&gt;&lt;strong&gt;Note&lt;/strong&gt;: Statin treatment is considered but not recommended in children.&lt;/p&gt;" /></Field><Field FieldID="134" OrdBy="340" ID="404" Name="Major Outcomes Considered" Type="text"><FieldValue Value="&lt;ul style=&quot;list-style-type: disc;&quot;&gt;&#xD;&#xA;    &lt;li&gt;Mortality, including cardiovascular mortality &lt;/li&gt;&#xD;&#xA;    &lt;li&gt;Cardiovascular and cerebrovascular events &lt;/li&gt;&#xD;&#xA;    &lt;li&gt;End-stage renal disease &lt;/li&gt;&#xD;&#xA;    &lt;li&gt;Graft failure &lt;/li&gt;&#xD;&#xA;    &lt;li&gt;Changes in serum creatinine and glomerular filtration rate &lt;/li&gt;&#xD;&#xA;    &lt;li&gt;Changes in total cholesterol, low-density lipoprotein cholesterol, and high-density lipoprotein cholesterol &lt;/li&gt;&#xD;&#xA;    &lt;li&gt;Adverse events &lt;/li&gt;&#xD;&#xA;&lt;/ul&gt;" /></Field></Section><Section SecID="405" OrdBy="400" Name="Methodology"><Field FieldID="109" OrdBy="405" ID="406" Name="Methods Used to Collect/Select the Evidence" Type="picklist-many"><FieldValue Value="Searches of Electronic Databases" /></Field><Field FieldID="135" OrdBy="410" ID="407" Name="Description of Methods Used to Collect/Select the Evidence" Type="text"><FieldValue Value="&lt;div class=&quot;content_para&quot;&gt;&lt;p&gt;Systematic search strategies were developed by the evidence review team (ERT) with input from the Work Group Co-Chairs. Modules were created for randomized controlled trials (RCTs), kidney disease, dyslipidemia, and lipid lowering agents. For the primary search, search terms were limited to the year 2000 and later to capture trials that would affect current clinical practice and because the Kidney Disease: Improving Global Outcomes (KDOQI) dyslipidemia guideline covered through 2000. Five new topics were added to the KDOQI systematic review for studies in the general population: effect of diet or lifestyle modification; an update of drug interactions with statins and fibrates; changes in low-density lipoprotein cholesterol (LDL-C) levels associated with various statins; adverse events from statin and fibrate use; and frequency of lipid-level testing. These searches were not restricted to 2000 and later. The text words or medical subject headings (MeSH) that were included are provided in the Supplemental Appendix 1 in the original guideline document. In addition, the ERT searched for existing relevant systematic reviews. The final searches were conducted in August 2011. The ERT searched MEDLINE, Cochrane Central Register of Controlled Trials, and Cochrane Database of Systematic Reviews. The ERT also relied on Work Group members to identify large, general population RCTs reporting on chronic kidney disease (CKD) subgroups. The search yield was also supplemented by articles provided by Work Group members through June 2013.&lt;/p&gt;&#xD;&#xA;&lt;p&gt;For selection of studies, all members of ERT independently and manually screened the abstracts using the computerized screening program Abstrackr. To establish relevance and consensus among reviewers, the entire team screened and achieved consensus on an initial batch of 500 abstracts. A total of 11,337 citations were initially screened. Journal articles reporting original data, meta-analyses, and systematic reviews were selected for evidence review, based on &lt;em&gt;a priori&lt;/em&gt; criteria for eligible evidence. Editorials, letters, abstracts, unpublished reports, and articles published in non&amp;ndash;peer-reviewed journals were not included. The Work Group also decided to exclude publications from journal supplements because of potential differences in the process of how they are solicited, selected, reviewed, and edited compared to peer-reviewed publications. The overall search yield along with the number of abstracts identified and articles reviewed for each topic are presented in Table 8 in the original guideline document.&lt;/p&gt;&lt;/div&gt;" /></Field><Field FieldID="136" OrdBy="415" ID="408" Name="Number of Source Documents" Type="text"><FieldValue Value="&lt;div class=&quot;content_para&quot;&gt;&lt;p&gt;Not stated&lt;/p&gt;&lt;/div&gt;" /></Field><Field FieldID="115" OrdBy="420" ID="409" Name="Methods Used to Assess the Quality and Strength of the Evidence" Type="picklist-choice"><FieldValue Value="Weighting According to a Rating Scheme (Scheme Given)" /></Field><Field FieldID="149" OrdBy="425" ID="410" Name="Rating Scheme for the Strength of the Evidence" Type="text"><FieldValue Value="&lt;div class=&quot;content_para&quot;&gt;&lt;p&gt;&lt;strong&gt;Grading of Recommendations Assessment, Development and Evaluation (GRADE) System for Grading Quality of Evidence for an Outcome&lt;/strong&gt;&lt;/p&gt;&#xD;&#xA;&lt;table border=&quot;1&quot; cellspacing=&quot;1&quot; cellpadding=&quot;3&quot; summary=&quot;Table: Grading of Recommendations Assessment, Development and Evaluation (GRADE) System for Grading Quality of Evidence for an Outcome&quot;&gt;&#xD;&#xA;    &lt;tbody&gt;&#xD;&#xA;        &lt;tr&gt;&#xD;&#xA;            &lt;th valign=&quot;top&quot; colspan=&quot;2&quot;&gt;Step 1: Starting Grade for Quality of Evidence Based on Study Design&lt;/th&gt;&#xD;&#xA;        &lt;/tr&gt;&#xD;&#xA;        &lt;tr&gt;&#xD;&#xA;            &lt;td valign=&quot;top&quot;&gt;Randomized trials&lt;/td&gt;&#xD;&#xA;            &lt;td valign=&quot;top&quot;&gt;High&lt;/td&gt;&#xD;&#xA;        &lt;/tr&gt;&#xD;&#xA;        &lt;tr&gt;&#xD;&#xA;            &lt;td valign=&quot;top&quot;&gt;Observational study&lt;/td&gt;&#xD;&#xA;            &lt;td valign=&quot;top&quot;&gt;Low&lt;/td&gt;&#xD;&#xA;        &lt;/tr&gt;&#xD;&#xA;        &lt;tr&gt;&#xD;&#xA;            &lt;td valign=&quot;top&quot;&gt;Any other evidence&lt;/td&gt;&#xD;&#xA;            &lt;td valign=&quot;top&quot;&gt;Very low&lt;/td&gt;&#xD;&#xA;        &lt;/tr&gt;&#xD;&#xA;        &lt;tr&gt;&#xD;&#xA;            &lt;th valign=&quot;top&quot; colspan=&quot;2&quot;&gt;Step 2: Reduce Grade&lt;/th&gt;&#xD;&#xA;        &lt;/tr&gt;&#xD;&#xA;        &lt;tr&gt;&#xD;&#xA;            &lt;td valign=&quot;top&quot;&gt;Study quality&lt;/td&gt;&#xD;&#xA;            &lt;td valign=&quot;top&quot;&gt;-1 level if serious limitations&lt;br /&gt;&#xD;&#xA;            -2 levels if very serious limitations&lt;/td&gt;&#xD;&#xA;        &lt;/tr&gt;&#xD;&#xA;        &lt;tr&gt;&#xD;&#xA;            &lt;td valign=&quot;top&quot;&gt;Consistency&lt;/td&gt;&#xD;&#xA;            &lt;td valign=&quot;top&quot;&gt;-1 level if important inconsistency&lt;/td&gt;&#xD;&#xA;        &lt;/tr&gt;&#xD;&#xA;        &lt;tr&gt;&#xD;&#xA;            &lt;td valign=&quot;top&quot;&gt;Directness&lt;/td&gt;&#xD;&#xA;            &lt;td valign=&quot;top&quot;&gt;-1 level if some uncertainty&lt;br /&gt;&#xD;&#xA;            -2 levels if major uncertainty&lt;/td&gt;&#xD;&#xA;        &lt;/tr&gt;&#xD;&#xA;        &lt;tr&gt;&#xD;&#xA;            &lt;td valign=&quot;top&quot;&gt;Other&lt;/td&gt;&#xD;&#xA;            &lt;td valign=&quot;top&quot;&gt;-1 level if sparse or imprecise data&lt;sup&gt;c&lt;/sup&gt;&lt;br /&gt;&#xD;&#xA;            -1 level if high probability of reporting bias&lt;/td&gt;&#xD;&#xA;        &lt;/tr&gt;&#xD;&#xA;        &lt;tr&gt;&#xD;&#xA;            &lt;th valign=&quot;top&quot; colspan=&quot;2&quot;&gt;Step 3: Raise Grade&lt;/th&gt;&#xD;&#xA;        &lt;/tr&gt;&#xD;&#xA;        &lt;tr&gt;&#xD;&#xA;            &lt;td valign=&quot;top&quot;&gt;Strength of association&lt;/td&gt;&#xD;&#xA;            &lt;td valign=&quot;top&quot;&gt;+1 level if strong,&lt;sup&gt;a&lt;/sup&gt; no plausible confounders&lt;br /&gt;&#xD;&#xA;            +2 levels if very strong,&lt;sup&gt;b&lt;/sup&gt; no major threats to validity&lt;/td&gt;&#xD;&#xA;        &lt;/tr&gt;&#xD;&#xA;        &lt;tr&gt;&#xD;&#xA;            &lt;td valign=&quot;top&quot;&gt;Other&lt;/td&gt;&#xD;&#xA;            &lt;td valign=&quot;top&quot;&gt;+1 level if evidence of a dose&amp;ndash;response gradient&lt;br /&gt;&#xD;&#xA;            +1 level if all residual plausible confounders would have reduced the observed effect&lt;/td&gt;&#xD;&#xA;        &lt;/tr&gt;&#xD;&#xA;        &lt;tr&gt;&#xD;&#xA;            &lt;th valign=&quot;top&quot; colspan=&quot;2&quot;&gt;Final Grade for Quality of Evidence and Definition&lt;/th&gt;&#xD;&#xA;        &lt;/tr&gt;&#xD;&#xA;        &lt;tr&gt;&#xD;&#xA;            &lt;td valign=&quot;top&quot;&gt;High&lt;/td&gt;&#xD;&#xA;            &lt;td valign=&quot;top&quot;&gt;Further research is unlikely to change confidence in the estimate of the effect.&lt;/td&gt;&#xD;&#xA;        &lt;/tr&gt;&#xD;&#xA;        &lt;tr&gt;&#xD;&#xA;            &lt;td valign=&quot;top&quot;&gt;Moderate&lt;/td&gt;&#xD;&#xA;            &lt;td valign=&quot;top&quot;&gt;Further research is likely to have an important impact on confidence in the estimate of effect, and may change the estimate.&lt;/td&gt;&#xD;&#xA;        &lt;/tr&gt;&#xD;&#xA;        &lt;tr&gt;&#xD;&#xA;            &lt;td valign=&quot;top&quot;&gt;Low&lt;/td&gt;&#xD;&#xA;            &lt;td valign=&quot;top&quot;&gt;Further research is very likely to have an important impact on confidence in the estimate, and may change the estimate.&lt;/td&gt;&#xD;&#xA;        &lt;/tr&gt;&#xD;&#xA;        &lt;tr&gt;&#xD;&#xA;            &lt;td valign=&quot;top&quot;&gt;Very low&lt;/td&gt;&#xD;&#xA;            &lt;td valign=&quot;top&quot;&gt;Any estimate of effect is very uncertain.&lt;/td&gt;&#xD;&#xA;        &lt;/tr&gt;&#xD;&#xA;    &lt;/tbody&gt;&#xD;&#xA;&lt;/table&gt;&#xD;&#xA;&lt;p class=&quot;Note&quot;&gt;&lt;sup&gt;a&lt;/sup&gt;Strong evidence of association is defined as 'significant relative risk (RR) of &amp;gt;2 (&amp;lt;0.5)' based on consistent evidence from two or more observational studies, with no plausible confounders.&lt;br /&gt;&#xD;&#xA;&lt;sup&gt;b&lt;/sup&gt;Very strong evidence of association is defined as 'significant RR of &amp;gt;5 (&amp;lt;0.2)' based on direct evidence with no major threats to validity.&lt;br /&gt;&#xD;&#xA;&lt;sup&gt;c&lt;/sup&gt;Sparse if there is only one study or if total N &amp;lt;100. Imprecise if there is a low event rate (0 or 1 event) in either arm or confidence interval spanning a range &amp;lt;0.5 to &amp;gt;2.0.&lt;/p&gt;&#xD;&#xA;&lt;p class=&quot;Note&quot;&gt;Adapted by permission from Macmillan Publishers Ltd, &lt;em&gt;Kidney International&lt;/em&gt;. Uhlig et al. Grading evidence and recommendations for clinical practice guidelines in nephrology. A position statement from Kidney Disease: Improving Global Outcomes (KDIGO). Kidney Int 2006; 70: 2058&amp;ndash;2065.&lt;/p&gt;&#xD;&#xA;&lt;p&gt;&lt;strong&gt;Final Grade for Overall Quality of Evidence&lt;/strong&gt;&lt;/p&gt;&#xD;&#xA;&lt;table border=&quot;1&quot; cellspacing=&quot;1&quot; cellpadding=&quot;3&quot; summary=&quot;Table: Final Grade for Overall Quality of Evidence&quot;&gt;&#xD;&#xA;    &lt;thead&gt;&#xD;&#xA;        &lt;tr&gt;&#xD;&#xA;            &lt;th class=&quot;Center&quot; valign=&quot;top&quot;&gt;Grade&lt;/th&gt;&#xD;&#xA;            &lt;th class=&quot;Center&quot; valign=&quot;top&quot;&gt;Quality of Evidence&lt;/th&gt;&#xD;&#xA;            &lt;th class=&quot;Center&quot; valign=&quot;top&quot;&gt;Meaning&lt;/th&gt;&#xD;&#xA;        &lt;/tr&gt;&#xD;&#xA;    &lt;/thead&gt;&#xD;&#xA;    &lt;tbody&gt;&#xD;&#xA;        &lt;tr&gt;&#xD;&#xA;            &lt;td class=&quot;Center&quot; valign=&quot;top&quot;&gt;A&lt;/td&gt;&#xD;&#xA;            &lt;td class=&quot;Center&quot; valign=&quot;top&quot;&gt;High&lt;/td&gt;&#xD;&#xA;            &lt;td valign=&quot;top&quot;&gt;The Work Group is confident that the true effect lies close to that of the estimate of the effect.&lt;/td&gt;&#xD;&#xA;        &lt;/tr&gt;&#xD;&#xA;        &lt;tr&gt;&#xD;&#xA;            &lt;td class=&quot;Center&quot; valign=&quot;top&quot;&gt;B&lt;/td&gt;&#xD;&#xA;            &lt;td class=&quot;Center&quot; valign=&quot;top&quot;&gt;Moderate&lt;/td&gt;&#xD;&#xA;            &lt;td valign=&quot;top&quot;&gt;The true effect is likely to be close to the estimate of the effect, but there is a possibility that it is substantially different.&lt;/td&gt;&#xD;&#xA;        &lt;/tr&gt;&#xD;&#xA;        &lt;tr&gt;&#xD;&#xA;            &lt;td class=&quot;Center&quot; valign=&quot;top&quot;&gt;C&lt;/td&gt;&#xD;&#xA;            &lt;td class=&quot;Center&quot; valign=&quot;top&quot;&gt;Low&lt;/td&gt;&#xD;&#xA;            &lt;td valign=&quot;top&quot;&gt;The true effect may be substantially different from the estimate of the effect.&lt;/td&gt;&#xD;&#xA;        &lt;/tr&gt;&#xD;&#xA;        &lt;tr&gt;&#xD;&#xA;            &lt;td class=&quot;Center&quot; valign=&quot;top&quot;&gt;D&lt;/td&gt;&#xD;&#xA;            &lt;td class=&quot;Center&quot; valign=&quot;top&quot;&gt;Very Low&lt;/td&gt;&#xD;&#xA;            &lt;td valign=&quot;top&quot;&gt;The estimate of effect is very uncertain, and often will be far from the truth.&lt;/td&gt;&#xD;&#xA;        &lt;/tr&gt;&#xD;&#xA;    &lt;/tbody&gt;&#xD;&#xA;&lt;/table&gt;&lt;/div&gt;" /></Field><Field FieldID="116" OrdBy="430" ID="411" Name="Methods Used to Analyze the Evidence" Type="picklist-many"><FieldValue Value="Review of Published Meta-Analyses" /><FieldValue Value="Systematic Review with Evidence Tables" /></Field><Field FieldID="150" OrdBy="435" ID="412" Name="Description of the Methods Used to Analyze the Evidence" Type="text"><FieldValue Value="&lt;div class=&quot;content_para&quot;&gt;&lt;p&gt;&lt;strong&gt;&lt;span style=&quot;text-decoration: underline;&quot;&gt;Data Extraction&lt;/span&gt;&lt;/strong&gt;&lt;/p&gt;&#xD;&#xA;&lt;p&gt;Data extraction was done by an evidence review team (ERT) member. Although no duplicate extraction was independently performed, data from each study was examined by another reviewer to confirm accuracy. The ERT, in consultation with the Work Group Co-Chairs, designed forms to capture data on design, methodology, sample characteristics, interventions, comparators, outcomes, results, and limitations of individual studies. Methodology and outcomes were also systematically graded (see the section on grading below) and recorded during the data extraction process.&lt;/p&gt;&#xD;&#xA;&lt;p&gt;&lt;strong&gt;&lt;span style=&quot;text-decoration: underline;&quot;&gt;Summary Tables&lt;/span&gt;&lt;/strong&gt;&lt;/p&gt;&#xD;&#xA;&lt;p&gt;Summary tables were developed for each comparison of interest. Summary tables contain outcomes of interest, relevant population characteristics, description of intervention and comparator, results, and quality grading for each outcome. Categorical outcomes and continuous lipid outcomes were tabulated separately. For studies not exclusively examining chronic kidney disease (CKD) populations, only those reporting analysis by CKD subgroups were tabulated. Work Group members proofed all summary table data and quality assessments. Summary tables are available at &lt;a href=&quot;http://www.kdigo.org/home/guidelines/lipids&quot; title=&quot;KDIGO Web site&quot;&gt;http://www.kdigo.org/home/guidelines/lipids&lt;/a&gt;.&lt;/p&gt;&#xD;&#xA;&lt;p&gt;&lt;strong&gt;&lt;span style=&quot;text-decoration: underline;&quot;&gt;Evidence Profiles&lt;/span&gt;&lt;/strong&gt;&lt;/p&gt;&#xD;&#xA;&lt;p&gt;Evidence profiles were constructed to assess the quality and record quality grades and descriptions of effect for each outcome across studies, as well as the quality of overall evidence and description of net benefits or harms of the intervention or comparator across all outcomes. These profiles aim to make the evidence synthesis process transparent. Decisions in the evidence profiles were based on data from the primary studies listed in corresponding summary tables and on judgments of the ERT and Work Group. When the body of evidence for a particular comparison of interest consisted of only one study, the summary table provided the final level of synthesis and an evidence profile was not generated. Each evidence profile was initially constructed by the ERT and then reviewed, edited, and approved by the Work Group. The work products created by the ERT for summarizing the evidence base are listed in Table 9 in the original guideline document.&lt;/p&gt;&#xD;&#xA;&lt;p&gt;&lt;strong&gt;&lt;span style=&quot;text-decoration: underline;&quot;&gt;Grading of Quality of Evidence for Outcomes of Individual Studies&lt;/span&gt;&lt;/strong&gt;&lt;/p&gt;&#xD;&#xA;&lt;p&gt;Methodological quality (internal validity) refers to the design, conduct, and reporting of outcomes of a clinical study. A previously devised three-level classification system for quality assessment was used to grade the overall study quality and quality of all relevant outcomes in the study (see Table 10 in the original guideline document). Grading of individual studies was done by one of the reviewers, then confirmed by another, and finalized in a group meeting. Variations of this system have been used in most Kidney Disease Outcomes Quality Initiative (KDOQI) and all Kidney Disease: Improving Global Outcomes (KDIGO) guidelines and have been recommended by the US Agency for Healthcare Research and Quality Evidence-based Practice Center program.&lt;/p&gt;&#xD;&#xA;&lt;p&gt;Each study was given an overall quality grade based on its design, methodology (randomization, allocation, blinding, definition of outcomes, appropriate use of statistical methods, etc.), conduct (dropout percentage, outcome assessment methodologies, etc.) and reporting (internal consistency, clarity, thoroughness and precision, etc.). Each reported outcome was then evaluated and given an individual grade depending on the quality of reporting and methodological issues specific to that outcome. However, the quality grade of an individual outcome could not exceed the quality grade for the overall study.&lt;/p&gt;&#xD;&#xA;&lt;p&gt;&lt;strong&gt;&lt;span style=&quot;text-decoration: underline;&quot;&gt;Grading the Quality of Evidence and the Strength of a Guideline Recommendation&lt;/span&gt;&lt;/strong&gt;&lt;/p&gt;&#xD;&#xA;&lt;p&gt;A structured approach, based on Grading of Recommendations Assessment, Development, and Evaluation (GRADE) and facilitated by the use of evidence profiles, was used to grade the quality of the overall evidence and the strength of recommendations. For each topic, the discussion on grading of the quality of the evidence was led by the ERT, and the discussion regarding the strength of the recommendations was led by the Work Group Co-Chairs. The &quot;quality of a body of evidence&quot; refers to the extent to which our confidence in an estimate of effect is sufficient to support a particular recommendation.&lt;/p&gt;&#xD;&#xA;&lt;p&gt;&lt;strong&gt;Grading the Quality of Evidence for Each Outcome Across Studies&lt;/strong&gt;&lt;/p&gt;&#xD;&#xA;&lt;p&gt;Following GRADE, the quality of a body of evidence pertaining to a particular outcome of interest was initially categorized on the basis of study design. For questions of interventions, the initial quality grade was 'High' if the body of evidence consisted of RCTs, 'Low' if it consisted of observational studies, and 'Very Low' if it consisted of studies of other study designs. For questions of interventions, the Work Group decided to use only RCTs. The grade for the quality of evidence for each intervention&amp;ndash;outcome pair was then lowered if there were serious limitations to the methodological quality of the aggregate of studies, if there were important inconsistencies in the results across studies, if there was uncertainty about the directness of evidence including limited applicability of the findings to the population of interest, if the data were imprecise (a low event rate [0 or 1 event] in either arm or a confidence interval [CI] spanning a range &amp;gt;1) or sparse (only 1 study or total N &amp;lt;500), or if there was thought to be a high likelihood of bias. Once consensus is reached in a group meeting, the final grade for the quality of the evidence for an intervention&amp;ndash;outcome pair could be one of the following four grades: 'High', 'Moderate', 'Low' or 'Very Low' (see Table 11 in the original guideline document).&lt;/p&gt;&#xD;&#xA;&lt;p&gt;&lt;strong&gt;Grading the Overall Quality of Evidence&lt;/strong&gt;&lt;/p&gt;&#xD;&#xA;&lt;p&gt;The quality of the overall body of evidence was then determined on the basis of the quality grades for all outcomes of interest, taking into account explicit judgments about the relative importance of each outcome. The resulting four final categories for the quality of overall evidence were: 'A', 'B', 'C' or 'D' (see Table 12 in the original guideline document).&lt;/p&gt;&#xD;&#xA;&lt;p&gt;See the original guideline document for CKD subgroup analyses and assessment of net health benefit across all important clinical outcomes.&lt;/p&gt;&lt;/div&gt;" /></Field><Field FieldID="112" OrdBy="440" ID="413" Name="Methods Used to Formulate the Recommendations" Type="picklist-choice"><FieldValue Value="Expert Consensus" /></Field><Field FieldID="145" OrdBy="445" ID="414" Name="Description of Methods Used to Formulate the Recommendations" Type="text"><FieldValue Value="&lt;div class=&quot;content_para&quot;&gt;&lt;p&gt;&lt;strong&gt;&lt;span style=&quot;text-decoration: underline;&quot;&gt;Overview of Process&lt;/span&gt;&lt;/strong&gt;&lt;/p&gt;&#xD;&#xA;&lt;p&gt;The development process for the &lt;em&gt;Kidney Disease: Improving Global Outcomes (KDIGO) Clinical Practice Guideline for Lipid Management in Chronic Kidney Disease (CKD)&lt;/em&gt; included the following steps:&lt;/p&gt;&#xD;&#xA;&lt;ul style=&quot;list-style-type: disc;&quot;&gt;&#xD;&#xA;    &lt;li&gt;Appointing Work Group members and the evidence review team (ERT) &lt;/li&gt;&#xD;&#xA;    &lt;li&gt;Discussing process, methods, and results &lt;/li&gt;&#xD;&#xA;    &lt;li&gt;Developing and refining topics &lt;/li&gt;&#xD;&#xA;    &lt;li&gt;Identifying populations, interventions or predictors, and outcomes of interest &lt;/li&gt;&#xD;&#xA;    &lt;li&gt;Selecting topics for systematic evidence review &lt;/li&gt;&#xD;&#xA;    &lt;li&gt;Standardizing quality assessment methodology &lt;/li&gt;&#xD;&#xA;    &lt;li&gt;Developing and implementing literature search strategies &lt;/li&gt;&#xD;&#xA;    &lt;li&gt;Screening abstracts and retrieving full-text articles on the basis of pre-defined eligibility criteria &lt;/li&gt;&#xD;&#xA;    &lt;li&gt;Creating data extraction forms &lt;/li&gt;&#xD;&#xA;    &lt;li&gt;Extracting data and performing critical appraisal of the literature &lt;/li&gt;&#xD;&#xA;    &lt;li&gt;Grading the methodology and outcomes in individual studies &lt;/li&gt;&#xD;&#xA;    &lt;li&gt;Tabulating data from individual studies into summary tables &lt;/li&gt;&#xD;&#xA;    &lt;li&gt;Grading quality of evidence for each outcome across studies, and assessing the overall quality of evidence across outcomes with the aid of evidence profiles &lt;/li&gt;&#xD;&#xA;    &lt;li&gt;Grading the strength of recommendations on the basis of the quality of evidence and other considerations &lt;/li&gt;&#xD;&#xA;    &lt;li&gt;Finalizing guideline recommendations and supporting rationales &lt;/li&gt;&#xD;&#xA;    &lt;li&gt;Sending the guideline draft for peer review to the KDIGO Board of Directors in August 2012 and for public review in November 2012 &lt;/li&gt;&#xD;&#xA;    &lt;li&gt;Editing the guideline &lt;/li&gt;&#xD;&#xA;    &lt;li&gt;Publishing the final version of the guideline &lt;/li&gt;&#xD;&#xA;&lt;/ul&gt;&#xD;&#xA;&lt;p&gt;The Work Group Co-Chairs, KDIGO Co-Chairs and ERT met for a two-day meeting to go over the guideline development process, evidence review topics, and systematic review findings. Following this, the Work Group, KDIGO Co-Chairs and KDIGO support staff met held a two-day meeting to revisit the available evidence, formulate recommendation statements, deliberate on rationale for recommendations, and to develop consensus.&lt;/p&gt;&#xD;&#xA;&lt;p&gt;&lt;strong&gt;&lt;span style=&quot;text-decoration: underline;&quot;&gt;Commissioning of Work Group and ERT&lt;/span&gt;&lt;/strong&gt;&lt;/p&gt;&#xD;&#xA;&lt;p&gt;The KDIGO Co-Chairs appointed the Work Group Co- Chairs, who then assembled the Work Group of domain experts, including individuals with expertise in internal medicine, adult and pediatric nephrology, cardiology, hypertension, pharmacology, epidemiology, and endocrinology. The Tufts Center for Kidney Disease Guideline Development and Implementation at Tufts Medical Center in Boston, Massachusetts, USA, was contracted to conduct systematic evidence review and provide expertise in guideline development methodology. The ERT consisted of physicians&amp;ndash;methodologists with expertise in nephrology and evidence based clinical practice guideline development, a project coordinator, a research assistant, and a project manager/medical writer.&lt;/p&gt;&#xD;&#xA;&lt;p&gt;&lt;strong&gt;&lt;span style=&quot;text-decoration: underline;&quot;&gt;Defining Scope and Topics&lt;/span&gt;&lt;/strong&gt;&lt;/p&gt;&#xD;&#xA;&lt;p&gt;The Work Group Co-Chairs and the ERT defined the overall scope and goals of the guideline (including a list of critical and important outcomes) and then drafted a preliminary list of topics and key clinical questions. They also reviewed the topics in the Kidney Disease Outcomes Quality Initiative (KDOQI) guideline, which the ERT also had helped to develop. The Work Group and ERT further developed and refined each topic and specified screening criteria, literature search strategies, and data extraction forms (see Table 6 in the original guideline document).&lt;/p&gt;&#xD;&#xA;&lt;p&gt;&lt;strong&gt;&lt;span style=&quot;text-decoration: underline;&quot;&gt;Establishing the Process for Guideline Development&lt;/span&gt;&lt;/strong&gt;&lt;/p&gt;&#xD;&#xA;&lt;p&gt;The ERT performed systematic literature searches and organized abstract and article screening. The ERT also coordinated the methodological and analytical processes, and defined and standardized the methodology for performing literature searches, data extraction, and summarizing the evidence. The Work Group took the primary role of writing the recommendation statements and rationales and retained final responsibility for their content. The Work Group Co-Chairs and the ERT prepared the first draft of the scope of work document as a series of open-ended questions to be considered by Work Group members.&lt;/p&gt;&#xD;&#xA;&lt;p&gt;&lt;strong&gt;&lt;span style=&quot;text-decoration: underline;&quot;&gt;Formulating Questions of Interest&lt;/span&gt;&lt;/strong&gt;&lt;/p&gt;&#xD;&#xA;&lt;p&gt;Questions of interest were formulated according to the PICODD (Population, Intervention, Comparator, Outcome, study Design and Duration of follow-up) criteria. Details of the PICODD criteria are presented in Table 6 in the original guideline document.&lt;/p&gt;&#xD;&#xA;&lt;p&gt;&lt;strong&gt;&lt;span style=&quot;text-decoration: underline;&quot;&gt;Ranking of Outcomes&lt;/span&gt;&lt;/strong&gt;&lt;/p&gt;&#xD;&#xA;&lt;p&gt;The Work Group ranked outcomes of interest on the basis of their importance for informing clinical decision making (see Table 7 in the original guideline document). Mortality, cardiovascular mortality, cardiovascular or cerebrovascular events, end-stage renal disease (ESRD), and graft failure were considered to be of critical importance; doubling of serum creatinine (SCr) and halving of glomerular filtration rate (GFR), high importance; and change in total cholesterol (TC), low-density lipoprotein cholesterol (LDL-C), or high-density lipoprotein cholesterol (HDL-C) or triglyceride (TG), moderate importance. The importance of adverse events was considered to depend on the event severity.&lt;/p&gt;&#xD;&#xA;&lt;p&gt;&lt;strong&gt;&lt;span style=&quot;text-decoration: underline;&quot;&gt;Grading the Quality of Evidence and the Strength of a Guideline Recommendation&lt;/span&gt;&lt;/strong&gt;&lt;/p&gt;&#xD;&#xA;&lt;p&gt;A structured approach, based on Grading of Recommendations Assessment, Development, and Evaluation (GRADE) and facilitated by the use of evidence profiles, was used to grade the quality of the overall evidence and the strength of recommendations. For each topic, the discussion on grading of the quality of the evidence was led by the ERT, and the discussion regarding the strength of the recommendations was led by the Work Group Co-Chairs. The &quot;strength of a recommendation&quot; indicates the extent to which one can be confident that adherence to the recommendation will do more good than harm.&lt;/p&gt;&#xD;&#xA;&lt;p&gt;&lt;strong&gt;Developing the Recommendations&lt;/strong&gt;&lt;/p&gt;&#xD;&#xA;&lt;p&gt;Draft recommendation statements were developed by the Work Group Co-Chairs and Work Group members with input from all Work Group members. The health benefits, side effects, and risks associated with each recommendation were considered when formulating the guideline, as well as information on patient preferences when available. Recommendation statements were revised in a multi-step process during teleconferences and a face-to-face meeting, as well as in subsequent drafts by email. All Work Group members provided feedback on initial and final drafts of the recommendation. The final draft was sent for internal and external peer review, and was further revised by the Work Group Co-Chairs and members. All Work Group members approved the final version of the guideline.&lt;/p&gt;&#xD;&#xA;&lt;p&gt;&lt;strong&gt;Grading the Strength of the Recommendations&lt;/strong&gt;&lt;/p&gt;&#xD;&#xA;&lt;p&gt;The strength of a recommendation is graded as level 1 or level 2. Table 14 in the original guideline document shows the KDIGO nomenclature for grading the strength of a recommendation and the implications of each level for patients, clinicians, and policy-makers. Recommendations can be for or against doing something. Each recommendation includes an explicit link between the quality of the available evidence and the strength of that recommendation. However, Table 15 in the original guideline document shows that the strength of a recommendation is determined not only by the quality of the evidence but also by other, often complex judgments regarding the size of the net medical benefit (potential risks versus benefit), values, and preferences, and costs. Formal decision analyses including cost analysis were not conducted.&lt;/p&gt;&#xD;&#xA;&lt;p&gt;See the original guideline document for information about ungraded statements and the format for guideline recommendations.&lt;/p&gt;&lt;/div&gt;" /></Field><Field FieldID="146" OrdBy="450" ID="415" Name="Rating Scheme for the Strength of the Recommendations" Type="text"><FieldValue Value="&lt;div class=&quot;content_para&quot;&gt;&lt;p&gt;&lt;strong&gt;Strength of Recommendation&lt;/strong&gt;&lt;/p&gt;&#xD;&#xA;&lt;table border=&quot;1&quot; cellspacing=&quot;1&quot; cellpadding=&quot;3&quot; summary=&quot;Table: Strength of Recommendation&quot;&gt;&#xD;&#xA;    &lt;thead&gt;&#xD;&#xA;        &lt;tr&gt;&#xD;&#xA;            &lt;th valign=&quot;top&quot; rowspan=&quot;2&quot;&gt;Grade*&lt;/th&gt;&#xD;&#xA;            &lt;th class=&quot;Center&quot; valign=&quot;top&quot; colspan=&quot;3&quot;&gt;Implications&lt;/th&gt;&#xD;&#xA;        &lt;/tr&gt;&#xD;&#xA;        &lt;tr&gt;&#xD;&#xA;            &lt;th class=&quot;Center&quot; valign=&quot;top&quot;&gt;Patients&lt;/th&gt;&#xD;&#xA;            &lt;th class=&quot;Center&quot; valign=&quot;top&quot;&gt;Clinicians&lt;/th&gt;&#xD;&#xA;            &lt;th class=&quot;Center&quot; valign=&quot;top&quot;&gt;Policy-makers&lt;/th&gt;&#xD;&#xA;        &lt;/tr&gt;&#xD;&#xA;    &lt;/thead&gt;&#xD;&#xA;    &lt;tbody&gt;&#xD;&#xA;        &lt;tr&gt;&#xD;&#xA;            &lt;td valign=&quot;top&quot;&gt;&lt;strong&gt;Level 1&lt;/strong&gt;&lt;br /&gt;&#xD;&#xA;            &quot;The Work Group recommends&quot;&lt;/td&gt;&#xD;&#xA;            &lt;td valign=&quot;top&quot;&gt;Most people in your situation would want the recommended course of action and only a small proportion would not.&lt;/td&gt;&#xD;&#xA;            &lt;td valign=&quot;top&quot;&gt;Most patients should receive the recommended course of action.&lt;/td&gt;&#xD;&#xA;            &lt;td valign=&quot;top&quot;&gt;The recommendation can be evaluated as a candidate for developing a policy or a performance measure.&lt;/td&gt;&#xD;&#xA;        &lt;/tr&gt;&#xD;&#xA;        &lt;tr&gt;&#xD;&#xA;            &lt;td valign=&quot;top&quot;&gt;&lt;strong&gt;Level 2&lt;/strong&gt;&lt;br /&gt;&#xD;&#xA;            &quot;The Work Group suggests&quot;&lt;/td&gt;&#xD;&#xA;            &lt;td valign=&quot;top&quot;&gt;The majority of people in your situation would want the recommended course of action, but many would not.&lt;/td&gt;&#xD;&#xA;            &lt;td valign=&quot;top&quot;&gt;Different choices will be appropriate for different patients. Each patient needs help to arrive at a management decision consistent with her or his values and preferences.&lt;/td&gt;&#xD;&#xA;            &lt;td valign=&quot;top&quot;&gt;The recommendation is likely to require substantial debate and involvement of stakeholders before policy can be determined.&lt;/td&gt;&#xD;&#xA;        &lt;/tr&gt;&#xD;&#xA;    &lt;/tbody&gt;&#xD;&#xA;&lt;/table&gt;&#xD;&#xA;&lt;p class=&quot;Note&quot;&gt;*The additional category &quot;Not Graded&quot; was used, typically, to provide guidance based on common sense or where the topic does not allow adequate application of evidence. The most common examples include recommendations regarding monitoring intervals, counseling, and referral to other clinical specialists. The ungraded recommendations are generally written as simple declarative statements, but are not meant to be interpreted as being stronger recommendations than Level 1 or 2 recommendations.&lt;/p&gt;&lt;/div&gt;" /></Field><Field FieldID="148" OrdBy="460" ID="417" Name="Cost Analysis" Type="text"><FieldValue Value="&lt;div class=&quot;content_para&quot;&gt;&lt;p&gt;A formal cost analysis was not performed and published cost analyses were not reviewed.&lt;/p&gt;&lt;/div&gt;" /></Field><Field FieldID="104" OrdBy="465" ID="418" Name="Method of Guideline Validation" Type="picklist-choice"><FieldValue Value="External Peer Review" /><FieldValue Value="Internal Peer Review" /></Field><Field FieldID="130" OrdBy="470" ID="419" Name="Description of Method of Guideline Validation" Type="text"><FieldValue Value="&lt;div class=&quot;content_para&quot;&gt;&lt;p&gt;Guidelines underwent internal review by the Kidney Disease: Improving Global Outcomes (KDIGO) Board in August 2012 and external public review in November 2012. Public review comments were compiled and fed back to the Work Group, which considered comments in its revision of the guideline.&lt;/p&gt;&lt;/div&gt;" /></Field></Section><Section SecID="420" OrdBy="500" Name="Recommendations"><Field FieldID="151" OrdBy="505" ID="421" Name="Major Recommendations" Type="text"><FieldValue Value="&lt;div class=&quot;content_para&quot;&gt;&lt;p&gt;Definitions of the strength of recommendation (&lt;strong&gt;Level 1, Level 2, or Not Graded&lt;/strong&gt;), and the quality of the supporting evidence (&lt;strong&gt;A-D&lt;/strong&gt;) are provided at the end of the 'Major Recommendations' field.&lt;/p&gt;&#xD;&#xA;&lt;p&gt;&lt;strong&gt;Assessment of Lipid Status in Adults with Chronic Kidney Disease (CKD)&lt;/strong&gt;&lt;/p&gt;&#xD;&#xA;&lt;ul style=&quot;list-style-type: disc;&quot;&gt;&#xD;&#xA;    &lt;li&gt;In adults with newly identified CKD (including those treated with chronic dialysis or kidney transplantation), the Work Group recommends evaluation with a lipid profile (total cholesterol, low-density lipoprotein [LDL] cholesterol, high-density lipoprotein [HDL] cholesterol, triglycerides). (&lt;strong&gt;1C&lt;/strong&gt;) &lt;/li&gt;&#xD;&#xA;    &lt;li&gt;In adults with CKD (including those treated with chronic dialysis or kidney transplantation), follow-up measurement of lipid levels is not required for the majority of patients. (&lt;strong&gt;Not Graded&lt;/strong&gt;) &lt;/li&gt;&#xD;&#xA;&lt;/ul&gt;&#xD;&#xA;&lt;p&gt;&lt;strong&gt;Pharmacological Cholesterol-lowering Treatment in Adults&lt;/strong&gt;&lt;/p&gt;&#xD;&#xA;&lt;ul style=&quot;list-style-type: disc;&quot;&gt;&#xD;&#xA;    &lt;li&gt;In adults aged &amp;ge;50 years with estimated glomerular filtration rate (eGFR) &amp;lt;60 ml/min/1.73 m&lt;sup&gt;2&lt;/sup&gt; but not treated with chronic dialysis or kidney transplantation (GFR categories G3a-G5), the Work Group recommends treatment with a statin or statin/ezetimibe combination. (&lt;strong&gt;1A&lt;/strong&gt;) &lt;/li&gt;&#xD;&#xA;    &lt;li&gt;In adults aged &amp;ge;50 years with CKD and eGFR &amp;ge;60 ml/min/1.73m&lt;sup&gt;2&lt;/sup&gt; (GFR categories G1-G2) the Work Group recommends treatment with a statin. (&lt;strong&gt;1B&lt;/strong&gt;) &lt;/li&gt;&#xD;&#xA;    &lt;li&gt;In adults aged 18&amp;ndash;49 years with CKD but not treated with chronic dialysis or kidney transplantation, the Work Group suggests statin treatment in people with one or more of the following (&lt;strong&gt;2A&lt;/strong&gt;):&#xD;&#xA;    &lt;ul style=&quot;list-style-type: disc;&quot;&gt;&#xD;&#xA;        &lt;li&gt;Known coronary disease (myocardial infarction or coronary revascularization) &lt;/li&gt;&#xD;&#xA;        &lt;li&gt;Diabetes mellitus &lt;/li&gt;&#xD;&#xA;        &lt;li&gt;Prior ischemic stroke &lt;/li&gt;&#xD;&#xA;        &lt;li&gt;Estimated 10-year incidence of coronary death or non-fatal myocardial infarction &amp;gt;10% &lt;/li&gt;&#xD;&#xA;    &lt;/ul&gt;&#xD;&#xA;    &lt;/li&gt;&#xD;&#xA;    &lt;li&gt;In adults with dialysis-dependent CKD, the Work Group suggests that statins or statin/ezetimibe combination not be initiated. (&lt;strong&gt;2A&lt;/strong&gt;) &lt;/li&gt;&#xD;&#xA;    &lt;li&gt;In patients already receiving statins or statin/ezetimibe combination at the time of dialysis initiation, the Work Group suggests that these agents be continued. (&lt;strong&gt;2C&lt;/strong&gt;) &lt;/li&gt;&#xD;&#xA;    &lt;li&gt;In adult kidney transplant recipients, the Work Group suggests treatment with a statin. (&lt;strong&gt;2B&lt;/strong&gt;) &lt;/li&gt;&#xD;&#xA;&lt;/ul&gt;&#xD;&#xA;&lt;p&gt;&lt;strong&gt;Assessment of Lipid Status in Children with CKD&lt;/strong&gt;&lt;/p&gt;&#xD;&#xA;&lt;ul style=&quot;list-style-type: disc;&quot;&gt;&#xD;&#xA;    &lt;li&gt;In children with newly identified CKD (including those treated with chronic dialysis or kidney transplantation), the Work Group recommends evaluation with a lipid profile (total cholesterol, LDL cholesterol, HDL cholesterol, triglycerides). (&lt;strong&gt;1C&lt;/strong&gt;) &lt;/li&gt;&#xD;&#xA;    &lt;li&gt;In children with CKD (including those treated with chronic dialysis or kidney transplantation), the Work Group suggests annual follow-up measurement of fasting lipid levels. (&lt;strong&gt;Not Graded&lt;/strong&gt;) &lt;/li&gt;&#xD;&#xA;&lt;/ul&gt;&#xD;&#xA;&lt;p&gt;&lt;strong&gt;Pharmacological Cholesterol-lowering Treatment in Children&lt;/strong&gt;&lt;/p&gt;&#xD;&#xA;&lt;p&gt;In children less than 18 years of age with CKD (including those treated with chronic dialysis or kidney transplantation), the Work Group suggests that statins or statin/ezetimibe combination not be initiated. (&lt;strong&gt;2C&lt;/strong&gt;)&lt;/p&gt;&#xD;&#xA;&lt;p&gt;&lt;strong&gt;Triglyceride-lowering Treatment in Adults&lt;/strong&gt;&lt;/p&gt;&#xD;&#xA;&lt;p&gt;In adults with CKD (including those treated with chronic dialysis or kidney transplantation) and hypertriglyceridemia, the Work Group suggests that therapeutic lifestyle changes be advised. (&lt;strong&gt;2D&lt;/strong&gt;)&lt;/p&gt;&#xD;&#xA;&lt;p&gt;&lt;strong&gt;Triglyceride-lowering Treatment in Children&lt;/strong&gt;&lt;/p&gt;&#xD;&#xA;&lt;p&gt;In children with CKD (including those treated with chronic dialysis or kidney transplantation) and hypertriglyceridemia, the Work Group suggests that therapeutic lifestyle changes be advised. (&lt;strong&gt;2D&lt;/strong&gt;)&lt;/p&gt;&#xD;&#xA;&lt;p&gt;&lt;strong&gt;&lt;span style=&quot;text-decoration: underline;&quot;&gt;Definitions&lt;/span&gt;&lt;/strong&gt;:&lt;/p&gt;&#xD;&#xA;&lt;p&gt;&lt;strong&gt;Strength of Recommendation&lt;/strong&gt;&lt;/p&gt;&#xD;&#xA;&lt;table border=&quot;1&quot; cellspacing=&quot;1&quot; cellpadding=&quot;3&quot; summary=&quot;Table: Strength of Recommendation&quot;&gt;&#xD;&#xA;    &lt;thead&gt;&#xD;&#xA;        &lt;tr&gt;&#xD;&#xA;            &lt;th valign=&quot;top&quot; rowspan=&quot;2&quot;&gt;Grade*&lt;/th&gt;&#xD;&#xA;            &lt;th class=&quot;Center&quot; valign=&quot;top&quot; colspan=&quot;3&quot;&gt;Implications&lt;/th&gt;&#xD;&#xA;        &lt;/tr&gt;&#xD;&#xA;        &lt;tr&gt;&#xD;&#xA;            &lt;th class=&quot;Center&quot; valign=&quot;top&quot;&gt;Patients&lt;/th&gt;&#xD;&#xA;            &lt;th class=&quot;Center&quot; valign=&quot;top&quot;&gt;Clinicians&lt;/th&gt;&#xD;&#xA;            &lt;th class=&quot;Center&quot; valign=&quot;top&quot;&gt;Policy-makers&lt;/th&gt;&#xD;&#xA;        &lt;/tr&gt;&#xD;&#xA;    &lt;/thead&gt;&#xD;&#xA;    &lt;tbody&gt;&#xD;&#xA;        &lt;tr&gt;&#xD;&#xA;            &lt;td valign=&quot;top&quot;&gt;&lt;strong&gt;Level 1&lt;/strong&gt;&lt;br /&gt;&#xD;&#xA;            &quot;The Work Group recommends&quot;&lt;/td&gt;&#xD;&#xA;            &lt;td valign=&quot;top&quot;&gt;Most people in your situation would want the recommended course of action and only a small proportion would not.&lt;/td&gt;&#xD;&#xA;            &lt;td valign=&quot;top&quot;&gt;Most patients should receive the recommended course of action.&lt;/td&gt;&#xD;&#xA;            &lt;td valign=&quot;top&quot;&gt;The recommendation can be evaluated as a candidate for developing a policy or a performance measure.&lt;/td&gt;&#xD;&#xA;        &lt;/tr&gt;&#xD;&#xA;        &lt;tr&gt;&#xD;&#xA;            &lt;td valign=&quot;top&quot;&gt;&lt;strong&gt;Level 2&lt;/strong&gt;&lt;br /&gt;&#xD;&#xA;            &quot;The Work Group suggests&quot;&lt;/td&gt;&#xD;&#xA;            &lt;td valign=&quot;top&quot;&gt;The majority of people in your situation would want the recommended course of action, but many would not.&lt;/td&gt;&#xD;&#xA;            &lt;td valign=&quot;top&quot;&gt;Different choices will be appropriate for different patients. Each patient needs help to arrive at a management decision consistent with her or his values and preferences.&lt;/td&gt;&#xD;&#xA;            &lt;td valign=&quot;top&quot;&gt;The recommendation is likely to require substantial debate and involvement of stakeholders before policy can be determined.&lt;/td&gt;&#xD;&#xA;        &lt;/tr&gt;&#xD;&#xA;    &lt;/tbody&gt;&#xD;&#xA;&lt;/table&gt;&#xD;&#xA;&lt;p class=&quot;Note&quot;&gt;*The additional category &quot;Not Graded&quot; was used, typically, to provide guidance based on common sense or where the topic does not allow adequate application of evidence. The most common examples include recommendations regarding monitoring intervals, counseling, and referral to other clinical specialists. The ungraded recommendations are generally written as simple declarative statements, but are not meant to be interpreted as being stronger recommendations than Level 1 or 2 recommendations.&lt;/p&gt;&#xD;&#xA;&lt;p&gt;&lt;strong&gt;Final Grade for Overall Quality of Evidence&lt;/strong&gt;&lt;/p&gt;&#xD;&#xA;&lt;table border=&quot;1&quot; cellspacing=&quot;1&quot; cellpadding=&quot;3&quot; summary=&quot;Table: Final Grade for Overall Quality of Evidence&quot;&gt;&#xD;&#xA;    &lt;thead&gt;&#xD;&#xA;        &lt;tr&gt;&#xD;&#xA;            &lt;th class=&quot;Center&quot; valign=&quot;top&quot;&gt;Grade&lt;/th&gt;&#xD;&#xA;            &lt;th class=&quot;Center&quot; valign=&quot;top&quot;&gt;Quality of Evidence&lt;/th&gt;&#xD;&#xA;            &lt;th class=&quot;Center&quot; valign=&quot;top&quot;&gt;Meaning&lt;/th&gt;&#xD;&#xA;        &lt;/tr&gt;&#xD;&#xA;    &lt;/thead&gt;&#xD;&#xA;    &lt;tbody&gt;&#xD;&#xA;        &lt;tr&gt;&#xD;&#xA;            &lt;td class=&quot;Center&quot; valign=&quot;top&quot;&gt;A&lt;/td&gt;&#xD;&#xA;            &lt;td class=&quot;Center&quot; valign=&quot;top&quot;&gt;High&lt;/td&gt;&#xD;&#xA;            &lt;td valign=&quot;top&quot;&gt;The Work Group is confident that the true effect lies close to that of the estimate of the effect.&lt;/td&gt;&#xD;&#xA;        &lt;/tr&gt;&#xD;&#xA;        &lt;tr&gt;&#xD;&#xA;            &lt;td class=&quot;Center&quot; valign=&quot;top&quot;&gt;B&lt;/td&gt;&#xD;&#xA;            &lt;td class=&quot;Center&quot; valign=&quot;top&quot;&gt;Moderate&lt;/td&gt;&#xD;&#xA;            &lt;td valign=&quot;top&quot;&gt;The true effect is likely to be close to the estimate of the effect, but there is a possibility that it is substantially different.&lt;/td&gt;&#xD;&#xA;        &lt;/tr&gt;&#xD;&#xA;        &lt;tr&gt;&#xD;&#xA;            &lt;td class=&quot;Center&quot; valign=&quot;top&quot;&gt;C&lt;/td&gt;&#xD;&#xA;            &lt;td class=&quot;Center&quot; valign=&quot;top&quot;&gt;Low&lt;/td&gt;&#xD;&#xA;            &lt;td valign=&quot;top&quot;&gt;The true effect may be substantially different from the estimate of the effect.&lt;/td&gt;&#xD;&#xA;        &lt;/tr&gt;&#xD;&#xA;        &lt;tr&gt;&#xD;&#xA;            &lt;td class=&quot;Center&quot; valign=&quot;top&quot;&gt;D&lt;/td&gt;&#xD;&#xA;            &lt;td class=&quot;Center&quot; valign=&quot;top&quot;&gt;Very Low&lt;/td&gt;&#xD;&#xA;            &lt;td valign=&quot;top&quot;&gt;The estimate of effect is very uncertain, and often will be far from the truth.&lt;/td&gt;&#xD;&#xA;        &lt;/tr&gt;&#xD;&#xA;    &lt;/tbody&gt;&#xD;&#xA;&lt;/table&gt;&lt;/div&gt;" /></Field><Field FieldID="138" OrdBy="515" ID="423" Name="Clinical Algorithm(s)" Type="text"><FieldValue Value="&lt;div class=&quot;content_para&quot;&gt;&lt;p&gt;None provided&lt;/p&gt;&lt;/div&gt;" /></Field></Section><Section SecID="424" OrdBy="600" Name="Evidence Supporting the Recommendations"><Field FieldID="139" OrdBy="610" ID="426" Name="Type of Evidence Supporting the Recommendations" Type="text"><FieldValue Value="&lt;div class=&quot;content_para&quot;&gt;&lt;p&gt;The type of supporting evidence is identified and graded for each recommendation (see the &quot;Major Recommendations&quot; field).&lt;/p&gt;&lt;/div&gt;" /></Field></Section><Section SecID="427" OrdBy="700" Name="Benefits/Harms of Implementing the Guideline Recommendations"><Field FieldID="152" OrdBy="705" ID="428" Name="Potential Benefits" Type="text"><FieldValue Value="&lt;div class=&quot;content_para&quot;&gt;&lt;p&gt;Appropriate lipid management in patients with chronic kidney disease (CKD)&lt;/p&gt;&lt;/div&gt;" /></Field><Field FieldID="153" OrdBy="710" ID="429" Name="Potential Harms" Type="text"><FieldValue Value="&lt;div class=&quot;content_para&quot;&gt;&lt;p&gt;The harms for each comparison of interventions are provided in summary tables and summarized in evidence profiles (see the &quot;Availability of Companion Documents&quot; field for supplementary materials).&lt;/p&gt;&lt;/div&gt;" /></Field></Section><Section SecID="430" OrdBy="800" Name="Contraindications"><Field FieldID="144" OrdBy="805" ID="431" Name="Contraindications" Type="text"><FieldValue Value="&lt;ul style=&quot;list-style-type: disc;&quot;&gt;&#xD;&#xA;    &lt;li&gt;Statins are contraindicated in pregnant or breast-feeding females; in people with active liver disease; and in people with transaminase levels that are three times or more the upper limit of normal. &lt;/li&gt;&#xD;&#xA;    &lt;li&gt;Patients with chronic kidney disease (CKD) appear to be at increased risk of adverse events when statins and fibrates are used in combination (see Supplemental Tables 21&amp;ndash;28 [see the &quot;Availability of Companion Documents&quot; field]). For this reason, the Work Group recommends that fibrates not be used concomitantly with statins in patients with CKD. &lt;/li&gt;&#xD;&#xA;&lt;/ul&gt;" /></Field></Section><Section SecID="432" OrdBy="900" Name="Qualifying Statements"><Field FieldID="137" OrdBy="905" ID="433" Name="Qualifying Statements" Type="text"><FieldValue Value="&lt;div class=&quot;content_para&quot;&gt;&lt;p&gt;&lt;strong&gt;Use of the Clinical Practice Guideline&lt;/strong&gt;&lt;/p&gt;&#xD;&#xA;&lt;p&gt;This Clinical Practice Guideline document is based upon systematic literature searches last conducted in August 2011, supplemented with additional evidence through June 2013. It is designed to provide information and assist decision making. It is not intended to define a standard of care, and should not be construed as one, nor should it be interpreted as prescribing an exclusive course of management. Variations in practice will inevitably and appropriately occur when clinicians take into account the needs of individual patients, available resources, and limitations unique to an institution or type of practice. Every health-care professional making use of these recommendations is responsible for evaluating the appropriateness of applying them in any particular clinical situation. The recommendations for research contained within this document are general and do not imply a specific protocol.&lt;/p&gt;&#xD;&#xA;&lt;p&gt;&lt;strong&gt;Limitations of Approach&lt;/strong&gt;&lt;/p&gt;&#xD;&#xA;&lt;p&gt;Although the literature searches were intended to be comprehensive, they were not exhaustive. MEDLINE was the only database searched. Hand searches of journals were not performed, and review articles and textbook chapters were not systematically searched. However, any important studies known to domain experts that were missed by the electronic literature searches were added to retrieved articles and reviewed by the Work Group.&lt;/p&gt;&lt;/div&gt;" /></Field></Section><Section SecID="434" OrdBy="1000" Name="Implementation of the Guideline"><Field FieldID="131" OrdBy="1010" ID="436" Name="Description of Implementation Strategy" Type="text"><FieldValue Value="&lt;div class=&quot;content_para&quot;&gt;&lt;p&gt;An implementation strategy was not provided.&lt;/p&gt;&lt;/div&gt;" /></Field><Field FieldID="117" OrdBy="1015" ID="437" Name="Implementation Tools" Type="picklist-many"><FieldValue Value="Audit Criteria/Indicators" /><FieldValue Value="Foreign Language Translations" /></Field></Section><Section SecID="439" OrdBy="1100" Name="Institute of Medicine (IOM) National Healthcare Quality Report Categories"><Field FieldID="50" OrdBy="1105" ID="440" Name="IOM Care Need" Type="picklist-many"><FieldValue Value="Living with Illness" /><FieldValue Value="Staying Healthy" /></Field><Field FieldID="51" OrdBy="1110" ID="441" Name="IOM Domain" Type="picklist-many"><FieldValue Value="Effectiveness" /><FieldValue Value="Patient-centeredness" /></Field></Section><Section SecID="442" OrdBy="1200" Name="Identifying Information and Availability"><Field FieldID="97" OrdBy="1201" ID="392" Name="Bibliographic Source(s)" Type="citation"><FieldValue Value="&lt;table&gt;&lt;tr&gt;&lt;td&gt;KDIGO clinical practice guideline for lipid management in chronic kidney disease. Kidney Int Suppl. 2013 Nov;3(3):259-305. [114 references]&lt;/td&gt;&lt;/tr&gt;&lt;/table&gt;" /></Field><Field FieldID="124" OrdBy="1205" ID="443" Name="Adaptation" Type="text"><FieldValue Value="&lt;div class=&quot;content_para&quot;&gt;&lt;p&gt;Not applicable: The guideline was not adapted from another source.&lt;/p&gt;&lt;/div&gt;" /></Field><Field FieldID="128" OrdBy="1215" ID="445" Name="Date Released" Type="text"><FieldValue Value="2013 Nov" /></Field><Field FieldID="158" OrdBy="1225" ID="447" Name="Guideline Developer(s)" Type="orglist-p"><FieldValue Value="Kidney Disease: Improving Global Outcomes - Nonprofit Organization" /></Field><Field FieldID="125" OrdBy="1235" ID="449" Name="Source(s) of Funding" Type="text"><FieldValue Value="&lt;div class=&quot;content_para&quot;&gt;&lt;p&gt;Kidney Disease: Improving Global Outcomes (KDIGO) gratefully acknowledges the founding sponsor, National Kidney Foundation, and the following consortium of sponsors that make our initiatives possible: Abbott, Amgen, Bayer Schering Pharma, Belo Foundation, Bristol-Myers Squibb, Chugai Pharmaceutical, Coca-Cola Company, Dole Food Company, Fresenius Medical Care, Genzyme, Hoffmann-LaRoche, International Society of Nephrology, JC Penney, Kyowa Hakko Kirin, NATCO&amp;mdash;The Organization for Transplant Professionals, National Kidney Foundation (NKF)-Board of Directors, Novartis, Pharmacosmos, PUMC Pharmaceutical, Robert and Jane Cizik Foundation, Shire, Takeda Pharmaceutical, Transwestern Commercial Services, Vifor Pharma, and Wyeth.&lt;/p&gt;&#xD;&#xA;&lt;p&gt;Sponsorship Statement: KDIGO is supported by a consortium of sponsors and no funding is accepted for the development of specific guidelines.&lt;/p&gt;&lt;/div&gt;" /></Field><Field FieldID="126" OrdBy="1240" ID="450" Name="Guideline Committee" Type="text"><FieldValue Value="&lt;div class=&quot;content_para&quot;&gt;&lt;p&gt;Kidney Disease: Improving Global Outcomes (KDIGO) Lipid Management Work Group&lt;/p&gt;&lt;/div&gt;" /></Field><Field FieldID="127" OrdBy="1245" ID="451" Name="Composition of Group That Authored the Guideline" Type="text"><FieldValue Value="&lt;div class=&quot;content_para&quot;&gt;&lt;p&gt;&lt;em&gt;Work Group Co-Chairs&lt;/em&gt;: Marcello A Tonelli, MD, SM, FRCPC, University of Alberta, Edmonton, Canada; Christoph Wanner, MD, University of W&amp;uuml;rzburg, W&amp;uuml;rzburg, Germany&lt;/p&gt;&#xD;&#xA;&lt;p&gt;&lt;em&gt;Work Group Members&lt;/em&gt;: Alan Cass, MBBS, FRACP, PhD, Menzies School of Health Research, Darwin, Australia; Florian Kronenberg, MD, Innsbruck Medical University, Innsbruck, Austria; Amit X Garg, MD, FRCPC, FACP, PhD, London Health Sciences Centre, London, Canada; Rulan S Parekh, MD, MS, FRCPC, FASN, Hospital for Sick Children, Toronto, Canada; Hallvard Holdaas, MD, PhD, Hospital Rikshospitalet, Oslo, Norway; Tetsuo Shoji, MD, PhD, Osaka City University, Osaka, Japan; Alan G Jardine, MBChB, MD, FRCP, BHF Cardiovascular Research Centre, Glasgow, United Kingdom; Robert J Walker, MBChB, MD (Otago), FRACP, FASN, FAHA, University of Otago, Dunedin, New Zealand; Lixin Jiang, MD, PhD, Chinese Academy of Medical Sciences and Peking Union Medical College, Beijing, China&lt;/p&gt;&#xD;&#xA;&lt;p&gt;&lt;em&gt;Evidence Review Team&lt;/em&gt;: Tufts Center for Kidney Disease Guideline Development and Implementation, Tufts Medical Center, Boston, MA, USA: Ashish Upadhyay, MD, Project Director; Ethan M Balk, MD, MPH, Program Director, Evidence Based Medicine; Amy Earley, BS, Project Coordinator; Shana Haynes, MS, DHSc, Research Assistant; Jenny Lamont, MS, Project Manager&lt;/p&gt;&lt;/div&gt;" /></Field><Field FieldID="147" OrdBy="1250" ID="452" Name="Financial Disclosures/Conflicts of Interest" Type="text"><FieldValue Value="&lt;div class=&quot;content_para&quot;&gt;&lt;p&gt;Kidney Disease: Improving Global Outcomes (KDIGO) makes every effort to avoid any actual or reasonably perceived conflicts of interest that may arise as a result of an outside relationship or a personal, professional, or business interest of a member of the Work Group. All members of the Work Group are required to complete, sign, and submit a disclosure and attestation form showing all such relationships that might be perceived as or are actual conflicts of interest. This document is updated annually and information is adjusted accordingly. All reported information is published in its entirely at the end of this document in the Work Group members' Biographic and Disclosure Section, and is kept on file at KDIGO.&lt;/p&gt;&lt;/div&gt;" /></Field><Field FieldID="120" OrdBy="1256" ID="393" Name="Guideline Status" Type="text"><FieldValue Value="&lt;div class=&quot;content_para&quot;&gt;&lt;p&gt;This is the current release of the guideline.&lt;/p&gt;&#xD;&#xA;&lt;p&gt;This guideline meets NGC's 2013 (revised) inclusion criteria.&lt;/p&gt;&lt;/div&gt;" /></Field><Field FieldID="118" OrdBy="1260" ID="454" Name="Guideline Availability" Type="text"><FieldValue Value="&lt;div class=&quot;content_para&quot;&gt;&lt;p&gt;Electronic copies: Available from the &lt;a href=&quot;http://kdigo.org/home/guidelines/lipids/&quot; title=&quot;Kidney Disease: Improving Global Outcomes Web site&quot;&gt;Kidney Disease: Improving Global Outcomes Web site&lt;/a&gt;.&lt;/p&gt;&lt;/div&gt;" /></Field><Field FieldID="119" OrdBy="1265" ID="455" Name="Availability of Companion Documents" Type="text"><FieldValue Value="&lt;div class=&quot;content_para&quot;&gt;&lt;p&gt;The following are available:&lt;/p&gt;&#xD;&#xA;&lt;ul style=&quot;list-style-type: disc;&quot;&gt;&#xD;&#xA;    &lt;li&gt;KDIGO clinical practice guideline for lipid management in chronic kidney disease. Appendices 1 &amp;amp; 2. Brussels (Belgium): Kidney Disease: Improving Global Outcomes; 2013 Nov. 8 p. Electronic copies: Available in Portable Document Format (PDF) from the &lt;a href=&quot;http://www.kdigo.org/clinical_practice_guidelines/Lipids/KDIGO%20Lipid%20GL%20Appendices%201%20&amp;amp;%202.pdf&quot; title=&quot;Kidney Disease: Improving Global Outcomes (KDIGO) Web site&quot;&gt;Kidney Disease: Improving Global Outcomes (KDIGO) Web site&lt;/a&gt;. &lt;/li&gt;&#xD;&#xA;    &lt;li&gt;KDIGO clinical practice guideline for lipid management in chronic kidney disease. Supplemental tables. Brussels (Belgium): Kidney Disease: Improving Global Outcomes; 2013 Nov. 83 p. Electronic copies: Available in PDF from the &lt;a href=&quot;http://www.kdigo.org/clinical_practice_guidelines/Lipids/KDIGO%20Lipid%20GL%20Suppl%20Tables%20Nov%202013.pdf&quot; title=&quot;Kidney Disease: Improving Global Outcomes (KDIGO) Web site&quot;&gt;KDIGO Web site&lt;/a&gt;. &lt;/li&gt;&#xD;&#xA;    &lt;li&gt;Methods for development of KDIGO clinical practice guidelines. Electronic copies: Available from the &lt;a href=&quot;http://kdigo.org/home/guidelines/development/&quot; title=&quot;Kidney Disease: Improving Global Outcomes (KDIGO) Web site&quot;&gt;KDIGO Web site&lt;/a&gt;. &lt;/li&gt;&#xD;&#xA;&lt;/ul&gt;&#xD;&#xA;&lt;p&gt;In addition, audit criteria are available in each chapter of the original guideline document. Translations of the guideline executive summary are available in Mandarin, German, and Russian from the &lt;a href=&quot;http://kdigo.org/home/guidelines/lipids/&quot; title=&quot;Kidney Disease: Improving Global Outcomes (KDIGO) Web site&quot;&gt;KDIGO Web site&lt;/a&gt;.&lt;/p&gt;&lt;/div&gt;" /></Field><Field FieldID="143" OrdBy="1275" ID="457" Name="Patient Resources" Type="text"><FieldValue Value="&lt;div class=&quot;content_para&quot;&gt;&lt;p&gt;None available&lt;/p&gt;&lt;/div&gt;" /></Field><Field FieldID="142" OrdBy="1280" ID="458" Name="NGC Status" Type="text"><FieldValue Value="&lt;div class=&quot;content_para&quot;&gt;&lt;p&gt;This NGC summary was completed by ECRI Institute on April 11, 2014.&lt;/p&gt;&lt;/div&gt;" /></Field><Field FieldID="141" OrdBy="1290" ID="460" Name="Copyright Statement" Type="text"><FieldValue Value="&lt;div class=&quot;content_para&quot;&gt;&lt;p&gt;Copyright &amp;copy; 2013 by KDIGO. All rights reserved.&lt;/p&gt;&#xD;&#xA;&lt;p&gt;Single photocopies may be made for personal use as allowed by national copyright laws. Special rates are available for educational institutions that wish to make photocopies for non-profit educational use. No part of this publication may be reproduced, amended, or transmitted in any form or by any means, electronic or mechanical, including photocopying, recording, or any information storage and retrieval system, without explicit permission in writing from KDIGO. Details on how to seek permission for reproduction or translation, and further information about KDIGO's permissions policies can be obtained by contacting Danielle Green, Managing Director, at &lt;a href=&quot;mailto:danielle.green@kdigo.org&quot;&gt;danielle.green@kdigo.org&lt;/a&gt;.&lt;/p&gt;&lt;/div&gt;" /></Field></Section><Section SecID="99999" OrdBy="99999" Name="Disclaimer"><Field FieldID="99999" OrdBy="99999" ID="99999" Name="NGC Disclaimer" Type="text"><FieldValue Value="&lt;p&gt;The National Guideline Clearinghouse™ (NGC) does not develop, produce, approve, or endorse the guidelines represented on this site.&lt;/p&gt; &#xD;&#xA;&lt;p&gt;All guidelines summarized by NGC and hosted on our site are produced under the auspices of medical specialty societies, relevant professional associations, public or private organizations, other government agencies, health care organizations or plans, and similar entities.&lt;/p&gt; &#xD;&#xA;&lt;p&gt;Guidelines represented on the NGC Web site are submitted by guideline developers, and are screened solely to determine that they meet the NGC Inclusion Criteria which may be found at &lt;a href=&quot;/about/inclusion-criteria.aspx&quot;&gt;http://www.guideline.gov/about/inclusion-criteria.aspx&lt;/a&gt;.&lt;/p&gt; &#xD;&#xA;&lt;p&gt;NGC, AHRQ, and its contractor ECRI Institute make no warranties concerning the content or clinical efficacy or effectiveness of the clinical practice guidelines and related materials represented on this site. Moreover, the views and opinions of developers or authors of guidelines represented on this site do not necessarily state or reflect those of NGC, AHRQ, or its contractor ECRI Institute, and inclusion or hosting of guidelines in NGC may not be used for advertising or commercial endorsement purposes.&lt;/p&gt; &#xD;&#xA;&lt;p&gt;Readers with questions regarding guideline content are directed to contact the guideline developer.&lt;/p&gt;" /></Field></Section></Version>
